institute,year,round,round_label,region,branch,category,sub_category,closing_rank,source_file
DTU,2025,R1,Round1,Delhi,Computer Science and Engineering,General,Gender-Neutral,6105,DTU_Round1_2025.pdf
DTU,2025,R1,Round1,Delhi,Computer Science and Engineering,General,Girl,7159,DTU_Round1_2025.pdf
DTU,2025,R1,Round1,Delhi,Computer Science and Engineering,EWS,Gender-Neutral,21103,DTU_Round1_2025.pdf
DTU,2025,R1,Round1,Delhi,Computer Science and Engineering,EWS,Girl,25153,DTU_Round1_2025.pdf
DTU,2025,R1,Round1,Delhi,Computer Science and Engineering,OBC,Gender-Neutral,42250,DTU_Round1_2025.pdf
DTU,2025,R1,Round1,Delhi,Computer Science and Engineering,OBC,Girl,49327,DTU_Round1_2025.pdf
DTU,2025,R1,Round1,Delhi,Computer Science and Engineering,SC,Gender-Neutral,80206,DTU_Round1_2025.pdf
DTU,2025,R1,Round1,Delhi,Computer Science and Engineering,SC,Girl,94614,DTU_Round1_2025.pdf
DTU,2025,R1,Round1,Delhi,Computer Science and Engineering,ST,Gender-Neutral,304203,DTU_Round1_2025.pdf
DTU,2025,R1,Round1,Delhi,Computer Science and Engineering,ST,Girl,326025,DTU_Round1_2025.pdf
DTU,2025,R1,Round1,Delhi,Computer Science and Engineering,General,Single-Girl,10557,DTU_Round1_2025.pdf
DTU,2025,R1,Round1,Delhi,Computer Science and Engineering,General,PwD,148004,DTU_Round1_2025.pdf
DTU,2025,R1,Round1,Delhi,Computer Science and Engineering,EWS,PwD,218410,DTU_Round1_2025.pdf
DTU,2025,R1,Round1,Delhi,Computer Science and Engineering,OBC,PwD,604683,DTU_Round1_2025.pdf
DTU,2025,R1,Round1,Delhi,Computer Science and Engineering,SC,PwD,814722,DTU_Round1_2025.pdf
DTU,2025,R1,Round1,Delhi,Computer Science and Engineering (Data Science & Analytics),General,Gender-Neutral,7283,DTU_Round1_2025.pdf
DTU,2025,R1,Round1,Delhi,Computer Science and Engineering (Data Science & Analytics),General,Girl,7382,DTU_Round1_2025.pdf
DTU,2025,R1,Round1,Delhi,Computer Science and Engineering (Data Science & Analytics),EWS,Gender-Neutral,26474,DTU_Round1_2025.pdf
DTU,2025,R1,Round1,Delhi,Computer Science and Engineering (Data Science & Analytics),OBC,Gender-Neutral,44425,DTU_Round1_2025.pdf
DTU,2025,R1,Round1,Delhi,Computer Science and Engineering (Data Science & Analytics),OBC,Girl,49393,DTU_Round1_2025.pdf
DTU,2025,R1,Round1,Delhi,Computer Science and Engineering (Data Science & Analytics),SC,Gender-Neutral,86297,DTU_Round1_2025.pdf
DTU,2025,R1,Round1,Delhi,Computer Science and Engineering (Data Science & Analytics),SC,Girl,94818,DTU_Round1_2025.pdf
DTU,2025,R1,Round1,Delhi,Computer Science and Engineering (Data Science & Analytics),ST,Gender-Neutral,304227,DTU_Round1_2025.pdf
DTU,2025,R1,Round1,Delhi,Computer Science and Engineering (Data Science & Analytics),General,Single-Girl,12885,DTU_Round1_2025.pdf
DTU,2025,R1,Round1,Delhi,Computer Science and Engineering (Data Science & Analytics),General,PwD,164213,DTU_Round1_2025.pdf
DTU,2025,R1,Round1,Delhi,Computer Science and Engineering (Data Science & Analytics),OBC,PwD,661822,DTU_Round1_2025.pdf
DTU,2025,R1,Round1,Delhi,Information Technology,General,Gender-Neutral,9456,DTU_Round1_2025.pdf
DTU,2025,R1,Round1,Delhi,Information Technology,General,Girl,10500,DTU_Round1_2025.pdf
DTU,2025,R1,Round1,Delhi,Information Technology,EWS,Gender-Neutral,30402,DTU_Round1_2025.pdf
DTU,2025,R1,Round1,Delhi,Information Technology,EWS,Girl,31247,DTU_Round1_2025.pdf
DTU,2025,R1,Round1,Delhi,Information Technology,OBC,Gender-Neutral,55360,DTU_Round1_2025.pdf
DTU,2025,R1,Round1,Delhi,Information Technology,OBC,Girl,57393,DTU_Round1_2025.pdf
DTU,2025,R1,Round1,Delhi,Information Technology,SC,Gender-Neutral,111573,DTU_Round1_2025.pdf
DTU,2025,R1,Round1,Delhi,Information Technology,ST,Gender-Neutral,375308,DTU_Round1_2025.pdf
DTU,2025,R1,Round1,Delhi,Information Technology,ST,Girl,428469,DTU_Round1_2025.pdf
DTU,2025,R1,Round1,Delhi,Information Technology,General,Single-Girl,17889,DTU_Round1_2025.pdf
DTU,2025,R1,Round1,Delhi,Information Technology,General,PwD,236246,DTU_Round1_2025.pdf
DTU,2025,R1,Round1,Delhi,Information Technology,EWS,PwD,293227,DTU_Round1_2025.pdf
DTU,2025,R1,Round1,Delhi,Information Technology,OBC,PwD,863726,DTU_Round1_2025.pdf
DTU,2025,R1,Round1,Delhi,Information Technology (Cyber Security),General,Gender-Neutral,12480,DTU_Round1_2025.pdf
DTU,2025,R1,Round1,Delhi,Information Technology (Cyber Security),General,Girl,13129,DTU_Round1_2025.pdf
DTU,2025,R1,Round1,Delhi,Information Technology (Cyber Security),EWS,Gender-Neutral,35287,DTU_Round1_2025.pdf
DTU,2025,R1,Round1,Delhi,Information Technology (Cyber Security),OBC,Gender-Neutral,63447,DTU_Round1_2025.pdf
DTU,2025,R1,Round1,Delhi,Information Technology (Cyber Security),OBC,Girl,83687,DTU_Round1_2025.pdf
DTU,2025,R1,Round1,Delhi,Information Technology (Cyber Security),SC,Gender-Neutral,132445,DTU_Round1_2025.pdf
DTU,2025,R1,Round1,Delhi,Information Technology (Cyber Security),SC,Girl,163361,DTU_Round1_2025.pdf
DTU,2025,R1,Round1,Delhi,Information Technology (Cyber Security),ST,Gender-Neutral,432099,DTU_Round1_2025.pdf
DTU,2025,R1,Round1,Delhi,Information Technology (Cyber Security),General,Single-Girl,22510,DTU_Round1_2025.pdf
DTU,2025,R1,Round1,Delhi,Information Technology (Cyber Security),General,PwD,226990,DTU_Round1_2025.pdf
DTU,2025,R1,Round1,Delhi,Information Technology (Cyber Security),OBC,PwD,968761,DTU_Round1_2025.pdf
DTU,2025,R1,Round1,Delhi,Software Engineering,General,Gender-Neutral,12475,DTU_Round1_2025.pdf
DTU,2025,R1,Round1,Delhi,Software Engineering,General,Girl,12833,DTU_Round1_2025.pdf
DTU,2025,R1,Round1,Delhi,Software Engineering,EWS,Gender-Neutral,38273,DTU_Round1_2025.pdf
DTU,2025,R1,Round1,Delhi,Software Engineering,EWS,Girl,38505,DTU_Round1_2025.pdf
DTU,2025,R1,Round1,Delhi,Software Engineering,OBC,Gender-Neutral,72918,DTU_Round1_2025.pdf
DTU,2025,R1,Round1,Delhi,Software Engineering,OBC,Girl,83605,DTU_Round1_2025.pdf
DTU,2025,R1,Round1,Delhi,Software Engineering,SC,Gender-Neutral,135139,DTU_Round1_2025.pdf
DTU,2025,R1,Round1,Delhi,Software Engineering,SC,Girl,148108,DTU_Round1_2025.pdf
DTU,2025,R1,Round1,Delhi,Software Engineering,ST,Gender-Neutral,470969,DTU_Round1_2025.pdf
DTU,2025,R1,Round1,Delhi,Software Engineering,ST,Girl,593537,DTU_Round1_2025.pdf
DTU,2025,R1,Round1,Delhi,Software Engineering,General,Single-Girl,22677,DTU_Round1_2025.pdf
DTU,2025,R1,Round1,Delhi,Software Engineering,General,PwD,252524,DTU_Round1_2025.pdf
DTU,2025,R1,Round1,Delhi,Software Engineering,EWS,PwD,345115,DTU_Round1_2025.pdf
DTU,2025,R1,Round1,Delhi,Mathematics and Computing,General,Gender-Neutral,13808,DTU_Round1_2025.pdf
DTU,2025,R1,Round1,Delhi,Mathematics and Computing,General,Girl,16073,DTU_Round1_2025.pdf
DTU,2025,R1,Round1,Delhi,Mathematics and Computing,EWS,Gender-Neutral,44289,DTU_Round1_2025.pdf
DTU,2025,R1,Round1,Delhi,Mathematics and Computing,EWS,Girl,45317,DTU_Round1_2025.pdf
DTU,2025,R1,Round1,Delhi,Mathematics and Computing,OBC,Gender-Neutral,86001,DTU_Round1_2025.pdf
DTU,2025,R1,Round1,Delhi,Mathematics and Computing,OBC,Girl,106011,DTU_Round1_2025.pdf
DTU,2025,R1,Round1,Delhi,Mathematics and Computing,SC,Gender-Neutral,172911,DTU_Round1_2025.pdf
DTU,2025,R1,Round1,Delhi,Mathematics and Computing,SC,Girl,173557,DTU_Round1_2025.pdf
DTU,2025,R1,Round1,Delhi,Mathematics and Computing,ST,Gender-Neutral,664373,DTU_Round1_2025.pdf
DTU,2025,R1,Round1,Delhi,Mathematics and Computing,ST,Girl,667981,DTU_Round1_2025.pdf
DTU,2025,R1,Round1,Delhi,Mathematics and Computing,General,Single-Girl,19129,DTU_Round1_2025.pdf
DTU,2025,R1,Round1,Delhi,Mathematics and Computing,General,PwD,303604,DTU_Round1_2025.pdf
DTU,2025,R1,Round1,Delhi,Mathematics and Computing,EWS,PwD,419962,DTU_Round1_2025.pdf
DTU,2025,R1,Round1,Delhi,Electronics and Communication Engineering,General,Gender-Neutral,16466,DTU_Round1_2025.pdf
DTU,2025,R1,Round1,Delhi,Electronics and Communication Engineering,General,Girl,19898,DTU_Round1_2025.pdf
DTU,2025,R1,Round1,Delhi,Electronics and Communication Engineering,EWS,Gender-Neutral,52149,DTU_Round1_2025.pdf
DTU,2025,R1,Round1,Delhi,Electronics and Communication Engineering,EWS,Girl,61080,DTU_Round1_2025.pdf
DTU,2025,R1,Round1,Delhi,Electronics and Communication Engineering,OBC,Gender-Neutral,92387,DTU_Round1_2025.pdf
DTU,2025,R1,Round1,Delhi,Electronics and Communication Engineering,OBC,Girl,111359,DTU_Round1_2025.pdf
DTU,2025,R1,Round1,Delhi,Electronics and Communication Engineering,SC,Gender-Neutral,175923,DTU_Round1_2025.pdf
DTU,2025,R1,Round1,Delhi,Electronics and Communication Engineering,ST,Gender-Neutral,724927,DTU_Round1_2025.pdf
DTU,2025,R1,Round1,Delhi,Electronics and Communication Engineering,ST,Girl,728070,DTU_Round1_2025.pdf
DTU,2025,R1,Round1,Delhi,Electronics and Communication Engineering,General,Single-Girl,22899,DTU_Round1_2025.pdf
DTU,2025,R1,Round1,Delhi,Electronics and Communication Engineering,General,PwD,313852,DTU_Round1_2025.pdf
DTU,2025,R1,Round1,Delhi,Electronics and Communication Engineering,OBC,PwD,837942,DTU_Round1_2025.pdf
DTU,2025,R1,Round1,Delhi,Electronics Engineering (VLSI Design and Technology),General,Gender-Neutral,18214,DTU_Round1_2025.pdf
DTU,2025,R1,Round1,Delhi,Electronics Engineering (VLSI Design and Technology),General,Girl,19083,DTU_Round1_2025.pdf
DTU,2025,R1,Round1,Delhi,Electronics Engineering (VLSI Design and Technology),EWS,Gender-Neutral,55339,DTU_Round1_2025.pdf
DTU,2025,R1,Round1,Delhi,Electronics Engineering (VLSI Design and Technology),OBC,Gender-Neutral,103680,DTU_Round1_2025.pdf
DTU,2025,R1,Round1,Delhi,Electronics Engineering (VLSI Design and Technology),OBC,Girl,114241,DTU_Round1_2025.pdf
DTU,2025,R1,Round1,Delhi,Electronics Engineering (VLSI Design and Technology),SC,Gender-Neutral,197720,DTU_Round1_2025.pdf
DTU,2025,R1,Round1,Delhi,Electronics Engineering (VLSI Design and Technology),SC,Girl,208540,DTU_Round1_2025.pdf
DTU,2025,R1,Round1,Delhi,Electronics Engineering (VLSI Design and Technology),ST,Gender-Neutral,797962,DTU_Round1_2025.pdf
DTU,2025,R1,Round1,Delhi,Electronics Engineering (VLSI Design and Technology),General,Single-Girl,24313,DTU_Round1_2025.pdf
DTU,2025,R1,Round1,Delhi,Electronics Engineering (VLSI Design and Technology),General,PwD,386529,DTU_Round1_2025.pdf
DTU,2025,R1,Round1,Delhi,Electronics Engineering (VLSI Design and Technology),EWS,PwD,451368,DTU_Round1_2025.pdf
DTU,2025,R1,Round1,Delhi,Electrical Engineering,General,Gender-Neutral,25266,DTU_Round1_2025.pdf
DTU,2025,R1,Round1,Delhi,Electrical Engineering,General,Girl,35552,DTU_Round1_2025.pdf
DTU,2025,R1,Round1,Delhi,Electrical Engineering,EWS,Gender-Neutral,71570,DTU_Round1_2025.pdf
DTU,2025,R1,Round1,Delhi,Electrical Engineering,EWS,Girl,97034,DTU_Round1_2025.pdf
DTU,2025,R1,Round1,Delhi,Electrical Engineering,OBC,Gender-Neutral,130895,DTU_Round1_2025.pdf
DTU,2025,R1,Round1,Delhi,Electrical Engineering,OBC,Girl,169446,DTU_Round1_2025.pdf
DTU,2025,R1,Round1,Delhi,Electrical Engineering,SC,Gender-Neutral,229539,DTU_Round1_2025.pdf
DTU,2025,R1,Round1,Delhi,Electrical Engineering,SC,Girl,318482,DTU_Round1_2025.pdf
DTU,2025,R1,Round1,Delhi,Electrical Engineering,ST,Gender-Neutral,994975,DTU_Round1_2025.pdf
DTU,2025,R1,Round1,Delhi,Electrical Engineering,General,Single-Girl,37174,DTU_Round1_2025.pdf
DTU,2025,R1,Round1,Delhi,Electrical Engineering,General,PwD,656869,DTU_Round1_2025.pdf
DTU,2025,R1,Round1,Delhi,Mechanical Engineering,General,Gender-Neutral,35566,DTU_Round1_2025.pdf
DTU,2025,R1,Round1,Delhi,Mechanical Engineering,General,Girl,57487,DTU_Round1_2025.pdf
DTU,2025,R1,Round1,Delhi,Mechanical Engineering,EWS,Gender-Neutral,95659,DTU_Round1_2025.pdf
DTU,2025,R1,Round1,Delhi,Mechanical Engineering,EWS,Girl,174639,DTU_Round1_2025.pdf
DTU,2025,R1,Round1,Delhi,Mechanical Engineering,OBC,Gender-Neutral,162648,DTU_Round1_2025.pdf
DTU,2025,R1,Round1,Delhi,Mechanical Engineering,OBC,Girl,264799,DTU_Round1_2025.pdf
DTU,2025,R1,Round1,Delhi,Mechanical Engineering,SC,Gender-Neutral,283480,DTU_Round1_2025.pdf
DTU,2025,R1,Round1,Delhi,Mechanical Engineering,SC,Girl,387224,DTU_Round1_2025.pdf
DTU,2025,R1,Round1,Delhi,Mechanical Engineering,ST,Gender-Neutral,1353901,DTU_Round1_2025.pdf
DTU,2025,R1,Round1,Delhi,Mechanical Engineering,General,Single-Girl,70740,DTU_Round1_2025.pdf
DTU,2025,R1,Round1,Delhi,Mechanical Engineering,General,PwD,689133,DTU_Round1_2025.pdf
DTU,2025,R1,Round1,Delhi,Mechanical Engineering,OBC,PwD,774676,DTU_Round1_2025.pdf
DTU,2025,R1,Round1,Delhi,Mechanical Engineering with specialization in Automotive Engineering,General,Gender-Neutral,36818,DTU_Round1_2025.pdf
DTU,2025,R1,Round1,Delhi,Mechanical Engineering with specialization in Automotive Engineering,General,Girl,57002,DTU_Round1_2025.pdf
DTU,2025,R1,Round1,Delhi,Mechanical Engineering with specialization in Automotive Engineering,EWS,Gender-Neutral,89506,DTU_Round1_2025.pdf
DTU,2025,R1,Round1,Delhi,Mechanical Engineering with specialization in Automotive Engineering,OBC,Gender-Neutral,167982,DTU_Round1_2025.pdf
DTU,2025,R1,Round1,Delhi,Mechanical Engineering with specialization in Automotive Engineering,OBC,Girl,265294,DTU_Round1_2025.pdf
DTU,2025,R1,Round1,Delhi,Mechanical Engineering with specialization in Automotive Engineering,SC,Gender-Neutral,281435,DTU_Round1_2025.pdf
DTU,2025,R1,Round1,Delhi,Mechanical Engineering with specialization in Automotive Engineering,SC,Girl,432237,DTU_Round1_2025.pdf
DTU,2025,R1,Round1,Delhi,Mechanical Engineering with specialization in Automotive Engineering,ST,Gender-Neutral,783096,DTU_Round1_2025.pdf
DTU,2025,R1,Round1,Delhi,Mechanical Engineering with specialization in Automotive Engineering,General,Single-Girl,81599,DTU_Round1_2025.pdf
DTU,2025,R1,Round1,Delhi,Mechanical Engineering with specialization in Automotive Engineering,General,PwD,838112,DTU_Round1_2025.pdf
DTU,2025,R1,Round1,Delhi,Engineering Physics,General,Gender-Neutral,35427,DTU_Round1_2025.pdf
DTU,2025,R1,Round1,Delhi,Engineering Physics,General,Girl,48687,DTU_Round1_2025.pdf
DTU,2025,R1,Round1,Delhi,Engineering Physics,EWS,Gender-Neutral,98592,DTU_Round1_2025.pdf
DTU,2025,R1,Round1,Delhi,Engineering Physics,OBC,Gender-Neutral,164428,DTU_Round1_2025.pdf
DTU,2025,R1,Round1,Delhi,Engineering Physics,OBC,Girl,236184,DTU_Round1_2025.pdf
DTU,2025,R1,Round1,Delhi,Engineering Physics,SC,Gender-Neutral,300316,DTU_Round1_2025.pdf
DTU,2025,R1,Round1,Delhi,Engineering Physics,SC,Girl,342133,DTU_Round1_2025.pdf
DTU,2025,R1,Round1,Delhi,Engineering Physics,ST,Gender-Neutral,880496,DTU_Round1_2025.pdf
DTU,2025,R1,Round1,Delhi,Engineering Physics,General,Single-Girl,54605,DTU_Round1_2025.pdf
DTU,2025,R1,Round1,Delhi,Engineering Physics,General,PwD,1360126,DTU_Round1_2025.pdf
DTU,2025,R1,Round1,Delhi,Chemical Engineering,General,Gender-Neutral,40718,DTU_Round1_2025.pdf
DTU,2025,R1,Round1,Delhi,Chemical Engineering,General,Girl,44418,DTU_Round1_2025.pdf
DTU,2025,R1,Round1,Delhi,Chemical Engineering,EWS,Gender-Neutral,109015,DTU_Round1_2025.pdf
DTU,2025,R1,Round1,Delhi,Chemical Engineering,EWS,Girl,166738,DTU_Round1_2025.pdf
DTU,2025,R1,Round1,Delhi,Chemical Engineering,OBC,Gender-Neutral,184146,DTU_Round1_2025.pdf
DTU,2025,R1,Round1,Delhi,Chemical Engineering,OBC,Girl,229538,DTU_Round1_2025.pdf
DTU,2025,R1,Round1,Delhi,Chemical Engineering,SC,Gender-Neutral,310102,DTU_Round1_2025.pdf
DTU,2025,R1,Round1,Delhi,Chemical Engineering,ST,Gender-Neutral,747794,DTU_Round1_2025.pdf
DTU,2025,R1,Round1,Delhi,Chemical Engineering,General,Single-Girl,91460,DTU_Round1_2025.pdf
DTU,2025,R1,Round1,Delhi,Chemical Engineering,General,PwD,1279355,DTU_Round1_2025.pdf
DTU,2025,R1,Round1,Delhi,Civil Engineering,General,Gender-Neutral,45192,DTU_Round1_2025.pdf
DTU,2025,R1,Round1,Delhi,Civil Engineering,General,Girl,68939,DTU_Round1_2025.pdf
DTU,2025,R1,Round1,Delhi,Civil Engineering,EWS,Gender-Neutral,111899,DTU_Round1_2025.pdf
DTU,2025,R1,Round1,Delhi,Civil Engineering,EWS,Girl,199792,DTU_Round1_2025.pdf
DTU,2025,R1,Round1,Delhi,Civil Engineering,OBC,Gender-Neutral,194769,DTU_Round1_2025.pdf
DTU,2025,R1,Round1,Delhi,Civil Engineering,OBC,Girl,288743,DTU_Round1_2025.pdf
DTU,2025,R1,Round1,Delhi,Civil Engineering,SC,Gender-Neutral,313158,DTU_Round1_2025.pdf
DTU,2025,R1,Round1,Delhi,Civil Engineering,SC,Girl,394746,DTU_Round1_2025.pdf
DTU,2025,R1,Round1,Delhi,Civil Engineering,ST,Gender-Neutral,404806,DTU_Round1_2025.pdf
DTU,2025,R1,Round1,Delhi,Civil Engineering,ST,Girl,535115,DTU_Round1_2025.pdf
DTU,2025,R1,Round1,Delhi,Civil Engineering,General,Single-Girl,107346,DTU_Round1_2025.pdf
DTU,2025,R1,Round1,Delhi,Civil Engineering,General,PwD,1061175,DTU_Round1_2025.pdf
DTU,2025,R1,Round1,Delhi,Production & Industrial Engineering,General,Gender-Neutral,42551,DTU_Round1_2025.pdf
DTU,2025,R1,Round1,Delhi,Production & Industrial Engineering,General,Girl,72325,DTU_Round1_2025.pdf
DTU,2025,R1,Round1,Delhi,Production & Industrial Engineering,EWS,Gender-Neutral,113781,DTU_Round1_2025.pdf
DTU,2025,R1,Round1,Delhi,Production & Industrial Engineering,OBC,Gender-Neutral,196464,DTU_Round1_2025.pdf
DTU,2025,R1,Round1,Delhi,Production & Industrial Engineering,OBC,Girl,330362,DTU_Round1_2025.pdf
DTU,2025,R1,Round1,Delhi,Production & Industrial Engineering,SC,Gender-Neutral,330369,DTU_Round1_2025.pdf
DTU,2025,R1,Round1,Delhi,Production & Industrial Engineering,SC,Girl,459379,DTU_Round1_2025.pdf
DTU,2025,R1,Round1,Delhi,Production & Industrial Engineering,ST,Gender-Neutral,1029279,DTU_Round1_2025.pdf
DTU,2025,R1,Round1,Delhi,Production & Industrial Engineering,General,Single-Girl,114374,DTU_Round1_2025.pdf
DTU,2025,R1,Round1,Delhi,Environmental Engineering,General,Gender-Neutral,46543,DTU_Round1_2025.pdf
DTU,2025,R1,Round1,Delhi,Environmental Engineering,General,Girl,55917,DTU_Round1_2025.pdf
DTU,2025,R1,Round1,Delhi,Environmental Engineering,EWS,Gender-Neutral,122877,DTU_Round1_2025.pdf
DTU,2025,R1,Round1,Delhi,Environmental Engineering,OBC,Gender-Neutral,202570,DTU_Round1_2025.pdf
DTU,2025,R1,Round1,Delhi,Environmental Engineering,OBC,Girl,299896,DTU_Round1_2025.pdf
DTU,2025,R1,Round1,Delhi,Environmental Engineering,SC,Gender-Neutral,343565,DTU_Round1_2025.pdf
DTU,2025,R1,Round1,Delhi,Environmental Engineering,SC,Girl,403477,DTU_Round1_2025.pdf
DTU,2025,R1,Round1,Delhi,Environmental Engineering,ST,Gender-Neutral,643847,DTU_Round1_2025.pdf
DTU,2025,R1,Round1,Delhi,Environmental Engineering,General,Single-Girl,96556,DTU_Round1_2025.pdf
DTU,2025,R1,Round1,Delhi,Environmental Engineering,General,PwD,1121086,DTU_Round1_2025.pdf
DTU,2025,R1,Round1,Delhi,Bio-Technology,General,Gender-Neutral,48205,DTU_Round1_2025.pdf
DTU,2025,R1,Round1,Delhi,Bio-Technology,General,Girl,56476,DTU_Round1_2025.pdf
DTU,2025,R1,Round1,Delhi,Bio-Technology,EWS,Gender-Neutral,120183,DTU_Round1_2025.pdf
DTU,2025,R1,Round1,Delhi,Bio-Technology,EWS,Girl,203570,DTU_Round1_2025.pdf
DTU,2025,R1,Round1,Delhi,Bio-Technology,OBC,Gender-Neutral,204614,DTU_Round1_2025.pdf
DTU,2025,R1,Round1,Delhi,Bio-Technology,OBC,Girl,263617,DTU_Round1_2025.pdf
DTU,2025,R1,Round1,Delhi,Bio-Technology,SC,Gender-Neutral,322378,DTU_Round1_2025.pdf
DTU,2025,R1,Round1,Delhi,Bio-Technology,ST,Gender-Neutral,596929,DTU_Round1_2025.pdf
DTU,2025,R1,Round1,Delhi,Bio-Technology,General,Single-Girl,79298,DTU_Round1_2025.pdf
DTU,2025,R1,Round1,Delhi,Bio-Technology,General,PwD,1204910,DTU_Round1_2025.pdf
DTU,2025,R1,Round1,Outside-Delhi,Computer Science and Engineering,General,Gender-Neutral,2285,DTU_Round1_2025.pdf
DTU,2025,R1,Round1,Outside-Delhi,Computer Science and Engineering,General,Girl,3392,DTU_Round1_2025.pdf
DTU,2025,R1,Round1,Outside-Delhi,Computer Science and Engineering,EWS,Gender-Neutral,4915,DTU_Round1_2025.pdf
DTU,2025,R1,Round1,Outside-Delhi,Computer Science and Engineering,EWS,Girl,5671,DTU_Round1_2025.pdf
DTU,2025,R1,Round1,Outside-Delhi,Computer Science and Engineering,OBC,Gender-Neutral,8016,DTU_Round1_2025.pdf
DTU,2025,R1,Round1,Outside-Delhi,Computer Science and Engineering,OBC,Girl,8853,DTU_Round1_2025.pdf
DTU,2025,R1,Round1,Outside-Delhi,Computer Science and Engineering,SC,Gender-Neutral,39893,DTU_Round1_2025.pdf
DTU,2025,R1,Round1,Outside-Delhi,Computer Science and Engineering,SC,Girl,44333,DTU_Round1_2025.pdf
DTU,2025,R1,Round1,Outside-Delhi,Computer Science and Engineering,ST,Gender-Neutral,66042,DTU_Round1_2025.pdf
DTU,2025,R1,Round1,Outside-Delhi,Computer Science and Engineering,General,PwD,6265,DTU_Round1_2025.pdf
DTU,2025,R1,Round1,Outside-Delhi,Computer Science and Engineering,EWS,PwD,97163,DTU_Round1_2025.pdf
DTU,2025,R1,Round1,Outside-Delhi,Computer Science and Engineering,OBC,PwD,134244,DTU_Round1_2025.pdf
DTU,2025,R1,Round1,Outside-Delhi,Computer Science and Engineering,SC,PwD,464242,DTU_Round1_2025.pdf
DTU,2025,R1,Round1,Outside-Delhi,Computer Science and Engineering (Data Science & Analytics),General,Gender-Neutral,3026,DTU_Round1_2025.pdf
DTU,2025,R1,Round1,Outside-Delhi,Computer Science and Engineering (Data Science & Analytics),EWS,Gender-Neutral,4364,DTU_Round1_2025.pdf
DTU,2025,R1,Round1,Outside-Delhi,Computer Science and Engineering (Data Science & Analytics),OBC,Gender-Neutral,9039,DTU_Round1_2025.pdf
DTU,2025,R1,Round1,Outside-Delhi,Computer Science and Engineering (Data Science & Analytics),SC,Gender-Neutral,46929,DTU_Round1_2025.pdf
DTU,2025,R1,Round1,Outside-Delhi,Computer Science and Engineering (Data Science & Analytics),ST,Gender-Neutral,79186,DTU_Round1_2025.pdf
DTU,2025,R1,Round1,Outside-Delhi,Information Technology,General,Gender-Neutral,3847,DTU_Round1_2025.pdf
DTU,2025,R1,Round1,Outside-Delhi,Information Technology,EWS,Gender-Neutral,6754,DTU_Round1_2025.pdf
DTU,2025,R1,Round1,Outside-Delhi,Information Technology,OBC,Gender-Neutral,10340,DTU_Round1_2025.pdf
DTU,2025,R1,Round1,Outside-Delhi,Information Technology,SC,Gender-Neutral,46396,DTU_Round1_2025.pdf
DTU,2025,R1,Round1,Outside-Delhi,Information Technology,SC,Girl,64565,DTU_Round1_2025.pdf
DTU,2025,R1,Round1,Outside-Delhi,Information Technology,ST,Gender-Neutral,104425,DTU_Round1_2025.pdf
DTU,2025,R1,Round1,Outside-Delhi,Information Technology,General,PwD,78709,DTU_Round1_2025.pdf
DTU,2025,R1,Round1,Outside-Delhi,Information Technology (Cyber Security),General,Gender-Neutral,4542,DTU_Round1_2025.pdf
DTU,2025,R1,Round1,Outside-Delhi,Information Technology (Cyber Security),EWS,Gender-Neutral,8073,DTU_Round1_2025.pdf
DTU,2025,R1,Round1,Outside-Delhi,Information Technology (Cyber Security),OBC,Gender-Neutral,11425,DTU_Round1_2025.pdf
DTU,2025,R1,Round1,Outside-Delhi,Information Technology (Cyber Security),SC,Gender-Neutral,47634,DTU_Round1_2025.pdf
DTU,2025,R1,Round1,Outside-Delhi,Information Technology (Cyber Security),ST,Gender-Neutral,105678,DTU_Round1_2025.pdf
DTU,2025,R1,Round1,Outside-Delhi,Software Engineering,General,Gender-Neutral,4705,DTU_Round1_2025.pdf
DTU,2025,R1,Round1,Outside-Delhi,Software Engineering,General,Girl,5064,DTU_Round1_2025.pdf
DTU,2025,R1,Round1,Outside-Delhi,Software Engineering,EWS,Gender-Neutral,6703,DTU_Round1_2025.pdf
DTU,2025,R1,Round1,Outside-Delhi,Software Engineering,OBC,Gender-Neutral,12574,DTU_Round1_2025.pdf
DTU,2025,R1,Round1,Outside-Delhi,Software Engineering,SC,Gender-Neutral,53670,DTU_Round1_2025.pdf
DTU,2025,R1,Round1,Outside-Delhi,Software Engineering,ST,Gender-Neutral,124480,DTU_Round1_2025.pdf
DTU,2025,R1,Round1,Outside-Delhi,Software Engineering,General,PwD,63563,DTU_Round1_2025.pdf
DTU,2025,R1,Round1,Outside-Delhi,Software Engineering,EWS,PwD,393201,DTU_Round1_2025.pdf
DTU,2025,R1,Round1,Outside-Delhi,Mathematics and Computing,General,Gender-Neutral,4411,DTU_Round1_2025.pdf
DTU,2025,R1,Round1,Outside-Delhi,Mathematics and Computing,General,Girl,4834,DTU_Round1_2025.pdf
DTU,2025,R1,Round1,Outside-Delhi,Mathematics and Computing,EWS,Gender-Neutral,9324,DTU_Round1_2025.pdf
DTU,2025,R1,Round1,Outside-Delhi,Mathematics and Computing,OBC,Gender-Neutral,12805,DTU_Round1_2025.pdf
DTU,2025,R1,Round1,Outside-Delhi,Mathematics and Computing,SC,Gender-Neutral,60699,DTU_Round1_2025.pdf
DTU,2025,R1,Round1,Outside-Delhi,Mathematics and Computing,ST,Gender-Neutral,105153,DTU_Round1_2025.pdf
DTU,2025,R1,Round1,Outside-Delhi,Mathematics and Computing,OBC,PwD,211643,DTU_Round1_2025.pdf
DTU,2025,R1,Round1,Outside-Delhi,Electronics and Communication Engineering,General,Gender-Neutral,5113,DTU_Round1_2025.pdf
DTU,2025,R1,Round1,Outside-Delhi,Electronics and Communication Engineering,EWS,Gender-Neutral,9647,DTU_Round1_2025.pdf
DTU,2025,R1,Round1,Outside-Delhi,Electronics and Communication Engineering,OBC,Gender-Neutral,13954,DTU_Round1_2025.pdf
DTU,2025,R1,Round1,Outside-Delhi,Electronics and Communication Engineering,SC,Gender-Neutral,66018,DTU_Round1_2025.pdf
DTU,2025,R1,Round1,Outside-Delhi,Electronics and Communication Engineering,SC,Girl,72546,DTU_Round1_2025.pdf
DTU,2025,R1,Round1,Outside-Delhi,Electronics and Communication Engineering,ST,Gender-Neutral,89324,DTU_Round1_2025.pdf
DTU,2025,R1,Round1,Outside-Delhi,Electronics and Communication Engineering,ST,Girl,199539,DTU_Round1_2025.pdf
DTU,2025,R1,Round1,Outside-Delhi,Electronics Engineering (VLSI Design and Technology),General,Gender-Neutral,6050,DTU_Round1_2025.pdf
DTU,2025,R1,Round1,Outside-Delhi,Electronics Engineering (VLSI Design and Technology),EWS,Gender-Neutral,12212,DTU_Round1_2025.pdf
DTU,2025,R1,Round1,Outside-Delhi,Electronics Engineering (VLSI Design and Technology),OBC,Gender-Neutral,15432,DTU_Round1_2025.pdf
DTU,2025,R1,Round1,Outside-Delhi,Electronics Engineering (VLSI Design and Technology),SC,Gender-Neutral,64449,DTU_Round1_2025.pdf
DTU,2025,R1,Round1,Outside-Delhi,Electronics Engineering (VLSI Design and Technology),ST,Gender-Neutral,139989,DTU_Round1_2025.pdf
DTU,2025,R1,Round1,Outside-Delhi,Electronics Engineering (VLSI Design and Technology),General,PwD,74274,DTU_Round1_2025.pdf
DTU,2025,R1,Round1,Outside-Delhi,Electrical Engineering,General,Gender-Neutral,7122,DTU_Round1_2025.pdf
DTU,2025,R1,Round1,Outside-Delhi,Electrical Engineering,General,Girl,8139,DTU_Round1_2025.pdf
DTU,2025,R1,Round1,Outside-Delhi,Electrical Engineering,EWS,Gender-Neutral,14083,DTU_Round1_2025.pdf
DTU,2025,R1,Round1,Outside-Delhi,Electrical Engineering,OBC,Gender-Neutral,18372,DTU_Round1_2025.pdf
DTU,2025,R1,Round1,Outside-Delhi,Electrical Engineering,OBC,Girl,18669,DTU_Round1_2025.pdf
DTU,2025,R1,Round1,Outside-Delhi,Electrical Engineering,SC,Gender-Neutral,83184,DTU_Round1_2025.pdf
DTU,2025,R1,Round1,Outside-Delhi,Electrical Engineering,ST,Gender-Neutral,150322,DTU_Round1_2025.pdf
DTU,2025,R1,Round1,Outside-Delhi,Electrical Engineering,General,PwD,40383,DTU_Round1_2025.pdf
DTU,2025,R1,Round1,Outside-Delhi,Electrical Engineering,EWS,PwD,581392,DTU_Round1_2025.pdf
DTU,2025,R1,Round1,Outside-Delhi,Electrical Engineering,OBC,PwD,98409,DTU_Round1_2025.pdf
DTU,2025,R1,Round1,Outside-Delhi,Electrical Engineering,SC,PwD,1035172,DTU_Round1_2025.pdf
DTU,2025,R1,Round1,Outside-Delhi,Mechanical Engineering,General,Gender-Neutral,9382,DTU_Round1_2025.pdf
DTU,2025,R1,Round1,Outside-Delhi,Mechanical Engineering,General,Girl,11612,DTU_Round1_2025.pdf
DTU,2025,R1,Round1,Outside-Delhi,Mechanical Engineering,EWS,Gender-Neutral,16450,DTU_Round1_2025.pdf
DTU,2025,R1,Round1,Outside-Delhi,Mechanical Engineering,OBC,Gender-Neutral,22293,DTU_Round1_2025.pdf
DTU,2025,R1,Round1,Outside-Delhi,Mechanical Engineering,OBC,Girl,32775,DTU_Round1_2025.pdf
DTU,2025,R1,Round1,Outside-Delhi,Mechanical Engineering,SC,Gender-Neutral,92528,DTU_Round1_2025.pdf
DTU,2025,R1,Round1,Outside-Delhi,Mechanical Engineering,ST,Gender-Neutral,153270,DTU_Round1_2025.pdf
DTU,2025,R1,Round1,Outside-Delhi,Mechanical Engineering,General,PwD,157474,DTU_Round1_2025.pdf
DTU,2025,R1,Round1,Outside-Delhi,Mechanical Engineering with specialization in Automotive Engineering,General,Gender-Neutral,9154,DTU_Round1_2025.pdf
DTU,2025,R1,Round1,Outside-Delhi,Mechanical Engineering with specialization in Automotive Engineering,EWS,Gender-Neutral,16788,DTU_Round1_2025.pdf
DTU,2025,R1,Round1,Outside-Delhi,Mechanical Engineering with specialization in Automotive Engineering,OBC,Gender-Neutral,22300,DTU_Round1_2025.pdf
DTU,2025,R1,Round1,Outside-Delhi,Mechanical Engineering with specialization in Automotive Engineering,SC,Gender-Neutral,89318,DTU_Round1_2025.pdf
DTU,2025,R1,Round1,Outside-Delhi,Mechanical Engineering with specialization in Automotive Engineering,ST,Gender-Neutral,150955,DTU_Round1_2025.pdf
DTU,2025,R1,Round1,Outside-Delhi,Mechanical Engineering with specialization in Automotive Engineering,ST,Girl,298847,DTU_Round1_2025.pdf
DTU,2025,R1,Round1,Outside-Delhi,Mechanical Engineering with specialization in Automotive Engineering,General,PwD,224892,DTU_Round1_2025.pdf
DTU,2025,R1,Round1,Outside-Delhi,Engineering Physics,General,Gender-Neutral,8595,DTU_Round1_2025.pdf
DTU,2025,R1,Round1,Outside-Delhi,Engineering Physics,EWS,Gender-Neutral,15016,DTU_Round1_2025.pdf
DTU,2025,R1,Round1,Outside-Delhi,Engineering Physics,OBC,Gender-Neutral,20760,DTU_Round1_2025.pdf
DTU,2025,R1,Round1,Outside-Delhi,Engineering Physics,OBC,Girl,33244,DTU_Round1_2025.pdf
DTU,2025,R1,Round1,Outside-Delhi,Engineering Physics,SC,Gender-Neutral,99690,DTU_Round1_2025.pdf
DTU,2025,R1,Round1,Outside-Delhi,Engineering Physics,ST,Gender-Neutral,178527,DTU_Round1_2025.pdf
DTU,2025,R1,Round1,Outside-Delhi,Engineering Physics,OBC,PwD,398183,DTU_Round1_2025.pdf
DTU,2025,R1,Round1,Outside-Delhi,Chemical Engineering,General,Gender-Neutral,10350,DTU_Round1_2025.pdf
DTU,2025,R1,Round1,Outside-Delhi,Chemical Engineering,EWS,Gender-Neutral,16345,DTU_Round1_2025.pdf
DTU,2025,R1,Round1,Outside-Delhi,Chemical Engineering,OBC,Gender-Neutral,23639,DTU_Round1_2025.pdf
DTU,2025,R1,Round1,Outside-Delhi,Chemical Engineering,OBC,Girl,38084,DTU_Round1_2025.pdf
DTU,2025,R1,Round1,Outside-Delhi,Chemical Engineering,SC,Gender-Neutral,95978,DTU_Round1_2025.pdf
DTU,2025,R1,Round1,Outside-Delhi,Chemical Engineering,ST,Gender-Neutral,183182,DTU_Round1_2025.pdf
DTU,2025,R1,Round1,Outside-Delhi,Civil Engineering,General,Gender-Neutral,11799,DTU_Round1_2025.pdf
DTU,2025,R1,Round1,Outside-Delhi,Civil Engineering,EWS,Gender-Neutral,18417,DTU_Round1_2025.pdf
DTU,2025,R1,Round1,Outside-Delhi,Civil Engineering,OBC,Gender-Neutral,25256,DTU_Round1_2025.pdf
DTU,2025,R1,Round1,Outside-Delhi,Civil Engineering,SC,Gender-Neutral,98372,DTU_Round1_2025.pdf
DTU,2025,R1,Round1,Outside-Delhi,Civil Engineering,ST,Gender-Neutral,104445,DTU_Round1_2025.pdf
DTU,2025,R1,Round1,Outside-Delhi,Civil Engineering,General,PwD,248255,DTU_Round1_2025.pdf
DTU,2025,R1,Round1,Outside-Delhi,Production & Industrial Engineering,General,Gender-Neutral,11144,DTU_Round1_2025.pdf
DTU,2025,R1,Round1,Outside-Delhi,Production & Industrial Engineering,General,Girl,13308,DTU_Round1_2025.pdf
DTU,2025,R1,Round1,Outside-Delhi,Production & Industrial Engineering,EWS,Gender-Neutral,18898,DTU_Round1_2025.pdf
DTU,2025,R1,Round1,Outside-Delhi,Production & Industrial Engineering,OBC,Gender-Neutral,24890,DTU_Round1_2025.pdf
DTU,2025,R1,Round1,Outside-Delhi,Production & Industrial Engineering,ST,Gender-Neutral,206370,DTU_Round1_2025.pdf
DTU,2025,R1,Round1,Outside-Delhi,Environmental Engineering,General,Gender-Neutral,12570,DTU_Round1_2025.pdf
DTU,2025,R1,Round1,Outside-Delhi,Environmental Engineering,General,Girl,20177,DTU_Round1_2025.pdf
DTU,2025,R1,Round1,Outside-Delhi,Environmental Engineering,EWS,Gender-Neutral,19098,DTU_Round1_2025.pdf
DTU,2025,R1,Round1,Outside-Delhi,Environmental Engineering,OBC,Gender-Neutral,25332,DTU_Round1_2025.pdf
DTU,2025,R1,Round1,Outside-Delhi,Environmental Engineering,SC,Gender-Neutral,96933,DTU_Round1_2025.pdf
DTU,2025,R1,Round1,Outside-Delhi,Environmental Engineering,ST,Gender-Neutral,192746,DTU_Round1_2025.pdf
DTU,2025,R1,Round1,Outside-Delhi,Environmental Engineering,OBC,PwD,720396,DTU_Round1_2025.pdf
DTU,2025,R1,Round1,Outside-Delhi,Bio-Technology,General,Gender-Neutral,10938,DTU_Round1_2025.pdf
DTU,2025,R1,Round1,Outside-Delhi,Bio-Technology,General,Girl,21208,DTU_Round1_2025.pdf
DTU,2025,R1,Round1,Outside-Delhi,Bio-Technology,EWS,Gender-Neutral,19418,DTU_Round1_2025.pdf
DTU,2025,R1,Round1,Outside-Delhi,Bio-Technology,OBC,Gender-Neutral,25351,DTU_Round1_2025.pdf
DTU,2025,R1,Round1,Outside-Delhi,Bio-Technology,SC,Gender-Neutral,89591,DTU_Round1_2025.pdf
DTU,2025,R1,Round1,Outside-Delhi,Bio-Technology,ST,Gender-Neutral,201847,DTU_Round1_2025.pdf
DTU,2025,R2,Round2,Delhi,Computer Science and Engineering,General,Gender-Neutral,8704,DTU_Round2_2025.pdf
DTU,2025,R2,Round2,Delhi,Computer Science and Engineering,General,Girl,10409,DTU_Round2_2025.pdf
DTU,2025,R2,Round2,Delhi,Computer Science and Engineering,EWS,Gender-Neutral,22463,DTU_Round2_2025.pdf
DTU,2025,R2,Round2,Delhi,Computer Science and Engineering,EWS,Girl,25153,DTU_Round2_2025.pdf
DTU,2025,R2,Round2,Delhi,Computer Science and Engineering,OBC,Gender-Neutral,48024,DTU_Round2_2025.pdf
DTU,2025,R2,Round2,Delhi,Computer Science and Engineering,OBC,Girl,59305,DTU_Round2_2025.pdf
DTU,2025,R2,Round2,Delhi,Computer Science and Engineering,SC,Gender-Neutral,90481,DTU_Round2_2025.pdf
DTU,2025,R2,Round2,Delhi,Computer Science and Engineering,SC,Girl,118900,DTU_Round2_2025.pdf
DTU,2025,R2,Round2,Delhi,Computer Science and Engineering,ST,Gender-Neutral,304227,DTU_Round2_2025.pdf
DTU,2025,R2,Round2,Delhi,Computer Science and Engineering,ST,Girl,326025,DTU_Round2_2025.pdf
DTU,2025,R2,Round2,Delhi,Computer Science and Engineering,General,Single-Girl,12885,DTU_Round2_2025.pdf
DTU,2025,R2,Round2,Delhi,Computer Science and Engineering,General,PwD,148004,DTU_Round2_2025.pdf
DTU,2025,R2,Round2,Delhi,Computer Science and Engineering,EWS,PwD,218410,DTU_Round2_2025.pdf
DTU,2025,R2,Round2,Delhi,Computer Science and Engineering,OBC,PwD,863726,DTU_Round2_2025.pdf
DTU,2025,R2,Round2,Delhi,Computer Science and Engineering,SC,PwD,814722,DTU_Round2_2025.pdf
DTU,2025,R2,Round2,Delhi,Computer Science and Engineering,ST,PwD,727685,DTU_Round2_2025.pdf
DTU,2025,R2,Round2,Delhi,Computer Science and Engineering (Data Science & Analytics),General,Gender-Neutral,9757,DTU_Round2_2025.pdf
DTU,2025,R2,Round2,Delhi,Computer Science and Engineering (Data Science & Analytics),General,Girl,11234,DTU_Round2_2025.pdf
DTU,2025,R2,Round2,Delhi,Computer Science and Engineering (Data Science & Analytics),EWS,Gender-Neutral,25828,DTU_Round2_2025.pdf
DTU,2025,R2,Round2,Delhi,Computer Science and Engineering (Data Science & Analytics),OBC,Gender-Neutral,50479,DTU_Round2_2025.pdf
DTU,2025,R2,Round2,Delhi,Computer Science and Engineering (Data Science & Analytics),OBC,Girl,57393,DTU_Round2_2025.pdf
DTU,2025,R2,Round2,Delhi,Computer Science and Engineering (Data Science & Analytics),SC,Gender-Neutral,100908,DTU_Round2_2025.pdf
DTU,2025,R2,Round2,Delhi,Computer Science and Engineering (Data Science & Analytics),SC,Girl,127751,DTU_Round2_2025.pdf
DTU,2025,R2,Round2,Delhi,Computer Science and Engineering (Data Science & Analytics),ST,Gender-Neutral,295188,DTU_Round2_2025.pdf
DTU,2025,R2,Round2,Delhi,Computer Science and Engineering (Data Science & Analytics),General,Single-Girl,13464,DTU_Round2_2025.pdf
DTU,2025,R2,Round2,Delhi,Computer Science and Engineering (Data Science & Analytics),General,PwD,164213,DTU_Round2_2025.pdf
DTU,2025,R2,Round2,Delhi,Computer Science and Engineering (Data Science & Analytics),OBC,PwD,661822,DTU_Round2_2025.pdf
DTU,2025,R2,Round2,Delhi,Information Technology,General,Gender-Neutral,12047,DTU_Round2_2025.pdf
DTU,2025,R2,Round2,Delhi,Information Technology,General,Girl,13129,DTU_Round2_2025.pdf
DTU,2025,R2,Round2,Delhi,Information Technology,EWS,Gender-Neutral,31247,DTU_Round2_2025.pdf
DTU,2025,R2,Round2,Delhi,Information Technology,EWS,Girl,31685,DTU_Round2_2025.pdf
DTU,2025,R2,Round2,Delhi,Information Technology,OBC,Gender-Neutral,67895,DTU_Round2_2025.pdf
DTU,2025,R2,Round2,Delhi,Information Technology,OBC,Girl,83605,DTU_Round2_2025.pdf
DTU,2025,R2,Round2,Delhi,Information Technology,SC,Gender-Neutral,127267,DTU_Round2_2025.pdf
DTU,2025,R2,Round2,Delhi,Information Technology,ST,Gender-Neutral,387229,DTU_Round2_2025.pdf
DTU,2025,R2,Round2,Delhi,Information Technology,ST,Girl,412213,DTU_Round2_2025.pdf
DTU,2025,R2,Round2,Delhi,Information Technology,General,Single-Girl,22510,DTU_Round2_2025.pdf
DTU,2025,R2,Round2,Delhi,Information Technology,General,PwD,236246,DTU_Round2_2025.pdf
DTU,2025,R2,Round2,Delhi,Information Technology,EWS,PwD,293227,DTU_Round2_2025.pdf
DTU,2025,R2,Round2,Delhi,Information Technology,OBC,PwD,924693,DTU_Round2_2025.pdf
DTU,2025,R2,Round2,Delhi,Information Technology (Cyber Security),General,Gender-Neutral,14767,DTU_Round2_2025.pdf
DTU,2025,R2,Round2,Delhi,Information Technology (Cyber Security),General,Girl,17225,DTU_Round2_2025.pdf
DTU,2025,R2,Round2,Delhi,Information Technology (Cyber Security),EWS,Gender-Neutral,35287,DTU_Round2_2025.pdf
DTU,2025,R2,Round2,Delhi,Information Technology (Cyber Security),OBC,Gender-Neutral,75436,DTU_Round2_2025.pdf
DTU,2025,R2,Round2,Delhi,Information Technology (Cyber Security),OBC,Girl,86242,DTU_Round2_2025.pdf
DTU,2025,R2,Round2,Delhi,Information Technology (Cyber Security),SC,Gender-Neutral,151661,DTU_Round2_2025.pdf
DTU,2025,R2,Round2,Delhi,Information Technology (Cyber Security),SC,Girl,163361,DTU_Round2_2025.pdf
DTU,2025,R2,Round2,Delhi,Information Technology (Cyber Security),ST,Gender-Neutral,436084,DTU_Round2_2025.pdf
DTU,2025,R2,Round2,Delhi,Information Technology (Cyber Security),General,Single-Girl,23372,DTU_Round2_2025.pdf
DTU,2025,R2,Round2,Delhi,Information Technology (Cyber Security),General,PwD,226990,DTU_Round2_2025.pdf
DTU,2025,R2,Round2,Delhi,Information Technology (Cyber Security),OBC,PwD,968761,DTU_Round2_2025.pdf
DTU,2025,R2,Round2,Delhi,Software Engineering,General,Gender-Neutral,14639,DTU_Round2_2025.pdf
DTU,2025,R2,Round2,Delhi,Software Engineering,General,Girl,17248,DTU_Round2_2025.pdf
DTU,2025,R2,Round2,Delhi,Software Engineering,EWS,Gender-Neutral,39621,DTU_Round2_2025.pdf
DTU,2025,R2,Round2,Delhi,Software Engineering,EWS,Girl,42751,DTU_Round2_2025.pdf
DTU,2025,R2,Round2,Delhi,Software Engineering,OBC,Gender-Neutral,79201,DTU_Round2_2025.pdf
DTU,2025,R2,Round2,Delhi,Software Engineering,OBC,Girl,104850,DTU_Round2_2025.pdf
DTU,2025,R2,Round2,Delhi,Software Engineering,SC,Gender-Neutral,161643,DTU_Round2_2025.pdf
DTU,2025,R2,Round2,Delhi,Software Engineering,SC,Girl,173557,DTU_Round2_2025.pdf
DTU,2025,R2,Round2,Delhi,Software Engineering,ST,Gender-Neutral,495910,DTU_Round2_2025.pdf
DTU,2025,R2,Round2,Delhi,Software Engineering,ST,Girl,593537,DTU_Round2_2025.pdf
DTU,2025,R2,Round2,Delhi,Software Engineering,General,Single-Girl,22677,DTU_Round2_2025.pdf
DTU,2025,R2,Round2,Delhi,Software Engineering,General,PwD,308993,DTU_Round2_2025.pdf
DTU,2025,R2,Round2,Delhi,Software Engineering,EWS,PwD,345115,DTU_Round2_2025.pdf
DTU,2025,R2,Round2,Delhi,Mathematics and Computing,General,Gender-Neutral,16851,DTU_Round2_2025.pdf
DTU,2025,R2,Round2,Delhi,Mathematics and Computing,General,Girl,18652,DTU_Round2_2025.pdf
DTU,2025,R2,Round2,Delhi,Mathematics and Computing,EWS,Gender-Neutral,44289,DTU_Round2_2025.pdf
DTU,2025,R2,Round2,Delhi,Mathematics and Computing,EWS,Girl,61080,DTU_Round2_2025.pdf
DTU,2025,R2,Round2,Delhi,Mathematics and Computing,OBC,Gender-Neutral,90120,DTU_Round2_2025.pdf
DTU,2025,R2,Round2,Delhi,Mathematics and Computing,OBC,Girl,106011,DTU_Round2_2025.pdf
DTU,2025,R2,Round2,Delhi,Mathematics and Computing,SC,Gender-Neutral,186877,DTU_Round2_2025.pdf
DTU,2025,R2,Round2,Delhi,Mathematics and Computing,SC,Girl,188992,DTU_Round2_2025.pdf
DTU,2025,R2,Round2,Delhi,Mathematics and Computing,ST,Gender-Neutral,664373,DTU_Round2_2025.pdf
DTU,2025,R2,Round2,Delhi,Mathematics and Computing,ST,Girl,667981,DTU_Round2_2025.pdf
DTU,2025,R2,Round2,Delhi,Mathematics and Computing,General,Single-Girl,24313,DTU_Round2_2025.pdf
DTU,2025,R2,Round2,Delhi,Mathematics and Computing,General,PwD,327342,DTU_Round2_2025.pdf
DTU,2025,R2,Round2,Delhi,Mathematics and Computing,EWS,PwD,419962,DTU_Round2_2025.pdf
DTU,2025,R2,Round2,Delhi,Electronics and Communication Engineering,General,Gender-Neutral,19036,DTU_Round2_2025.pdf
DTU,2025,R2,Round2,Delhi,Electronics and Communication Engineering,General,Girl,21041,DTU_Round2_2025.pdf
DTU,2025,R2,Round2,Delhi,Electronics and Communication Engineering,EWS,Gender-Neutral,51840,DTU_Round2_2025.pdf
DTU,2025,R2,Round2,Delhi,Electronics and Communication Engineering,EWS,Girl,67801,DTU_Round2_2025.pdf
DTU,2025,R2,Round2,Delhi,Electronics and Communication Engineering,OBC,Gender-Neutral,100268,DTU_Round2_2025.pdf
DTU,2025,R2,Round2,Delhi,Electronics and Communication Engineering,OBC,Girl,115408,DTU_Round2_2025.pdf
DTU,2025,R2,Round2,Delhi,Electronics and Communication Engineering,SC,Gender-Neutral,197428,DTU_Round2_2025.pdf
DTU,2025,R2,Round2,Delhi,Electronics and Communication Engineering,ST,Gender-Neutral,724927,DTU_Round2_2025.pdf
DTU,2025,R2,Round2,Delhi,Electronics and Communication Engineering,ST,Girl,769060,DTU_Round2_2025.pdf
DTU,2025,R2,Round2,Delhi,Electronics and Communication Engineering,General,Single-Girl,22899,DTU_Round2_2025.pdf
DTU,2025,R2,Round2,Delhi,Electronics and Communication Engineering,General,PwD,340318,DTU_Round2_2025.pdf
DTU,2025,R2,Round2,Delhi,Electronics and Communication Engineering,OBC,PwD,759285,DTU_Round2_2025.pdf
DTU,2025,R2,Round2,Delhi,Electronics Engineering (VLSI Design and Technology),General,Gender-Neutral,20179,DTU_Round2_2025.pdf
DTU,2025,R2,Round2,Delhi,Electronics Engineering (VLSI Design and Technology),General,Girl,26018,DTU_Round2_2025.pdf
DTU,2025,R2,Round2,Delhi,Electronics Engineering (VLSI Design and Technology),EWS,Gender-Neutral,55620,DTU_Round2_2025.pdf
DTU,2025,R2,Round2,Delhi,Electronics Engineering (VLSI Design and Technology),OBC,Gender-Neutral,106723,DTU_Round2_2025.pdf
DTU,2025,R2,Round2,Delhi,Electronics Engineering (VLSI Design and Technology),OBC,Girl,144448,DTU_Round2_2025.pdf
DTU,2025,R2,Round2,Delhi,Electronics Engineering (VLSI Design and Technology),SC,Gender-Neutral,204457,DTU_Round2_2025.pdf
DTU,2025,R2,Round2,Delhi,Electronics Engineering (VLSI Design and Technology),SC,Girl,208540,DTU_Round2_2025.pdf
DTU,2025,R2,Round2,Delhi,Electronics Engineering (VLSI Design and Technology),ST,Gender-Neutral,797962,DTU_Round2_2025.pdf
DTU,2025,R2,Round2,Delhi,Electronics Engineering (VLSI Design and Technology),General,Single-Girl,28383,DTU_Round2_2025.pdf
DTU,2025,R2,Round2,Delhi,Electronics Engineering (VLSI Design and Technology),General,PwD,438569,DTU_Round2_2025.pdf
DTU,2025,R2,Round2,Delhi,Electronics Engineering (VLSI Design and Technology),EWS,PwD,451368,DTU_Round2_2025.pdf
DTU,2025,R2,Round2,Delhi,Electrical Engineering,General,Gender-Neutral,25922,DTU_Round2_2025.pdf
DTU,2025,R2,Round2,Delhi,Electrical Engineering,General,Girl,35552,DTU_Round2_2025.pdf
DTU,2025,R2,Round2,Delhi,Electrical Engineering,EWS,Gender-Neutral,71351,DTU_Round2_2025.pdf
DTU,2025,R2,Round2,Delhi,Electrical Engineering,EWS,Girl,97034,DTU_Round2_2025.pdf
DTU,2025,R2,Round2,Delhi,Electrical Engineering,OBC,Gender-Neutral,138717,DTU_Round2_2025.pdf
DTU,2025,R2,Round2,Delhi,Electrical Engineering,OBC,Girl,192885,DTU_Round2_2025.pdf
DTU,2025,R2,Round2,Delhi,Electrical Engineering,SC,Gender-Neutral,251258,DTU_Round2_2025.pdf
DTU,2025,R2,Round2,Delhi,Electrical Engineering,SC,Girl,392640,DTU_Round2_2025.pdf
DTU,2025,R2,Round2,Delhi,Electrical Engineering,ST,Gender-Neutral,1082355,DTU_Round2_2025.pdf
DTU,2025,R2,Round2,Delhi,Electrical Engineering,General,Single-Girl,37174,DTU_Round2_2025.pdf
DTU,2025,R2,Round2,Delhi,Electrical Engineering,General,PwD,733887,DTU_Round2_2025.pdf
DTU,2025,R2,Round2,Delhi,Mechanical Engineering,General,Gender-Neutral,35669,DTU_Round2_2025.pdf
DTU,2025,R2,Round2,Delhi,Mechanical Engineering,General,Girl,60433,DTU_Round2_2025.pdf
DTU,2025,R2,Round2,Delhi,Mechanical Engineering,EWS,Gender-Neutral,95659,DTU_Round2_2025.pdf
DTU,2025,R2,Round2,Delhi,Mechanical Engineering,EWS,Girl,174639,DTU_Round2_2025.pdf
DTU,2025,R2,Round2,Delhi,Mechanical Engineering,OBC,Gender-Neutral,167806,DTU_Round2_2025.pdf
DTU,2025,R2,Round2,Delhi,Mechanical Engineering,OBC,Girl,288743,DTU_Round2_2025.pdf
DTU,2025,R2,Round2,Delhi,Mechanical Engineering,SC,Gender-Neutral,291592,DTU_Round2_2025.pdf
DTU,2025,R2,Round2,Delhi,Mechanical Engineering,SC,Girl,410258,DTU_Round2_2025.pdf
DTU,2025,R2,Round2,Delhi,Mechanical Engineering,ST,Gender-Neutral,1220645,DTU_Round2_2025.pdf
DTU,2025,R2,Round2,Delhi,Mechanical Engineering,General,Single-Girl,70740,DTU_Round2_2025.pdf
DTU,2025,R2,Round2,Delhi,Mechanical Engineering,General,PwD,791006,DTU_Round2_2025.pdf
DTU,2025,R2,Round2,Delhi,Mechanical Engineering with specialization in Automotive Engineering,General,Gender-Neutral,38169,DTU_Round2_2025.pdf
DTU,2025,R2,Round2,Delhi,Mechanical Engineering with specialization in Automotive Engineering,General,Girl,57002,DTU_Round2_2025.pdf
DTU,2025,R2,Round2,Delhi,Mechanical Engineering with specialization in Automotive Engineering,EWS,Gender-Neutral,89506,DTU_Round2_2025.pdf
DTU,2025,R2,Round2,Delhi,Mechanical Engineering with specialization in Automotive Engineering,OBC,Gender-Neutral,176886,DTU_Round2_2025.pdf
DTU,2025,R2,Round2,Delhi,Mechanical Engineering with specialization in Automotive Engineering,OBC,Girl,300783,DTU_Round2_2025.pdf
DTU,2025,R2,Round2,Delhi,Mechanical Engineering with specialization in Automotive Engineering,SC,Gender-Neutral,310631,DTU_Round2_2025.pdf
DTU,2025,R2,Round2,Delhi,Mechanical Engineering with specialization in Automotive Engineering,SC,Girl,432237,DTU_Round2_2025.pdf
DTU,2025,R2,Round2,Delhi,Mechanical Engineering with specialization in Automotive Engineering,General,Single-Girl,81599,DTU_Round2_2025.pdf
DTU,2025,R2,Round2,Delhi,Mechanical Engineering with specialization in Automotive Engineering,General,PwD,838112,DTU_Round2_2025.pdf
DTU,2025,R2,Round2,Delhi,Engineering Physics,General,Gender-Neutral,35636,DTU_Round2_2025.pdf
DTU,2025,R2,Round2,Delhi,Engineering Physics,General,Girl,48687,DTU_Round2_2025.pdf
DTU,2025,R2,Round2,Delhi,Engineering Physics,EWS,Gender-Neutral,98592,DTU_Round2_2025.pdf
DTU,2025,R2,Round2,Delhi,Engineering Physics,OBC,Gender-Neutral,178855,DTU_Round2_2025.pdf
DTU,2025,R2,Round2,Delhi,Engineering Physics,OBC,Girl,236184,DTU_Round2_2025.pdf
DTU,2025,R2,Round2,Delhi,Engineering Physics,SC,Gender-Neutral,310102,DTU_Round2_2025.pdf
DTU,2025,R2,Round2,Delhi,Engineering Physics,SC,Girl,368074,DTU_Round2_2025.pdf
DTU,2025,R2,Round2,Delhi,Engineering Physics,ST,Gender-Neutral,880496,DTU_Round2_2025.pdf
DTU,2025,R2,Round2,Delhi,Engineering Physics,General,Single-Girl,54605,DTU_Round2_2025.pdf
DTU,2025,R2,Round2,Delhi,Engineering Physics,General,PwD,1360126,DTU_Round2_2025.pdf
DTU,2025,R2,Round2,Delhi,Chemical Engineering,General,Gender-Neutral,41607,DTU_Round2_2025.pdf
DTU,2025,R2,Round2,Delhi,Chemical Engineering,General,Girl,44418,DTU_Round2_2025.pdf
DTU,2025,R2,Round2,Delhi,Chemical Engineering,EWS,Gender-Neutral,109560,DTU_Round2_2025.pdf
DTU,2025,R2,Round2,Delhi,Chemical Engineering,EWS,Girl,166738,DTU_Round2_2025.pdf
DTU,2025,R2,Round2,Delhi,Chemical Engineering,OBC,Gender-Neutral,191079,DTU_Round2_2025.pdf
DTU,2025,R2,Round2,Delhi,Chemical Engineering,OBC,Girl,323012,DTU_Round2_2025.pdf
DTU,2025,R2,Round2,Delhi,Chemical Engineering,SC,Gender-Neutral,330369,DTU_Round2_2025.pdf
DTU,2025,R2,Round2,Delhi,Chemical Engineering,ST,Gender-Neutral,747794,DTU_Round2_2025.pdf
DTU,2025,R2,Round2,Delhi,Chemical Engineering,General,Single-Girl,95129,DTU_Round2_2025.pdf
DTU,2025,R2,Round2,Delhi,Chemical Engineering,General,PwD,1279355,DTU_Round2_2025.pdf
DTU,2025,R2,Round2,Delhi,Civil Engineering,General,Gender-Neutral,45808,DTU_Round2_2025.pdf
DTU,2025,R2,Round2,Delhi,Civil Engineering,General,Girl,76605,DTU_Round2_2025.pdf
DTU,2025,R2,Round2,Delhi,Civil Engineering,EWS,Gender-Neutral,116788,DTU_Round2_2025.pdf
DTU,2025,R2,Round2,Delhi,Civil Engineering,EWS,Girl,199792,DTU_Round2_2025.pdf
DTU,2025,R2,Round2,Delhi,Civil Engineering,OBC,Gender-Neutral,205818,DTU_Round2_2025.pdf
DTU,2025,R2,Round2,Delhi,Civil Engineering,OBC,Girl,341220,DTU_Round2_2025.pdf
DTU,2025,R2,Round2,Delhi,Civil Engineering,SC,Gender-Neutral,355198,DTU_Round2_2025.pdf
DTU,2025,R2,Round2,Delhi,Civil Engineering,SC,Girl,394746,DTU_Round2_2025.pdf
DTU,2025,R2,Round2,Delhi,Civil Engineering,ST,Gender-Neutral,404806,DTU_Round2_2025.pdf
DTU,2025,R2,Round2,Delhi,Civil Engineering,ST,Girl,810016,DTU_Round2_2025.pdf
DTU,2025,R2,Round2,Delhi,Civil Engineering,General,Single-Girl,101609,DTU_Round2_2025.pdf
DTU,2025,R2,Round2,Delhi,Civil Engineering,General,PwD,1061175,DTU_Round2_2025.pdf
DTU,2025,R2,Round2,Delhi,Production & Industrial Engineering,General,Gender-Neutral,43558,DTU_Round2_2025.pdf
DTU,2025,R2,Round2,Delhi,Production & Industrial Engineering,General,Girl,72325,DTU_Round2_2025.pdf
DTU,2025,R2,Round2,Delhi,Production & Industrial Engineering,EWS,Gender-Neutral,115656,DTU_Round2_2025.pdf
DTU,2025,R2,Round2,Delhi,Production & Industrial Engineering,OBC,Gender-Neutral,207140,DTU_Round2_2025.pdf
DTU,2025,R2,Round2,Delhi,Production & Industrial Engineering,OBC,Girl,340514,DTU_Round2_2025.pdf
DTU,2025,R2,Round2,Delhi,Production & Industrial Engineering,SC,Gender-Neutral,369807,DTU_Round2_2025.pdf
DTU,2025,R2,Round2,Delhi,Production & Industrial Engineering,SC,Girl,428352,DTU_Round2_2025.pdf
DTU,2025,R2,Round2,Delhi,Production & Industrial Engineering,General,Single-Girl,114374,DTU_Round2_2025.pdf
DTU,2025,R2,Round2,Delhi,Production & Industrial Engineering,General,PwD,1023999,DTU_Round2_2025.pdf
DTU,2025,R2,Round2,Delhi,Environmental Engineering,General,Gender-Neutral,47612,DTU_Round2_2025.pdf
DTU,2025,R2,Round2,Delhi,Environmental Engineering,General,Girl,55917,DTU_Round2_2025.pdf
DTU,2025,R2,Round2,Delhi,Environmental Engineering,EWS,Gender-Neutral,123209,DTU_Round2_2025.pdf
DTU,2025,R2,Round2,Delhi,Environmental Engineering,OBC,Gender-Neutral,220916,DTU_Round2_2025.pdf
DTU,2025,R2,Round2,Delhi,Environmental Engineering,OBC,Girl,340919,DTU_Round2_2025.pdf
DTU,2025,R2,Round2,Delhi,Environmental Engineering,SC,Gender-Neutral,378952,DTU_Round2_2025.pdf
DTU,2025,R2,Round2,Delhi,Environmental Engineering,SC,Girl,403477,DTU_Round2_2025.pdf
DTU,2025,R2,Round2,Delhi,Environmental Engineering,ST,Gender-Neutral,643847,DTU_Round2_2025.pdf
DTU,2025,R2,Round2,Delhi,Environmental Engineering,General,Single-Girl,96556,DTU_Round2_2025.pdf
DTU,2025,R2,Round2,Delhi,Environmental Engineering,General,PwD,1007481,DTU_Round2_2025.pdf
DTU,2025,R2,Round2,Delhi,Bio-Technology,General,Gender-Neutral,48760,DTU_Round2_2025.pdf
DTU,2025,R2,Round2,Delhi,Bio-Technology,General,Girl,56476,DTU_Round2_2025.pdf
DTU,2025,R2,Round2,Delhi,Bio-Technology,EWS,Gender-Neutral,122293,DTU_Round2_2025.pdf
DTU,2025,R2,Round2,Delhi,Bio-Technology,EWS,Girl,203570,DTU_Round2_2025.pdf
DTU,2025,R2,Round2,Delhi,Bio-Technology,OBC,Gender-Neutral,216282,DTU_Round2_2025.pdf
DTU,2025,R2,Round2,Delhi,Bio-Technology,OBC,Girl,235606,DTU_Round2_2025.pdf
DTU,2025,R2,Round2,Delhi,Bio-Technology,SC,Gender-Neutral,374848,DTU_Round2_2025.pdf
DTU,2025,R2,Round2,Delhi,Bio-Technology,ST,Gender-Neutral,557417,DTU_Round2_2025.pdf
DTU,2025,R2,Round2,Delhi,Bio-Technology,General,Single-Girl,96191,DTU_Round2_2025.pdf
DTU,2025,R2,Round2,Delhi,Bio-Technology,General,PwD,1095009,DTU_Round2_2025.pdf
DTU,2025,R2,Round2,Outside-Delhi,Computer Science and Engineering,General,Gender-Neutral,4034,DTU_Round2_2025.pdf
DTU,2025,R2,Round2,Outside-Delhi,Computer Science and Engineering,General,Girl,4938,DTU_Round2_2025.pdf
DTU,2025,R2,Round2,Outside-Delhi,Computer Science and Engineering,EWS,Gender-Neutral,7024,DTU_Round2_2025.pdf
DTU,2025,R2,Round2,Outside-Delhi,Computer Science and Engineering,EWS,Girl,7408,DTU_Round2_2025.pdf
DTU,2025,R2,Round2,Outside-Delhi,Computer Science and Engineering,OBC,Gender-Neutral,9980,DTU_Round2_2025.pdf
DTU,2025,R2,Round2,Outside-Delhi,Computer Science and Engineering,OBC,Girl,12736,DTU_Round2_2025.pdf
DTU,2025,R2,Round2,Outside-Delhi,Computer Science and Engineering,SC,Gender-Neutral,47049,DTU_Round2_2025.pdf
DTU,2025,R2,Round2,Outside-Delhi,Computer Science and Engineering,SC,Girl,50845,DTU_Round2_2025.pdf
DTU,2025,R2,Round2,Outside-Delhi,Computer Science and Engineering,ST,Gender-Neutral,66042,DTU_Round2_2025.pdf
DTU,2025,R2,Round2,Outside-Delhi,Computer Science and Engineering,General,PwD,43518,DTU_Round2_2025.pdf
DTU,2025,R2,Round2,Outside-Delhi,Computer Science and Engineering,EWS,PwD,152345,DTU_Round2_2025.pdf
DTU,2025,R2,Round2,Outside-Delhi,Computer Science and Engineering,OBC,PwD,134244,DTU_Round2_2025.pdf
DTU,2025,R2,Round2,Outside-Delhi,Computer Science and Engineering,SC,PwD,1035172,DTU_Round2_2025.pdf
DTU,2025,R2,Round2,Outside-Delhi,Computer Science and Engineering (Data Science & Analytics),General,Gender-Neutral,4272,DTU_Round2_2025.pdf
DTU,2025,R2,Round2,Outside-Delhi,Computer Science and Engineering (Data Science & Analytics),EWS,Gender-Neutral,8073,DTU_Round2_2025.pdf
DTU,2025,R2,Round2,Outside-Delhi,Computer Science and Engineering (Data Science & Analytics),OBC,Gender-Neutral,10684,DTU_Round2_2025.pdf
DTU,2025,R2,Round2,Outside-Delhi,Computer Science and Engineering (Data Science & Analytics),SC,Gender-Neutral,51242,DTU_Round2_2025.pdf
DTU,2025,R2,Round2,Outside-Delhi,Computer Science and Engineering (Data Science & Analytics),ST,Gender-Neutral,31717,DTU_Round2_2025.pdf
DTU,2025,R2,Round2,Outside-Delhi,Information Technology,General,Gender-Neutral,4952,DTU_Round2_2025.pdf
DTU,2025,R2,Round2,Outside-Delhi,Information Technology,EWS,Gender-Neutral,7993,DTU_Round2_2025.pdf
DTU,2025,R2,Round2,Outside-Delhi,Information Technology,OBC,Gender-Neutral,12574,DTU_Round2_2025.pdf
DTU,2025,R2,Round2,Outside-Delhi,Information Technology,SC,Gender-Neutral,53670,DTU_Round2_2025.pdf
DTU,2025,R2,Round2,Outside-Delhi,Information Technology,SC,Girl,64565,DTU_Round2_2025.pdf
DTU,2025,R2,Round2,Outside-Delhi,Information Technology,ST,Gender-Neutral,105678,DTU_Round2_2025.pdf
DTU,2025,R2,Round2,Outside-Delhi,Information Technology,General,PwD,75873,DTU_Round2_2025.pdf
DTU,2025,R2,Round2,Outside-Delhi,Information Technology (Cyber Security),General,Gender-Neutral,6135,DTU_Round2_2025.pdf
DTU,2025,R2,Round2,Outside-Delhi,Information Technology (Cyber Security),EWS,Gender-Neutral,9928,DTU_Round2_2025.pdf
DTU,2025,R2,Round2,Outside-Delhi,Information Technology (Cyber Security),OBC,Gender-Neutral,13318,DTU_Round2_2025.pdf
DTU,2025,R2,Round2,Outside-Delhi,Information Technology (Cyber Security),SC,Gender-Neutral,55963,DTU_Round2_2025.pdf
DTU,2025,R2,Round2,Outside-Delhi,Information Technology (Cyber Security),ST,Gender-Neutral,117020,DTU_Round2_2025.pdf
DTU,2025,R2,Round2,Outside-Delhi,Software Engineering,General,Gender-Neutral,5961,DTU_Round2_2025.pdf
DTU,2025,R2,Round2,Outside-Delhi,Software Engineering,General,Girl,6587,DTU_Round2_2025.pdf
DTU,2025,R2,Round2,Outside-Delhi,Software Engineering,EWS,Gender-Neutral,9530,DTU_Round2_2025.pdf
DTU,2025,R2,Round2,Outside-Delhi,Software Engineering,OBC,Gender-Neutral,14143,DTU_Round2_2025.pdf
DTU,2025,R2,Round2,Outside-Delhi,Software Engineering,SC,Gender-Neutral,69272,DTU_Round2_2025.pdf
DTU,2025,R2,Round2,Outside-Delhi,Software Engineering,ST,Gender-Neutral,111434,DTU_Round2_2025.pdf
DTU,2025,R2,Round2,Outside-Delhi,Software Engineering,General,PwD,127567,DTU_Round2_2025.pdf
DTU,2025,R2,Round2,Outside-Delhi,Software Engineering,EWS,PwD,177579,DTU_Round2_2025.pdf
DTU,2025,R2,Round2,Outside-Delhi,Mathematics and Computing,General,Gender-Neutral,5555,DTU_Round2_2025.pdf
DTU,2025,R2,Round2,Outside-Delhi,Mathematics and Computing,General,Girl,6544,DTU_Round2_2025.pdf
DTU,2025,R2,Round2,Outside-Delhi,Mathematics and Computing,EWS,Gender-Neutral,10584,DTU_Round2_2025.pdf
DTU,2025,R2,Round2,Outside-Delhi,Mathematics and Computing,OBC,Gender-Neutral,15667,DTU_Round2_2025.pdf
DTU,2025,R2,Round2,Outside-Delhi,Mathematics and Computing,SC,Gender-Neutral,68935,DTU_Round2_2025.pdf
DTU,2025,R2,Round2,Outside-Delhi,Mathematics and Computing,ST,Gender-Neutral,105153,DTU_Round2_2025.pdf
DTU,2025,R2,Round2,Outside-Delhi,Mathematics and Computing,OBC,PwD,211643,DTU_Round2_2025.pdf
DTU,2025,R2,Round2,Outside-Delhi,Electronics and Communication Engineering,General,Gender-Neutral,7122,DTU_Round2_2025.pdf
DTU,2025,R2,Round2,Outside-Delhi,Electronics and Communication Engineering,EWS,Gender-Neutral,10072,DTU_Round2_2025.pdf
DTU,2025,R2,Round2,Outside-Delhi,Electronics and Communication Engineering,OBC,Gender-Neutral,16560,DTU_Round2_2025.pdf
DTU,2025,R2,Round2,Outside-Delhi,Electronics and Communication Engineering,SC,Gender-Neutral,76383,DTU_Round2_2025.pdf
DTU,2025,R2,Round2,Outside-Delhi,Electronics and Communication Engineering,SC,Girl,85292,DTU_Round2_2025.pdf
DTU,2025,R2,Round2,Outside-Delhi,Electronics and Communication Engineering,ST,Gender-Neutral,89324,DTU_Round2_2025.pdf
DTU,2025,R2,Round2,Outside-Delhi,Electronics and Communication Engineering,ST,Girl,118479,DTU_Round2_2025.pdf
DTU,2025,R2,Round2,Outside-Delhi,Electronics Engineering (VLSI Design and Technology),General,Gender-Neutral,7360,DTU_Round2_2025.pdf
DTU,2025,R2,Round2,Outside-Delhi,Electronics Engineering (VLSI Design and Technology),EWS,Gender-Neutral,12212,DTU_Round2_2025.pdf
DTU,2025,R2,Round2,Outside-Delhi,Electronics Engineering (VLSI Design and Technology),OBC,Gender-Neutral,17893,DTU_Round2_2025.pdf
DTU,2025,R2,Round2,Outside-Delhi,Electronics Engineering (VLSI Design and Technology),SC,Gender-Neutral,73308,DTU_Round2_2025.pdf
DTU,2025,R2,Round2,Outside-Delhi,Electronics Engineering (VLSI Design and Technology),ST,Gender-Neutral,139989,DTU_Round2_2025.pdf
DTU,2025,R2,Round2,Outside-Delhi,Electronics Engineering (VLSI Design and Technology),General,PwD,134260,DTU_Round2_2025.pdf
DTU,2025,R2,Round2,Outside-Delhi,Electrical Engineering,General,Gender-Neutral,9518,DTU_Round2_2025.pdf
DTU,2025,R2,Round2,Outside-Delhi,Electrical Engineering,General,Girl,9584,DTU_Round2_2025.pdf
DTU,2025,R2,Round2,Outside-Delhi,Electrical Engineering,EWS,Gender-Neutral,15016,DTU_Round2_2025.pdf
DTU,2025,R2,Round2,Outside-Delhi,Electrical Engineering,OBC,Gender-Neutral,20126,DTU_Round2_2025.pdf
DTU,2025,R2,Round2,Outside-Delhi,Electrical Engineering,OBC,Girl,22371,DTU_Round2_2025.pdf
DTU,2025,R2,Round2,Outside-Delhi,Electrical Engineering,SC,Gender-Neutral,89313,DTU_Round2_2025.pdf
DTU,2025,R2,Round2,Outside-Delhi,Electrical Engineering,ST,Gender-Neutral,166647,DTU_Round2_2025.pdf
DTU,2025,R2,Round2,Outside-Delhi,Electrical Engineering,General,PwD,157474,DTU_Round2_2025.pdf
DTU,2025,R2,Round2,Outside-Delhi,Electrical Engineering,EWS,PwD,213306,DTU_Round2_2025.pdf
DTU,2025,R2,Round2,Outside-Delhi,Electrical Engineering,OBC,PwD,592591,DTU_Round2_2025.pdf
DTU,2025,R2,Round2,Outside-Delhi,Electrical Engineering,SC,PwD,1096669,DTU_Round2_2025.pdf
DTU,2025,R2,Round2,Outside-Delhi,Mechanical Engineering,General,Gender-Neutral,11784,DTU_Round2_2025.pdf
DTU,2025,R2,Round2,Outside-Delhi,Mechanical Engineering,General,Girl,15846,DTU_Round2_2025.pdf
DTU,2025,R2,Round2,Outside-Delhi,Mechanical Engineering,EWS,Gender-Neutral,16939,DTU_Round2_2025.pdf
DTU,2025,R2,Round2,Outside-Delhi,Mechanical Engineering,OBC,Gender-Neutral,23817,DTU_Round2_2025.pdf
DTU,2025,R2,Round2,Outside-Delhi,Mechanical Engineering,OBC,Girl,46566,DTU_Round2_2025.pdf
DTU,2025,R2,Round2,Outside-Delhi,Mechanical Engineering,SC,Gender-Neutral,101431,DTU_Round2_2025.pdf
DTU,2025,R2,Round2,Outside-Delhi,Mechanical Engineering,ST,Gender-Neutral,182782,DTU_Round2_2025.pdf
DTU,2025,R2,Round2,Outside-Delhi,Mechanical Engineering,General,PwD,237135,DTU_Round2_2025.pdf
DTU,2025,R2,Round2,Outside-Delhi,Mechanical Engineering with specialization in Automotive Engineering,General,Gender-Neutral,10908,DTU_Round2_2025.pdf
DTU,2025,R2,Round2,Outside-Delhi,Mechanical Engineering with specialization in Automotive Engineering,EWS,Gender-Neutral,17480,DTU_Round2_2025.pdf
DTU,2025,R2,Round2,Outside-Delhi,Mechanical Engineering with specialization in Automotive Engineering,OBC,Gender-Neutral,24296,DTU_Round2_2025.pdf
DTU,2025,R2,Round2,Outside-Delhi,Mechanical Engineering with specialization in Automotive Engineering,SC,Gender-Neutral,95807,DTU_Round2_2025.pdf
DTU,2025,R2,Round2,Outside-Delhi,Mechanical Engineering with specialization in Automotive Engineering,ST,Gender-Neutral,193127,DTU_Round2_2025.pdf
DTU,2025,R2,Round2,Outside-Delhi,Mechanical Engineering with specialization in Automotive Engineering,ST,Girl,283057,DTU_Round2_2025.pdf
DTU,2025,R2,Round2,Outside-Delhi,Mechanical Engineering with specialization in Automotive Engineering,General,PwD,335700,DTU_Round2_2025.pdf
DTU,2025,R2,Round2,Outside-Delhi,Engineering Physics,General,Gender-Neutral,10845,DTU_Round2_2025.pdf
DTU,2025,R2,Round2,Outside-Delhi,Engineering Physics,EWS,Gender-Neutral,19098,DTU_Round2_2025.pdf
DTU,2025,R2,Round2,Outside-Delhi,Engineering Physics,OBC,Gender-Neutral,24890,DTU_Round2_2025.pdf
DTU,2025,R2,Round2,Outside-Delhi,Engineering Physics,OBC,Girl,49393,DTU_Round2_2025.pdf
DTU,2025,R2,Round2,Outside-Delhi,Engineering Physics,SC,Gender-Neutral,116935,DTU_Round2_2025.pdf
DTU,2025,R2,Round2,Outside-Delhi,Engineering Physics,ST,Gender-Neutral,206134,DTU_Round2_2025.pdf
DTU,2025,R2,Round2,Outside-Delhi,Engineering Physics,OBC,PwD,1118227,DTU_Round2_2025.pdf
DTU,2025,R2,Round2,Outside-Delhi,Chemical Engineering,General,Gender-Neutral,12820,DTU_Round2_2025.pdf
DTU,2025,R2,Round2,Outside-Delhi,Chemical Engineering,EWS,Gender-Neutral,15482,DTU_Round2_2025.pdf
DTU,2025,R2,Round2,Outside-Delhi,Chemical Engineering,OBC,Gender-Neutral,24718,DTU_Round2_2025.pdf
DTU,2025,R2,Round2,Outside-Delhi,Chemical Engineering,OBC,Girl,51292,DTU_Round2_2025.pdf
DTU,2025,R2,Round2,Outside-Delhi,Chemical Engineering,SC,Gender-Neutral,101857,DTU_Round2_2025.pdf
DTU,2025,R2,Round2,Outside-Delhi,Chemical Engineering,ST,Gender-Neutral,181369,DTU_Round2_2025.pdf
DTU,2025,R2,Round2,Outside-Delhi,Civil Engineering,General,Gender-Neutral,14787,DTU_Round2_2025.pdf
DTU,2025,R2,Round2,Outside-Delhi,Civil Engineering,EWS,Gender-Neutral,19763,DTU_Round2_2025.pdf
DTU,2025,R2,Round2,Outside-Delhi,Civil Engineering,OBC,Gender-Neutral,26587,DTU_Round2_2025.pdf
DTU,2025,R2,Round2,Outside-Delhi,Civil Engineering,SC,Gender-Neutral,109079,DTU_Round2_2025.pdf
DTU,2025,R2,Round2,Outside-Delhi,Civil Engineering,ST,Gender-Neutral,141094,DTU_Round2_2025.pdf
DTU,2025,R2,Round2,Outside-Delhi,Civil Engineering,General,PwD,248255,DTU_Round2_2025.pdf
DTU,2025,R2,Round2,Outside-Delhi,Production & Industrial Engineering,General,Gender-Neutral,14428,DTU_Round2_2025.pdf
DTU,2025,R2,Round2,Outside-Delhi,Production & Industrial Engineering,General,Girl,20529,DTU_Round2_2025.pdf
DTU,2025,R2,Round2,Outside-Delhi,Production & Industrial Engineering,EWS,Gender-Neutral,20369,DTU_Round2_2025.pdf
DTU,2025,R2,Round2,Outside-Delhi,Production & Industrial Engineering,OBC,Gender-Neutral,27435,DTU_Round2_2025.pdf
DTU,2025,R2,Round2,Outside-Delhi,Production & Industrial Engineering,SC,Gender-Neutral,114415,DTU_Round2_2025.pdf
DTU,2025,R2,Round2,Outside-Delhi,Production & Industrial Engineering,ST,Gender-Neutral,206370,DTU_Round2_2025.pdf
DTU,2025,R2,Round2,Outside-Delhi,Environmental Engineering,General,Gender-Neutral,14674,DTU_Round2_2025.pdf
DTU,2025,R2,Round2,Outside-Delhi,Environmental Engineering,General,Girl,23106,DTU_Round2_2025.pdf
DTU,2025,R2,Round2,Outside-Delhi,Environmental Engineering,EWS,Gender-Neutral,22410,DTU_Round2_2025.pdf
DTU,2025,R2,Round2,Outside-Delhi,Environmental Engineering,OBC,Gender-Neutral,26550,DTU_Round2_2025.pdf
DTU,2025,R2,Round2,Outside-Delhi,Environmental Engineering,SC,Gender-Neutral,117203,DTU_Round2_2025.pdf
DTU,2025,R2,Round2,Outside-Delhi,Environmental Engineering,ST,Gender-Neutral,210539,DTU_Round2_2025.pdf
DTU,2025,R2,Round2,Outside-Delhi,Bio-Technology,General,Gender-Neutral,13167,DTU_Round2_2025.pdf
DTU,2025,R2,Round2,Outside-Delhi,Bio-Technology,General,Girl,22245,DTU_Round2_2025.pdf
DTU,2025,R2,Round2,Outside-Delhi,Bio-Technology,EWS,Gender-Neutral,22188,DTU_Round2_2025.pdf
DTU,2025,R2,Round2,Outside-Delhi,Bio-Technology,OBC,Gender-Neutral,28533,DTU_Round2_2025.pdf
DTU,2025,R2,Round2,Outside-Delhi,Bio-Technology,SC,Gender-Neutral,109793,DTU_Round2_2025.pdf
DTU,2025,R2,Round2,Outside-Delhi,Bio-Technology,ST,Gender-Neutral,193705,DTU_Round2_2025.pdf
DTU,2025,R3,Round3,Delhi,Computer Science and Engineering,General,Gender-Neutral,9058,DTU_Round3_2025.pdf
DTU,2025,R3,Round3,Delhi,Computer Science and Engineering,General,Girl,11234,DTU_Round3_2025.pdf
DTU,2025,R3,Round3,Delhi,Computer Science and Engineering,EWS,Gender-Neutral,25018,DTU_Round3_2025.pdf
DTU,2025,R3,Round3,Delhi,Computer Science and Engineering,EWS,Girl,26481,DTU_Round3_2025.pdf
DTU,2025,R3,Round3,Delhi,Computer Science and Engineering,OBC,Gender-Neutral,49118,DTU_Round3_2025.pdf
DTU,2025,R3,Round3,Delhi,Computer Science and Engineering,OBC,Girl,60183,DTU_Round3_2025.pdf
DTU,2025,R3,Round3,Delhi,Computer Science and Engineering,SC,Gender-Neutral,101006,DTU_Round3_2025.pdf
DTU,2025,R3,Round3,Delhi,Computer Science and Engineering,SC,Girl,118900,DTU_Round3_2025.pdf
DTU,2025,R3,Round3,Delhi,Computer Science and Engineering,ST,Gender-Neutral,345313,DTU_Round3_2025.pdf
DTU,2025,R3,Round3,Delhi,Computer Science and Engineering,ST,Girl,375308,DTU_Round3_2025.pdf
DTU,2025,R3,Round3,Delhi,Computer Science and Engineering,General,Single-Girl,13464,DTU_Round3_2025.pdf
DTU,2025,R3,Round3,Delhi,Computer Science and Engineering,General,PwD,153274,DTU_Round3_2025.pdf
DTU,2025,R3,Round3,Delhi,Computer Science and Engineering,EWS,PwD,293227,DTU_Round3_2025.pdf
DTU,2025,R3,Round3,Delhi,Computer Science and Engineering,OBC,PwD,863726,DTU_Round3_2025.pdf
DTU,2025,R3,Round3,Delhi,Computer Science and Engineering,SC,PwD,814722,DTU_Round3_2025.pdf
DTU,2025,R3,Round3,Delhi,Computer Science and Engineering (Data Science & Analytics),General,Gender-Neutral,10040,DTU_Round3_2025.pdf
DTU,2025,R3,Round3,Delhi,Computer Science and Engineering (Data Science & Analytics),General,Girl,11266,DTU_Round3_2025.pdf
DTU,2025,R3,Round3,Delhi,Computer Science and Engineering (Data Science & Analytics),EWS,Gender-Neutral,25828,DTU_Round3_2025.pdf
DTU,2025,R3,Round3,Delhi,Computer Science and Engineering (Data Science & Analytics),OBC,Gender-Neutral,54273,DTU_Round3_2025.pdf
DTU,2025,R3,Round3,Delhi,Computer Science and Engineering (Data Science & Analytics),OBC,Girl,57393,DTU_Round3_2025.pdf
DTU,2025,R3,Round3,Delhi,Computer Science and Engineering (Data Science & Analytics),SC,Gender-Neutral,100908,DTU_Round3_2025.pdf
DTU,2025,R3,Round3,Delhi,Computer Science and Engineering (Data Science & Analytics),SC,Girl,127751,DTU_Round3_2025.pdf
DTU,2025,R3,Round3,Delhi,Computer Science and Engineering (Data Science & Analytics),ST,Gender-Neutral,350822,DTU_Round3_2025.pdf
DTU,2025,R3,Round3,Delhi,Computer Science and Engineering (Data Science & Analytics),General,Single-Girl,16482,DTU_Round3_2025.pdf
DTU,2025,R3,Round3,Delhi,Computer Science and Engineering (Data Science & Analytics),General,PwD,164213,DTU_Round3_2025.pdf
DTU,2025,R3,Round3,Delhi,Computer Science and Engineering (Data Science & Analytics),OBC,PwD,661822,DTU_Round3_2025.pdf
DTU,2025,R3,Round3,Delhi,Information Technology,General,Gender-Neutral,12210,DTU_Round3_2025.pdf
DTU,2025,R3,Round3,Delhi,Information Technology,General,Girl,13129,DTU_Round3_2025.pdf
DTU,2025,R3,Round3,Delhi,Information Technology,EWS,Gender-Neutral,31611,DTU_Round3_2025.pdf
DTU,2025,R3,Round3,Delhi,Information Technology,EWS,Girl,31685,DTU_Round3_2025.pdf
DTU,2025,R3,Round3,Delhi,Information Technology,OBC,Gender-Neutral,69101,DTU_Round3_2025.pdf
DTU,2025,R3,Round3,Delhi,Information Technology,OBC,Girl,86242,DTU_Round3_2025.pdf
DTU,2025,R3,Round3,Delhi,Information Technology,SC,Gender-Neutral,128048,DTU_Round3_2025.pdf
DTU,2025,R3,Round3,Delhi,Information Technology,ST,Gender-Neutral,436084,DTU_Round3_2025.pdf
DTU,2025,R3,Round3,Delhi,Information Technology,ST,Girl,717670,DTU_Round3_2025.pdf
DTU,2025,R3,Round3,Delhi,Information Technology,General,Single-Girl,22510,DTU_Round3_2025.pdf
DTU,2025,R3,Round3,Delhi,Information Technology,General,PwD,236246,DTU_Round3_2025.pdf
DTU,2025,R3,Round3,Delhi,Information Technology,EWS,PwD,327036,DTU_Round3_2025.pdf
DTU,2025,R3,Round3,Delhi,Information Technology,OBC,PwD,968761,DTU_Round3_2025.pdf
DTU,2025,R3,Round3,Delhi,Information Technology (Cyber Security),General,Gender-Neutral,15044,DTU_Round3_2025.pdf
DTU,2025,R3,Round3,Delhi,Information Technology (Cyber Security),General,Girl,17225,DTU_Round3_2025.pdf
DTU,2025,R3,Round3,Delhi,Information Technology (Cyber Security),EWS,Gender-Neutral,36194,DTU_Round3_2025.pdf
DTU,2025,R3,Round3,Delhi,Information Technology (Cyber Security),OBC,Gender-Neutral,81158,DTU_Round3_2025.pdf
DTU,2025,R3,Round3,Delhi,Information Technology (Cyber Security),OBC,Girl,96775,DTU_Round3_2025.pdf
DTU,2025,R3,Round3,Delhi,Information Technology (Cyber Security),SC,Gender-Neutral,151661,DTU_Round3_2025.pdf
DTU,2025,R3,Round3,Delhi,Information Technology (Cyber Security),SC,Girl,163361,DTU_Round3_2025.pdf
DTU,2025,R3,Round3,Delhi,Information Technology (Cyber Security),ST,Gender-Neutral,585541,DTU_Round3_2025.pdf
DTU,2025,R3,Round3,Delhi,Information Technology (Cyber Security),General,Single-Girl,23372,DTU_Round3_2025.pdf
DTU,2025,R3,Round3,Delhi,Information Technology (Cyber Security),General,PwD,226990,DTU_Round3_2025.pdf
DTU,2025,R3,Round3,Delhi,Software Engineering,General,Gender-Neutral,14897,DTU_Round3_2025.pdf
DTU,2025,R3,Round3,Delhi,Software Engineering,General,Girl,17988,DTU_Round3_2025.pdf
DTU,2025,R3,Round3,Delhi,Software Engineering,EWS,Gender-Neutral,40169,DTU_Round3_2025.pdf
DTU,2025,R3,Round3,Delhi,Software Engineering,EWS,Girl,42751,DTU_Round3_2025.pdf
DTU,2025,R3,Round3,Delhi,Software Engineering,OBC,Gender-Neutral,80144,DTU_Round3_2025.pdf
DTU,2025,R3,Round3,Delhi,Software Engineering,OBC,Girl,106011,DTU_Round3_2025.pdf
DTU,2025,R3,Round3,Delhi,Software Engineering,SC,Gender-Neutral,162056,DTU_Round3_2025.pdf
DTU,2025,R3,Round3,Delhi,Software Engineering,SC,Girl,173557,DTU_Round3_2025.pdf
DTU,2025,R3,Round3,Delhi,Software Engineering,ST,Gender-Neutral,533773,DTU_Round3_2025.pdf
DTU,2025,R3,Round3,Delhi,Software Engineering,ST,Girl,593537,DTU_Round3_2025.pdf
DTU,2025,R3,Round3,Delhi,Software Engineering,General,Single-Girl,22677,DTU_Round3_2025.pdf
DTU,2025,R3,Round3,Delhi,Software Engineering,General,PwD,333904,DTU_Round3_2025.pdf
DTU,2025,R3,Round3,Delhi,Software Engineering,EWS,PwD,345115,DTU_Round3_2025.pdf
DTU,2025,R3,Round3,Delhi,Mathematics and Computing,General,Gender-Neutral,17155,DTU_Round3_2025.pdf
DTU,2025,R3,Round3,Delhi,Mathematics and Computing,General,Girl,18852,DTU_Round3_2025.pdf
DTU,2025,R3,Round3,Delhi,Mathematics and Computing,EWS,Gender-Neutral,44691,DTU_Round3_2025.pdf
DTU,2025,R3,Round3,Delhi,Mathematics and Computing,EWS,Girl,61080,DTU_Round3_2025.pdf
DTU,2025,R3,Round3,Delhi,Mathematics and Computing,OBC,Gender-Neutral,92354,DTU_Round3_2025.pdf
DTU,2025,R3,Round3,Delhi,Mathematics and Computing,OBC,Girl,115408,DTU_Round3_2025.pdf
DTU,2025,R3,Round3,Delhi,Mathematics and Computing,SC,Gender-Neutral,188992,DTU_Round3_2025.pdf
DTU,2025,R3,Round3,Delhi,Mathematics and Computing,SC,Girl,192288,DTU_Round3_2025.pdf
DTU,2025,R3,Round3,Delhi,Mathematics and Computing,ST,Gender-Neutral,716182,DTU_Round3_2025.pdf
DTU,2025,R3,Round3,Delhi,Mathematics and Computing,General,Single-Girl,24313,DTU_Round3_2025.pdf
DTU,2025,R3,Round3,Delhi,Mathematics and Computing,General,PwD,340318,DTU_Round3_2025.pdf
DTU,2025,R3,Round3,Delhi,Mathematics and Computing,EWS,PwD,419962,DTU_Round3_2025.pdf
DTU,2025,R3,Round3,Delhi,Electronics and Communication Engineering,General,Gender-Neutral,19378,DTU_Round3_2025.pdf
DTU,2025,R3,Round3,Delhi,Electronics and Communication Engineering,General,Girl,22064,DTU_Round3_2025.pdf
DTU,2025,R3,Round3,Delhi,Electronics and Communication Engineering,EWS,Gender-Neutral,52235,DTU_Round3_2025.pdf
DTU,2025,R3,Round3,Delhi,Electronics and Communication Engineering,EWS,Girl,67801,DTU_Round3_2025.pdf
DTU,2025,R3,Round3,Delhi,Electronics and Communication Engineering,OBC,Gender-Neutral,102436,DTU_Round3_2025.pdf
DTU,2025,R3,Round3,Delhi,Electronics and Communication Engineering,OBC,Girl,115607,DTU_Round3_2025.pdf
DTU,2025,R3,Round3,Delhi,Electronics and Communication Engineering,SC,Gender-Neutral,200437,DTU_Round3_2025.pdf
DTU,2025,R3,Round3,Delhi,Electronics and Communication Engineering,ST,Gender-Neutral,769060,DTU_Round3_2025.pdf
DTU,2025,R3,Round3,Delhi,Electronics and Communication Engineering,ST,Girl,836299,DTU_Round3_2025.pdf
DTU,2025,R3,Round3,Delhi,Electronics and Communication Engineering,General,Single-Girl,22899,DTU_Round3_2025.pdf
DTU,2025,R3,Round3,Delhi,Electronics and Communication Engineering,General,PwD,440684,DTU_Round3_2025.pdf
DTU,2025,R3,Round3,Delhi,Electronics and Communication Engineering,OBC,PwD,759285,DTU_Round3_2025.pdf
DTU,2025,R3,Round3,Delhi,Electronics Engineering (VLSI Design and Technology),General,Gender-Neutral,20320,DTU_Round3_2025.pdf
DTU,2025,R3,Round3,Delhi,Electronics Engineering (VLSI Design and Technology),General,Girl,26356,DTU_Round3_2025.pdf
DTU,2025,R3,Round3,Delhi,Electronics Engineering (VLSI Design and Technology),EWS,Gender-Neutral,55620,DTU_Round3_2025.pdf
DTU,2025,R3,Round3,Delhi,Electronics Engineering (VLSI Design and Technology),OBC,Gender-Neutral,109716,DTU_Round3_2025.pdf
DTU,2025,R3,Round3,Delhi,Electronics Engineering (VLSI Design and Technology),OBC,Girl,144448,DTU_Round3_2025.pdf
DTU,2025,R3,Round3,Delhi,Electronics Engineering (VLSI Design and Technology),SC,Gender-Neutral,208540,DTU_Round3_2025.pdf
DTU,2025,R3,Round3,Delhi,Electronics Engineering (VLSI Design and Technology),SC,Girl,216890,DTU_Round3_2025.pdf
DTU,2025,R3,Round3,Delhi,Electronics Engineering (VLSI Design and Technology),ST,Gender-Neutral,974471,DTU_Round3_2025.pdf
DTU,2025,R3,Round3,Delhi,Electronics Engineering (VLSI Design and Technology),General,Single-Girl,28383,DTU_Round3_2025.pdf
DTU,2025,R3,Round3,Delhi,Electronics Engineering (VLSI Design and Technology),General,PwD,451368,DTU_Round3_2025.pdf
DTU,2025,R3,Round3,Delhi,Electrical Engineering,General,Gender-Neutral,26555,DTU_Round3_2025.pdf
DTU,2025,R3,Round3,Delhi,Electrical Engineering,General,Girl,37174,DTU_Round3_2025.pdf
DTU,2025,R3,Round3,Delhi,Electrical Engineering,EWS,Gender-Neutral,76195,DTU_Round3_2025.pdf
DTU,2025,R3,Round3,Delhi,Electrical Engineering,EWS,Girl,97034,DTU_Round3_2025.pdf
DTU,2025,R3,Round3,Delhi,Electrical Engineering,OBC,Gender-Neutral,142702,DTU_Round3_2025.pdf
DTU,2025,R3,Round3,Delhi,Electrical Engineering,OBC,Girl,192885,DTU_Round3_2025.pdf
DTU,2025,R3,Round3,Delhi,Electrical Engineering,SC,Gender-Neutral,261778,DTU_Round3_2025.pdf
DTU,2025,R3,Round3,Delhi,Electrical Engineering,SC,Girl,392640,DTU_Round3_2025.pdf
DTU,2025,R3,Round3,Delhi,Electrical Engineering,ST,Gender-Neutral,1117103,DTU_Round3_2025.pdf
DTU,2025,R3,Round3,Delhi,Electrical Engineering,General,Single-Girl,52888,DTU_Round3_2025.pdf
DTU,2025,R3,Round3,Delhi,Electrical Engineering,General,PwD,828985,DTU_Round3_2025.pdf
DTU,2025,R3,Round3,Delhi,Mechanical Engineering,General,Gender-Neutral,36330,DTU_Round3_2025.pdf
DTU,2025,R3,Round3,Delhi,Mechanical Engineering,General,Girl,60433,DTU_Round3_2025.pdf
DTU,2025,R3,Round3,Delhi,Mechanical Engineering,EWS,Gender-Neutral,98904,DTU_Round3_2025.pdf
DTU,2025,R3,Round3,Delhi,Mechanical Engineering,EWS,Girl,174639,DTU_Round3_2025.pdf
DTU,2025,R3,Round3,Delhi,Mechanical Engineering,OBC,Gender-Neutral,176886,DTU_Round3_2025.pdf
DTU,2025,R3,Round3,Delhi,Mechanical Engineering,OBC,Girl,288743,DTU_Round3_2025.pdf
DTU,2025,R3,Round3,Delhi,Mechanical Engineering,SC,Gender-Neutral,307075,DTU_Round3_2025.pdf
DTU,2025,R3,Round3,Delhi,Mechanical Engineering,SC,Girl,459379,DTU_Round3_2025.pdf
DTU,2025,R3,Round3,Delhi,Mechanical Engineering,ST,Gender-Neutral,1220645,DTU_Round3_2025.pdf
DTU,2025,R3,Round3,Delhi,Mechanical Engineering,General,Single-Girl,70740,DTU_Round3_2025.pdf
DTU,2025,R3,Round3,Delhi,Mechanical Engineering,General,PwD,774676,DTU_Round3_2025.pdf
DTU,2025,R3,Round3,Delhi,Mechanical Engineering with specialization in Automotive Engineering,General,Gender-Neutral,38440,DTU_Round3_2025.pdf
DTU,2025,R3,Round3,Delhi,Mechanical Engineering with specialization in Automotive Engineering,General,Girl,57002,DTU_Round3_2025.pdf
DTU,2025,R3,Round3,Delhi,Mechanical Engineering with specialization in Automotive Engineering,EWS,Gender-Neutral,101716,DTU_Round3_2025.pdf
DTU,2025,R3,Round3,Delhi,Mechanical Engineering with specialization in Automotive Engineering,OBC,Gender-Neutral,185820,DTU_Round3_2025.pdf
DTU,2025,R3,Round3,Delhi,Mechanical Engineering with specialization in Automotive Engineering,OBC,Girl,322243,DTU_Round3_2025.pdf
DTU,2025,R3,Round3,Delhi,Mechanical Engineering with specialization in Automotive Engineering,SC,Gender-Neutral,323136,DTU_Round3_2025.pdf
DTU,2025,R3,Round3,Delhi,Mechanical Engineering with specialization in Automotive Engineering,SC,Girl,432237,DTU_Round3_2025.pdf
DTU,2025,R3,Round3,Delhi,Mechanical Engineering with specialization in Automotive Engineering,General,Single-Girl,91460,DTU_Round3_2025.pdf
DTU,2025,R3,Round3,Delhi,Mechanical Engineering with specialization in Automotive Engineering,General,PwD,838112,DTU_Round3_2025.pdf
DTU,2025,R3,Round3,Delhi,Engineering Physics,General,Gender-Neutral,36553,DTU_Round3_2025.pdf
DTU,2025,R3,Round3,Delhi,Engineering Physics,General,Girl,48687,DTU_Round3_2025.pdf
DTU,2025,R3,Round3,Delhi,Engineering Physics,EWS,Gender-Neutral,102108,DTU_Round3_2025.pdf
DTU,2025,R3,Round3,Delhi,Engineering Physics,OBC,Gender-Neutral,186325,DTU_Round3_2025.pdf
DTU,2025,R3,Round3,Delhi,Engineering Physics,OBC,Girl,236184,DTU_Round3_2025.pdf
DTU,2025,R3,Round3,Delhi,Engineering Physics,SC,Gender-Neutral,322378,DTU_Round3_2025.pdf
DTU,2025,R3,Round3,Delhi,Engineering Physics,SC,Girl,368074,DTU_Round3_2025.pdf
DTU,2025,R3,Round3,Delhi,Engineering Physics,ST,Gender-Neutral,880496,DTU_Round3_2025.pdf
DTU,2025,R3,Round3,Delhi,Engineering Physics,General,Single-Girl,54605,DTU_Round3_2025.pdf
DTU,2025,R3,Round3,Delhi,Engineering Physics,General,PwD,1360126,DTU_Round3_2025.pdf
DTU,2025,R3,Round3,Delhi,Chemical Engineering,General,Gender-Neutral,42775,DTU_Round3_2025.pdf
DTU,2025,R3,Round3,Delhi,Chemical Engineering,General,Girl,44418,DTU_Round3_2025.pdf
DTU,2025,R3,Round3,Delhi,Chemical Engineering,EWS,Gender-Neutral,110879,DTU_Round3_2025.pdf
DTU,2025,R3,Round3,Delhi,Chemical Engineering,EWS,Girl,166738,DTU_Round3_2025.pdf
DTU,2025,R3,Round3,Delhi,Chemical Engineering,OBC,Gender-Neutral,197491,DTU_Round3_2025.pdf
DTU,2025,R3,Round3,Delhi,Chemical Engineering,OBC,Girl,323012,DTU_Round3_2025.pdf
DTU,2025,R3,Round3,Delhi,Chemical Engineering,SC,Gender-Neutral,366977,DTU_Round3_2025.pdf
DTU,2025,R3,Round3,Delhi,Chemical Engineering,ST,Gender-Neutral,747794,DTU_Round3_2025.pdf
DTU,2025,R3,Round3,Delhi,Chemical Engineering,General,Single-Girl,95129,DTU_Round3_2025.pdf
DTU,2025,R3,Round3,Delhi,Chemical Engineering,General,PwD,1279355,DTU_Round3_2025.pdf
DTU,2025,R3,Round3,Delhi,Civil Engineering,General,Gender-Neutral,46631,DTU_Round3_2025.pdf
DTU,2025,R3,Round3,Delhi,Civil Engineering,General,Girl,79062,DTU_Round3_2025.pdf
DTU,2025,R3,Round3,Delhi,Civil Engineering,EWS,Gender-Neutral,121014,DTU_Round3_2025.pdf
DTU,2025,R3,Round3,Delhi,Civil Engineering,EWS,Girl,199792,DTU_Round3_2025.pdf
DTU,2025,R3,Round3,Delhi,Civil Engineering,OBC,Gender-Neutral,215728,DTU_Round3_2025.pdf
DTU,2025,R3,Round3,Delhi,Civil Engineering,OBC,Girl,365857,DTU_Round3_2025.pdf
DTU,2025,R3,Round3,Delhi,Civil Engineering,SC,Gender-Neutral,370421,DTU_Round3_2025.pdf
DTU,2025,R3,Round3,Delhi,Civil Engineering,SC,Girl,394746,DTU_Round3_2025.pdf
DTU,2025,R3,Round3,Delhi,Civil Engineering,ST,Gender-Neutral,404806,DTU_Round3_2025.pdf
DTU,2025,R3,Round3,Delhi,Civil Engineering,ST,Girl,810016,DTU_Round3_2025.pdf
DTU,2025,R3,Round3,Delhi,Civil Engineering,General,Single-Girl,116920,DTU_Round3_2025.pdf
DTU,2025,R3,Round3,Delhi,Civil Engineering,General,PwD,1071740,DTU_Round3_2025.pdf
DTU,2025,R3,Round3,Delhi,Production & Industrial Engineering,General,Gender-Neutral,44365,DTU_Round3_2025.pdf
DTU,2025,R3,Round3,Delhi,Production & Industrial Engineering,General,Girl,72325,DTU_Round3_2025.pdf
DTU,2025,R3,Round3,Delhi,Production & Industrial Engineering,EWS,Gender-Neutral,122293,DTU_Round3_2025.pdf
DTU,2025,R3,Round3,Delhi,Production & Industrial Engineering,OBC,Gender-Neutral,211806,DTU_Round3_2025.pdf
DTU,2025,R3,Round3,Delhi,Production & Industrial Engineering,OBC,Girl,340514,DTU_Round3_2025.pdf
DTU,2025,R3,Round3,Delhi,Production & Industrial Engineering,SC,Gender-Neutral,387239,DTU_Round3_2025.pdf
DTU,2025,R3,Round3,Delhi,Production & Industrial Engineering,SC,Girl,494818,DTU_Round3_2025.pdf
DTU,2025,R3,Round3,Delhi,Production & Industrial Engineering,General,Single-Girl,114374,DTU_Round3_2025.pdf
DTU,2025,R3,Round3,Delhi,Production & Industrial Engineering,General,PwD,1121086,DTU_Round3_2025.pdf
DTU,2025,R3,Round3,Delhi,Environmental Engineering,General,Gender-Neutral,49895,DTU_Round3_2025.pdf
DTU,2025,R3,Round3,Delhi,Environmental Engineering,General,Girl,55917,DTU_Round3_2025.pdf
DTU,2025,R3,Round3,Delhi,Environmental Engineering,EWS,Gender-Neutral,127500,DTU_Round3_2025.pdf
DTU,2025,R3,Round3,Delhi,Environmental Engineering,OBC,Gender-Neutral,226252,DTU_Round3_2025.pdf
DTU,2025,R3,Round3,Delhi,Environmental Engineering,OBC,Girl,340919,DTU_Round3_2025.pdf
DTU,2025,R3,Round3,Delhi,Environmental Engineering,SC,Gender-Neutral,399055,DTU_Round3_2025.pdf
DTU,2025,R3,Round3,Delhi,Environmental Engineering,SC,Girl,403477,DTU_Round3_2025.pdf
DTU,2025,R3,Round3,Delhi,Environmental Engineering,ST,Gender-Neutral,643847,DTU_Round3_2025.pdf
DTU,2025,R3,Round3,Delhi,Environmental Engineering,General,Single-Girl,96556,DTU_Round3_2025.pdf
DTU,2025,R3,Round3,Delhi,Environmental Engineering,General,PwD,1007481,DTU_Round3_2025.pdf
DTU,2025,R3,Round3,Delhi,Bio-Technology,General,Gender-Neutral,50202,DTU_Round3_2025.pdf
DTU,2025,R3,Round3,Delhi,Bio-Technology,General,Girl,56476,DTU_Round3_2025.pdf
DTU,2025,R3,Round3,Delhi,Bio-Technology,EWS,Gender-Neutral,125062,DTU_Round3_2025.pdf
DTU,2025,R3,Round3,Delhi,Bio-Technology,EWS,Girl,203570,DTU_Round3_2025.pdf
DTU,2025,R3,Round3,Delhi,Bio-Technology,OBC,Gender-Neutral,229876,DTU_Round3_2025.pdf
DTU,2025,R3,Round3,Delhi,Bio-Technology,OBC,Girl,235606,DTU_Round3_2025.pdf
DTU,2025,R3,Round3,Delhi,Bio-Technology,SC,Gender-Neutral,387167,DTU_Round3_2025.pdf
DTU,2025,R3,Round3,Delhi,Bio-Technology,ST,Gender-Neutral,557417,DTU_Round3_2025.pdf
DTU,2025,R3,Round3,Delhi,Bio-Technology,General,Single-Girl,129631,DTU_Round3_2025.pdf
DTU,2025,R3,Round3,Delhi,Bio-Technology,General,PwD,1095009,DTU_Round3_2025.pdf
DTU,2025,R3,Round3,Outside-Delhi,Computer Science and Engineering,General,Gender-Neutral,4666,DTU_Round3_2025.pdf
DTU,2025,R3,Round3,Outside-Delhi,Computer Science and Engineering,General,Girl,5059,DTU_Round3_2025.pdf
DTU,2025,R3,Round3,Outside-Delhi,Computer Science and Engineering,EWS,Gender-Neutral,8073,DTU_Round3_2025.pdf
DTU,2025,R3,Round3,Outside-Delhi,Computer Science and Engineering,EWS,Girl,12353,DTU_Round3_2025.pdf
DTU,2025,R3,Round3,Outside-Delhi,Computer Science and Engineering,OBC,Gender-Neutral,11054,DTU_Round3_2025.pdf
DTU,2025,R3,Round3,Outside-Delhi,Computer Science and Engineering,OBC,Girl,12736,DTU_Round3_2025.pdf
DTU,2025,R3,Round3,Outside-Delhi,Computer Science and Engineering,SC,Gender-Neutral,53632,DTU_Round3_2025.pdf
DTU,2025,R3,Round3,Outside-Delhi,Computer Science and Engineering,SC,Girl,67313,DTU_Round3_2025.pdf
DTU,2025,R3,Round3,Outside-Delhi,Computer Science and Engineering,ST,Gender-Neutral,66042,DTU_Round3_2025.pdf
DTU,2025,R3,Round3,Outside-Delhi,Computer Science and Engineering,General,PwD,43518,DTU_Round3_2025.pdf
DTU,2025,R3,Round3,Outside-Delhi,Computer Science and Engineering,EWS,PwD,152345,DTU_Round3_2025.pdf
DTU,2025,R3,Round3,Outside-Delhi,Computer Science and Engineering,OBC,PwD,134244,DTU_Round3_2025.pdf
DTU,2025,R3,Round3,Outside-Delhi,Computer Science and Engineering,SC,PwD,1035172,DTU_Round3_2025.pdf
DTU,2025,R3,Round3,Outside-Delhi,Computer Science and Engineering (Data Science & Analytics),General,Gender-Neutral,4788,DTU_Round3_2025.pdf
DTU,2025,R3,Round3,Outside-Delhi,Computer Science and Engineering (Data Science & Analytics),EWS,Gender-Neutral,9479,DTU_Round3_2025.pdf
DTU,2025,R3,Round3,Outside-Delhi,Computer Science and Engineering (Data Science & Analytics),OBC,Gender-Neutral,12574,DTU_Round3_2025.pdf
DTU,2025,R3,Round3,Outside-Delhi,Computer Science and Engineering (Data Science & Analytics),SC,Gender-Neutral,53670,DTU_Round3_2025.pdf
DTU,2025,R3,Round3,Outside-Delhi,Computer Science and Engineering (Data Science & Analytics),ST,Gender-Neutral,31717,DTU_Round3_2025.pdf
DTU,2025,R3,Round3,Outside-Delhi,Information Technology,General,Gender-Neutral,6050,DTU_Round3_2025.pdf
DTU,2025,R3,Round3,Outside-Delhi,Information Technology,EWS,Gender-Neutral,9530,DTU_Round3_2025.pdf
DTU,2025,R3,Round3,Outside-Delhi,Information Technology,OBC,Gender-Neutral,13743,DTU_Round3_2025.pdf
DTU,2025,R3,Round3,Outside-Delhi,Information Technology,SC,Gender-Neutral,61672,DTU_Round3_2025.pdf
DTU,2025,R3,Round3,Outside-Delhi,Information Technology,SC,Girl,85292,DTU_Round3_2025.pdf
DTU,2025,R3,Round3,Outside-Delhi,Information Technology,ST,Gender-Neutral,105678,DTU_Round3_2025.pdf
DTU,2025,R3,Round3,Outside-Delhi,Information Technology,General,PwD,75873,DTU_Round3_2025.pdf
DTU,2025,R3,Round3,Outside-Delhi,Information Technology (Cyber Security),General,Gender-Neutral,6500,DTU_Round3_2025.pdf
DTU,2025,R3,Round3,Outside-Delhi,Information Technology (Cyber Security),EWS,Gender-Neutral,9928,DTU_Round3_2025.pdf
DTU,2025,R3,Round3,Outside-Delhi,Information Technology (Cyber Security),OBC,Gender-Neutral,15254,DTU_Round3_2025.pdf
DTU,2025,R3,Round3,Outside-Delhi,Information Technology (Cyber Security),SC,Gender-Neutral,69379,DTU_Round3_2025.pdf
DTU,2025,R3,Round3,Outside-Delhi,Information Technology (Cyber Security),ST,Gender-Neutral,144016,DTU_Round3_2025.pdf
DTU,2025,R3,Round3,Outside-Delhi,Software Engineering,General,Gender-Neutral,6821,DTU_Round3_2025.pdf
DTU,2025,R3,Round3,Outside-Delhi,Software Engineering,General,Girl,8580,DTU_Round3_2025.pdf
DTU,2025,R3,Round3,Outside-Delhi,Software Engineering,EWS,Gender-Neutral,10072,DTU_Round3_2025.pdf
DTU,2025,R3,Round3,Outside-Delhi,Software Engineering,OBC,Gender-Neutral,15667,DTU_Round3_2025.pdf
DTU,2025,R3,Round3,Outside-Delhi,Software Engineering,SC,Gender-Neutral,69272,DTU_Round3_2025.pdf
DTU,2025,R3,Round3,Outside-Delhi,Software Engineering,ST,Gender-Neutral,125637,DTU_Round3_2025.pdf
DTU,2025,R3,Round3,Outside-Delhi,Software Engineering,General,PwD,127567,DTU_Round3_2025.pdf
DTU,2025,R3,Round3,Outside-Delhi,Software Engineering,EWS,PwD,213306,DTU_Round3_2025.pdf
DTU,2025,R3,Round3,Outside-Delhi,Mathematics and Computing,General,Gender-Neutral,6561,DTU_Round3_2025.pdf
DTU,2025,R3,Round3,Outside-Delhi,Mathematics and Computing,General,Girl,7660,DTU_Round3_2025.pdf
DTU,2025,R3,Round3,Outside-Delhi,Mathematics and Computing,EWS,Gender-Neutral,10962,DTU_Round3_2025.pdf
DTU,2025,R3,Round3,Outside-Delhi,Mathematics and Computing,OBC,Gender-Neutral,17794,DTU_Round3_2025.pdf
DTU,2025,R3,Round3,Outside-Delhi,Mathematics and Computing,SC,Gender-Neutral,78739,DTU_Round3_2025.pdf
DTU,2025,R3,Round3,Outside-Delhi,Mathematics and Computing,ST,Gender-Neutral,105153,DTU_Round3_2025.pdf
DTU,2025,R3,Round3,Outside-Delhi,Mathematics and Computing,OBC,PwD,211643,DTU_Round3_2025.pdf
DTU,2025,R3,Round3,Outside-Delhi,Electronics and Communication Engineering,General,Gender-Neutral,7617,DTU_Round3_2025.pdf
DTU,2025,R3,Round3,Outside-Delhi,Electronics and Communication Engineering,EWS,Gender-Neutral,11823,DTU_Round3_2025.pdf
DTU,2025,R3,Round3,Outside-Delhi,Electronics and Communication Engineering,OBC,Gender-Neutral,17953,DTU_Round3_2025.pdf
DTU,2025,R3,Round3,Outside-Delhi,Electronics and Communication Engineering,SC,Gender-Neutral,79361,DTU_Round3_2025.pdf
DTU,2025,R3,Round3,Outside-Delhi,Electronics and Communication Engineering,SC,Girl,110509,DTU_Round3_2025.pdf
DTU,2025,R3,Round3,Outside-Delhi,Electronics and Communication Engineering,ST,Gender-Neutral,89324,DTU_Round3_2025.pdf
DTU,2025,R3,Round3,Outside-Delhi,Electronics and Communication Engineering,ST,Girl,213349,DTU_Round3_2025.pdf
DTU,2025,R3,Round3,Outside-Delhi,Electronics Engineering (VLSI Design and Technology),General,Gender-Neutral,8165,DTU_Round3_2025.pdf
DTU,2025,R3,Round3,Outside-Delhi,Electronics Engineering (VLSI Design and Technology),EWS,Gender-Neutral,12212,DTU_Round3_2025.pdf
DTU,2025,R3,Round3,Outside-Delhi,Electronics Engineering (VLSI Design and Technology),OBC,Gender-Neutral,18719,DTU_Round3_2025.pdf
DTU,2025,R3,Round3,Outside-Delhi,Electronics Engineering (VLSI Design and Technology),SC,Gender-Neutral,87615,DTU_Round3_2025.pdf
DTU,2025,R3,Round3,Outside-Delhi,Electronics Engineering (VLSI Design and Technology),ST,Gender-Neutral,139989,DTU_Round3_2025.pdf
DTU,2025,R3,Round3,Outside-Delhi,Electronics Engineering (VLSI Design and Technology),General,PwD,157474,DTU_Round3_2025.pdf
DTU,2025,R3,Round3,Outside-Delhi,Electrical Engineering,General,Gender-Neutral,10350,DTU_Round3_2025.pdf
DTU,2025,R3,Round3,Outside-Delhi,Electrical Engineering,General,Girl,11475,DTU_Round3_2025.pdf
DTU,2025,R3,Round3,Outside-Delhi,Electrical Engineering,EWS,Gender-Neutral,15296,DTU_Round3_2025.pdf
DTU,2025,R3,Round3,Outside-Delhi,Electrical Engineering,OBC,Gender-Neutral,22161,DTU_Round3_2025.pdf
DTU,2025,R3,Round3,Outside-Delhi,Electrical Engineering,OBC,Girl,41404,DTU_Round3_2025.pdf
DTU,2025,R3,Round3,Outside-Delhi,Electrical Engineering,SC,Gender-Neutral,95474,DTU_Round3_2025.pdf
DTU,2025,R3,Round3,Outside-Delhi,Electrical Engineering,ST,Gender-Neutral,178527,DTU_Round3_2025.pdf
DTU,2025,R3,Round3,Outside-Delhi,Electrical Engineering,General,PwD,171244,DTU_Round3_2025.pdf
DTU,2025,R3,Round3,Outside-Delhi,Electrical Engineering,EWS,PwD,575565,DTU_Round3_2025.pdf
DTU,2025,R3,Round3,Outside-Delhi,Electrical Engineering,OBC,PwD,592591,DTU_Round3_2025.pdf
DTU,2025,R3,Round3,Outside-Delhi,Mechanical Engineering,General,Gender-Neutral,12863,DTU_Round3_2025.pdf
DTU,2025,R3,Round3,Outside-Delhi,Mechanical Engineering,General,Girl,19608,DTU_Round3_2025.pdf
DTU,2025,R3,Round3,Outside-Delhi,Mechanical Engineering,EWS,Gender-Neutral,18029,DTU_Round3_2025.pdf
DTU,2025,R3,Round3,Outside-Delhi,Mechanical Engineering,OBC,Gender-Neutral,25772,DTU_Round3_2025.pdf
DTU,2025,R3,Round3,Outside-Delhi,Mechanical Engineering,OBC,Girl,51115,DTU_Round3_2025.pdf
DTU,2025,R3,Round3,Outside-Delhi,Mechanical Engineering,SC,Gender-Neutral,114415,DTU_Round3_2025.pdf
DTU,2025,R3,Round3,Outside-Delhi,Mechanical Engineering,ST,Gender-Neutral,193127,DTU_Round3_2025.pdf
DTU,2025,R3,Round3,Outside-Delhi,Mechanical Engineering,General,PwD,248255,DTU_Round3_2025.pdf
DTU,2025,R3,Round3,Outside-Delhi,Mechanical Engineering with specialization in Automotive Engineering,General,Gender-Neutral,12820,DTU_Round3_2025.pdf
DTU,2025,R3,Round3,Outside-Delhi,Mechanical Engineering with specialization in Automotive Engineering,EWS,Gender-Neutral,20369,DTU_Round3_2025.pdf
DTU,2025,R3,Round3,Outside-Delhi,Mechanical Engineering with specialization in Automotive Engineering,OBC,Gender-Neutral,26847,DTU_Round3_2025.pdf
DTU,2025,R3,Round3,Outside-Delhi,Mechanical Engineering with specialization in Automotive Engineering,SC,Gender-Neutral,110368,DTU_Round3_2025.pdf
DTU,2025,R3,Round3,Outside-Delhi,Mechanical Engineering with specialization in Automotive Engineering,ST,Gender-Neutral,193705,DTU_Round3_2025.pdf
DTU,2025,R3,Round3,Outside-Delhi,Mechanical Engineering with specialization in Automotive Engineering,ST,Girl,283057,DTU_Round3_2025.pdf
DTU,2025,R3,Round3,Outside-Delhi,Mechanical Engineering with specialization in Automotive Engineering,General,PwD,335700,DTU_Round3_2025.pdf
DTU,2025,R3,Round3,Outside-Delhi,Engineering Physics,General,Gender-Neutral,11631,DTU_Round3_2025.pdf
DTU,2025,R3,Round3,Outside-Delhi,Engineering Physics,EWS,Gender-Neutral,21016,DTU_Round3_2025.pdf
DTU,2025,R3,Round3,Outside-Delhi,Engineering Physics,OBC,Gender-Neutral,27110,DTU_Round3_2025.pdf
DTU,2025,R3,Round3,Outside-Delhi,Engineering Physics,OBC,Girl,49393,DTU_Round3_2025.pdf
DTU,2025,R3,Round3,Outside-Delhi,Engineering Physics,SC,Gender-Neutral,118316,DTU_Round3_2025.pdf
DTU,2025,R3,Round3,Outside-Delhi,Engineering Physics,ST,Gender-Neutral,216221,DTU_Round3_2025.pdf
DTU,2025,R3,Round3,Outside-Delhi,Engineering Physics,OBC,PwD,1118227,DTU_Round3_2025.pdf
DTU,2025,R3,Round3,Outside-Delhi,Chemical Engineering,General,Gender-Neutral,14214,DTU_Round3_2025.pdf
DTU,2025,R3,Round3,Outside-Delhi,Chemical Engineering,EWS,Gender-Neutral,22955,DTU_Round3_2025.pdf
DTU,2025,R3,Round3,Outside-Delhi,Chemical Engineering,OBC,Gender-Neutral,26838,DTU_Round3_2025.pdf
DTU,2025,R3,Round3,Outside-Delhi,Chemical Engineering,OBC,Girl,53348,DTU_Round3_2025.pdf
DTU,2025,R3,Round3,Outside-Delhi,Chemical Engineering,SC,Gender-Neutral,122464,DTU_Round3_2025.pdf
DTU,2025,R3,Round3,Outside-Delhi,Chemical Engineering,ST,Gender-Neutral,197137,DTU_Round3_2025.pdf
DTU,2025,R3,Round3,Outside-Delhi,Civil Engineering,General,Gender-Neutral,16053,DTU_Round3_2025.pdf
DTU,2025,R3,Round3,Outside-Delhi,Civil Engineering,EWS,Gender-Neutral,20721,DTU_Round3_2025.pdf
DTU,2025,R3,Round3,Outside-Delhi,Civil Engineering,OBC,Gender-Neutral,30130,DTU_Round3_2025.pdf
DTU,2025,R3,Round3,Outside-Delhi,Civil Engineering,SC,Gender-Neutral,127525,DTU_Round3_2025.pdf
DTU,2025,R3,Round3,Outside-Delhi,Civil Engineering,ST,Gender-Neutral,141094,DTU_Round3_2025.pdf
DTU,2025,R3,Round3,Outside-Delhi,Civil Engineering,General,PwD,300382,DTU_Round3_2025.pdf
DTU,2025,R3,Round3,Outside-Delhi,Production & Industrial Engineering,General,Gender-Neutral,15674,DTU_Round3_2025.pdf
DTU,2025,R3,Round3,Outside-Delhi,Production & Industrial Engineering,General,Girl,24315,DTU_Round3_2025.pdf
DTU,2025,R3,Round3,Outside-Delhi,Production & Industrial Engineering,EWS,Gender-Neutral,23392,DTU_Round3_2025.pdf
DTU,2025,R3,Round3,Outside-Delhi,Production & Industrial Engineering,OBC,Gender-Neutral,29563,DTU_Round3_2025.pdf
DTU,2025,R3,Round3,Outside-Delhi,Production & Industrial Engineering,SC,Gender-Neutral,124609,DTU_Round3_2025.pdf
DTU,2025,R3,Round3,Outside-Delhi,Production & Industrial Engineering,ST,Gender-Neutral,206370,DTU_Round3_2025.pdf
DTU,2025,R3,Round3,Outside-Delhi,Environmental Engineering,General,Gender-Neutral,16213,DTU_Round3_2025.pdf
DTU,2025,R3,Round3,Outside-Delhi,Environmental Engineering,General,Girl,28445,DTU_Round3_2025.pdf
DTU,2025,R3,Round3,Outside-Delhi,Environmental Engineering,EWS,Gender-Neutral,24051,DTU_Round3_2025.pdf
DTU,2025,R3,Round3,Outside-Delhi,Environmental Engineering,OBC,Gender-Neutral,30204,DTU_Round3_2025.pdf
DTU,2025,R3,Round3,Outside-Delhi,Environmental Engineering,SC,Gender-Neutral,128355,DTU_Round3_2025.pdf
DTU,2025,R3,Round3,Outside-Delhi,Environmental Engineering,ST,Gender-Neutral,225039,DTU_Round3_2025.pdf
DTU,2025,R3,Round3,Outside-Delhi,Bio-Technology,General,Gender-Neutral,15269,DTU_Round3_2025.pdf
DTU,2025,R3,Round3,Outside-Delhi,Bio-Technology,General,Girl,27680,DTU_Round3_2025.pdf
DTU,2025,R3,Round3,Outside-Delhi,Bio-Technology,EWS,Gender-Neutral,24785,DTU_Round3_2025.pdf
DTU,2025,R3,Round3,Outside-Delhi,Bio-Technology,OBC,Gender-Neutral,30502,DTU_Round3_2025.pdf
DTU,2025,R3,Round3,Outside-Delhi,Bio-Technology,SC,Gender-Neutral,123309,DTU_Round3_2025.pdf
DTU,2025,R3,Round3,Outside-Delhi,Bio-Technology,ST,Gender-Neutral,226259,DTU_Round3_2025.pdf
DTU,2025,R4,Round4,Delhi,Computer Science and Engineering,General,Gender-Neutral,9403,DTU_Round4_2025.pdf
DTU,2025,R4,Round4,Delhi,Computer Science and Engineering,General,Girl,11234,DTU_Round4_2025.pdf
DTU,2025,R4,Round4,Delhi,Computer Science and Engineering,EWS,Gender-Neutral,25031,DTU_Round4_2025.pdf
DTU,2025,R4,Round4,Delhi,Computer Science and Engineering,EWS,Girl,26481,DTU_Round4_2025.pdf
DTU,2025,R4,Round4,Delhi,Computer Science and Engineering,OBC,Gender-Neutral,49326,DTU_Round4_2025.pdf
DTU,2025,R4,Round4,Delhi,Computer Science and Engineering,OBC,Girl,60183,DTU_Round4_2025.pdf
DTU,2025,R4,Round4,Delhi,Computer Science and Engineering,SC,Gender-Neutral,103890,DTU_Round4_2025.pdf
DTU,2025,R4,Round4,Delhi,Computer Science and Engineering,SC,Girl,118900,DTU_Round4_2025.pdf
DTU,2025,R4,Round4,Delhi,Computer Science and Engineering,ST,Gender-Neutral,345313,DTU_Round4_2025.pdf
DTU,2025,R4,Round4,Delhi,Computer Science and Engineering,ST,Girl,375308,DTU_Round4_2025.pdf
DTU,2025,R4,Round4,Delhi,Computer Science and Engineering,General,Single-Girl,13464,DTU_Round4_2025.pdf
DTU,2025,R4,Round4,Delhi,Computer Science and Engineering,General,PwD,153274,DTU_Round4_2025.pdf
DTU,2025,R4,Round4,Delhi,Computer Science and Engineering,EWS,PwD,293227,DTU_Round4_2025.pdf
DTU,2025,R4,Round4,Delhi,Computer Science and Engineering,OBC,PwD,863726,DTU_Round4_2025.pdf
DTU,2025,R4,Round4,Delhi,Computer Science and Engineering,SC,PwD,701955,DTU_Round4_2025.pdf
DTU,2025,R4,Round4,Delhi,Computer Science and Engineering (Data Science & Analytics),General,Gender-Neutral,10296,DTU_Round4_2025.pdf
DTU,2025,R4,Round4,Delhi,Computer Science and Engineering (Data Science & Analytics),General,Girl,11266,DTU_Round4_2025.pdf
DTU,2025,R4,Round4,Delhi,Computer Science and Engineering (Data Science & Analytics),EWS,Gender-Neutral,25828,DTU_Round4_2025.pdf
DTU,2025,R4,Round4,Delhi,Computer Science and Engineering (Data Science & Analytics),OBC,Gender-Neutral,54273,DTU_Round4_2025.pdf
DTU,2025,R4,Round4,Delhi,Computer Science and Engineering (Data Science & Analytics),OBC,Girl,57393,DTU_Round4_2025.pdf
DTU,2025,R4,Round4,Delhi,Computer Science and Engineering (Data Science & Analytics),SC,Gender-Neutral,100908,DTU_Round4_2025.pdf
DTU,2025,R4,Round4,Delhi,Computer Science and Engineering (Data Science & Analytics),SC,Girl,127751,DTU_Round4_2025.pdf
DTU,2025,R4,Round4,Delhi,Computer Science and Engineering (Data Science & Analytics),ST,Gender-Neutral,356659,DTU_Round4_2025.pdf
DTU,2025,R4,Round4,Delhi,Computer Science and Engineering (Data Science & Analytics),General,Single-Girl,16482,DTU_Round4_2025.pdf
DTU,2025,R4,Round4,Delhi,Computer Science and Engineering (Data Science & Analytics),General,PwD,164213,DTU_Round4_2025.pdf
DTU,2025,R4,Round4,Delhi,Computer Science and Engineering (Data Science & Analytics),OBC,PwD,661822,DTU_Round4_2025.pdf
DTU,2025,R4,Round4,Delhi,Information Technology,General,Gender-Neutral,12311,DTU_Round4_2025.pdf
DTU,2025,R4,Round4,Delhi,Information Technology,General,Girl,13129,DTU_Round4_2025.pdf
DTU,2025,R4,Round4,Delhi,Information Technology,EWS,Gender-Neutral,31611,DTU_Round4_2025.pdf
DTU,2025,R4,Round4,Delhi,Information Technology,EWS,Girl,31685,DTU_Round4_2025.pdf
DTU,2025,R4,Round4,Delhi,Information Technology,OBC,Gender-Neutral,69101,DTU_Round4_2025.pdf
DTU,2025,R4,Round4,Delhi,Information Technology,OBC,Girl,86242,DTU_Round4_2025.pdf
DTU,2025,R4,Round4,Delhi,Information Technology,SC,Gender-Neutral,128048,DTU_Round4_2025.pdf
DTU,2025,R4,Round4,Delhi,Information Technology,ST,Gender-Neutral,456877,DTU_Round4_2025.pdf
DTU,2025,R4,Round4,Delhi,Information Technology,ST,Girl,747794,DTU_Round4_2025.pdf
DTU,2025,R4,Round4,Delhi,Information Technology,General,Single-Girl,22510,DTU_Round4_2025.pdf
DTU,2025,R4,Round4,Delhi,Information Technology,General,PwD,236246,DTU_Round4_2025.pdf
DTU,2025,R4,Round4,Delhi,Information Technology,EWS,PwD,327036,DTU_Round4_2025.pdf
DTU,2025,R4,Round4,Delhi,Information Technology,OBC,PwD,968761,DTU_Round4_2025.pdf
DTU,2025,R4,Round4,Delhi,Information Technology (Cyber Security),General,Gender-Neutral,15044,DTU_Round4_2025.pdf
DTU,2025,R4,Round4,Delhi,Information Technology (Cyber Security),General,Girl,17225,DTU_Round4_2025.pdf
DTU,2025,R4,Round4,Delhi,Information Technology (Cyber Security),EWS,Gender-Neutral,36194,DTU_Round4_2025.pdf
DTU,2025,R4,Round4,Delhi,Information Technology (Cyber Security),OBC,Gender-Neutral,82643,DTU_Round4_2025.pdf
DTU,2025,R4,Round4,Delhi,Information Technology (Cyber Security),OBC,Girl,96775,DTU_Round4_2025.pdf
DTU,2025,R4,Round4,Delhi,Information Technology (Cyber Security),SC,Gender-Neutral,148538,DTU_Round4_2025.pdf
DTU,2025,R4,Round4,Delhi,Information Technology (Cyber Security),SC,Girl,163361,DTU_Round4_2025.pdf
DTU,2025,R4,Round4,Delhi,Information Technology (Cyber Security),ST,Gender-Neutral,585541,DTU_Round4_2025.pdf
DTU,2025,R4,Round4,Delhi,Information Technology (Cyber Security),General,Single-Girl,23372,DTU_Round4_2025.pdf
DTU,2025,R4,Round4,Delhi,Information Technology (Cyber Security),General,PwD,226990,DTU_Round4_2025.pdf
DTU,2025,R4,Round4,Delhi,Software Engineering,General,Gender-Neutral,15020,DTU_Round4_2025.pdf
DTU,2025,R4,Round4,Delhi,Software Engineering,General,Girl,18497,DTU_Round4_2025.pdf
DTU,2025,R4,Round4,Delhi,Software Engineering,EWS,Gender-Neutral,40169,DTU_Round4_2025.pdf
DTU,2025,R4,Round4,Delhi,Software Engineering,EWS,Girl,42751,DTU_Round4_2025.pdf
DTU,2025,R4,Round4,Delhi,Software Engineering,OBC,Gender-Neutral,80144,DTU_Round4_2025.pdf
DTU,2025,R4,Round4,Delhi,Software Engineering,OBC,Girl,106011,DTU_Round4_2025.pdf
DTU,2025,R4,Round4,Delhi,Software Engineering,SC,Gender-Neutral,172341,DTU_Round4_2025.pdf
DTU,2025,R4,Round4,Delhi,Software Engineering,SC,Girl,173557,DTU_Round4_2025.pdf
DTU,2025,R4,Round4,Delhi,Software Engineering,ST,Gender-Neutral,593537,DTU_Round4_2025.pdf
DTU,2025,R4,Round4,Delhi,Software Engineering,ST,Girl,667981,DTU_Round4_2025.pdf
DTU,2025,R4,Round4,Delhi,Software Engineering,General,Single-Girl,22677,DTU_Round4_2025.pdf
DTU,2025,R4,Round4,Delhi,Software Engineering,General,PwD,333904,DTU_Round4_2025.pdf
DTU,2025,R4,Round4,Delhi,Software Engineering,EWS,PwD,345115,DTU_Round4_2025.pdf
DTU,2025,R4,Round4,Delhi,Mathematics and Computing,General,Gender-Neutral,17348,DTU_Round4_2025.pdf
DTU,2025,R4,Round4,Delhi,Mathematics and Computing,General,Girl,18852,DTU_Round4_2025.pdf
DTU,2025,R4,Round4,Delhi,Mathematics and Computing,EWS,Gender-Neutral,44691,DTU_Round4_2025.pdf
DTU,2025,R4,Round4,Delhi,Mathematics and Computing,EWS,Girl,61080,DTU_Round4_2025.pdf
DTU,2025,R4,Round4,Delhi,Mathematics and Computing,OBC,Gender-Neutral,96073,DTU_Round4_2025.pdf
DTU,2025,R4,Round4,Delhi,Mathematics and Computing,OBC,Girl,115408,DTU_Round4_2025.pdf
DTU,2025,R4,Round4,Delhi,Mathematics and Computing,SC,Gender-Neutral,191557,DTU_Round4_2025.pdf
DTU,2025,R4,Round4,Delhi,Mathematics and Computing,SC,Girl,203922,DTU_Round4_2025.pdf
DTU,2025,R4,Round4,Delhi,Mathematics and Computing,ST,Gender-Neutral,795181,DTU_Round4_2025.pdf
DTU,2025,R4,Round4,Delhi,Mathematics and Computing,General,Single-Girl,24313,DTU_Round4_2025.pdf
DTU,2025,R4,Round4,Delhi,Mathematics and Computing,General,PwD,340318,DTU_Round4_2025.pdf
DTU,2025,R4,Round4,Delhi,Mathematics and Computing,EWS,PwD,419962,DTU_Round4_2025.pdf
DTU,2025,R4,Round4,Delhi,Electronics and Communication Engineering,General,Gender-Neutral,19546,DTU_Round4_2025.pdf
DTU,2025,R4,Round4,Delhi,Electronics and Communication Engineering,General,Girl,22065,DTU_Round4_2025.pdf
DTU,2025,R4,Round4,Delhi,Electronics and Communication Engineering,EWS,Gender-Neutral,52235,DTU_Round4_2025.pdf
DTU,2025,R4,Round4,Delhi,Electronics and Communication Engineering,EWS,Girl,67801,DTU_Round4_2025.pdf
DTU,2025,R4,Round4,Delhi,Electronics and Communication Engineering,OBC,Gender-Neutral,104341,DTU_Round4_2025.pdf
DTU,2025,R4,Round4,Delhi,Electronics and Communication Engineering,OBC,Girl,116933,DTU_Round4_2025.pdf
DTU,2025,R4,Round4,Delhi,Electronics and Communication Engineering,SC,Gender-Neutral,203230,DTU_Round4_2025.pdf
DTU,2025,R4,Round4,Delhi,Electronics and Communication Engineering,ST,Gender-Neutral,887678,DTU_Round4_2025.pdf
DTU,2025,R4,Round4,Delhi,Electronics and Communication Engineering,ST,Girl,911267,DTU_Round4_2025.pdf
DTU,2025,R4,Round4,Delhi,Electronics and Communication Engineering,General,Single-Girl,22899,DTU_Round4_2025.pdf
DTU,2025,R4,Round4,Delhi,Electronics and Communication Engineering,General,PwD,440684,DTU_Round4_2025.pdf
DTU,2025,R4,Round4,Delhi,Electronics and Communication Engineering,OBC,PwD,759285,DTU_Round4_2025.pdf
DTU,2025,R4,Round4,Delhi,Electronics Engineering (VLSI Design and Technology),General,Gender-Neutral,20531,DTU_Round4_2025.pdf
DTU,2025,R4,Round4,Delhi,Electronics Engineering (VLSI Design and Technology),General,Girl,26356,DTU_Round4_2025.pdf
DTU,2025,R4,Round4,Delhi,Electronics Engineering (VLSI Design and Technology),EWS,Gender-Neutral,55620,DTU_Round4_2025.pdf
DTU,2025,R4,Round4,Delhi,Electronics Engineering (VLSI Design and Technology),OBC,Gender-Neutral,109716,DTU_Round4_2025.pdf
DTU,2025,R4,Round4,Delhi,Electronics Engineering (VLSI Design and Technology),OBC,Girl,144448,DTU_Round4_2025.pdf
DTU,2025,R4,Round4,Delhi,Electronics Engineering (VLSI Design and Technology),SC,Gender-Neutral,209811,DTU_Round4_2025.pdf
DTU,2025,R4,Round4,Delhi,Electronics Engineering (VLSI Design and Technology),SC,Girl,216890,DTU_Round4_2025.pdf
DTU,2025,R4,Round4,Delhi,Electronics Engineering (VLSI Design and Technology),ST,Gender-Neutral,1092371,DTU_Round4_2025.pdf
DTU,2025,R4,Round4,Delhi,Electronics Engineering (VLSI Design and Technology),General,Single-Girl,28383,DTU_Round4_2025.pdf
DTU,2025,R4,Round4,Delhi,Electronics Engineering (VLSI Design and Technology),General,PwD,451368,DTU_Round4_2025.pdf
DTU,2025,R4,Round4,Delhi,Electrical Engineering,General,Gender-Neutral,26555,DTU_Round4_2025.pdf
DTU,2025,R4,Round4,Delhi,Electrical Engineering,General,Girl,38606,DTU_Round4_2025.pdf
DTU,2025,R4,Round4,Delhi,Electrical Engineering,EWS,Gender-Neutral,76195,DTU_Round4_2025.pdf
DTU,2025,R4,Round4,Delhi,Electrical Engineering,EWS,Girl,97034,DTU_Round4_2025.pdf
DTU,2025,R4,Round4,Delhi,Electrical Engineering,OBC,Gender-Neutral,147225,DTU_Round4_2025.pdf
DTU,2025,R4,Round4,Delhi,Electrical Engineering,OBC,Girl,192885,DTU_Round4_2025.pdf
DTU,2025,R4,Round4,Delhi,Electrical Engineering,SC,Gender-Neutral,271066,DTU_Round4_2025.pdf
DTU,2025,R4,Round4,Delhi,Electrical Engineering,SC,Girl,453582,DTU_Round4_2025.pdf
DTU,2025,R4,Round4,Delhi,Electrical Engineering,ST,Gender-Neutral,1235423,DTU_Round4_2025.pdf
DTU,2025,R4,Round4,Delhi,Electrical Engineering,General,Single-Girl,52888,DTU_Round4_2025.pdf
DTU,2025,R4,Round4,Delhi,Electrical Engineering,General,PwD,838112,DTU_Round4_2025.pdf
DTU,2025,R4,Round4,Delhi,Mechanical Engineering,General,Gender-Neutral,36330,DTU_Round4_2025.pdf
DTU,2025,R4,Round4,Delhi,Mechanical Engineering,General,Girl,60433,DTU_Round4_2025.pdf
DTU,2025,R4,Round4,Delhi,Mechanical Engineering,EWS,Gender-Neutral,101716,DTU_Round4_2025.pdf
DTU,2025,R4,Round4,Delhi,Mechanical Engineering,EWS,Girl,174639,DTU_Round4_2025.pdf
DTU,2025,R4,Round4,Delhi,Mechanical Engineering,OBC,Gender-Neutral,179211,DTU_Round4_2025.pdf
DTU,2025,R4,Round4,Delhi,Mechanical Engineering,OBC,Girl,288743,DTU_Round4_2025.pdf
DTU,2025,R4,Round4,Delhi,Mechanical Engineering,SC,Gender-Neutral,363917,DTU_Round4_2025.pdf
DTU,2025,R4,Round4,Delhi,Mechanical Engineering,SC,Girl,641498,DTU_Round4_2025.pdf
DTU,2025,R4,Round4,Delhi,Mechanical Engineering,ST,Gender-Neutral,1217615,DTU_Round4_2025.pdf
DTU,2025,R4,Round4,Delhi,Mechanical Engineering,General,Single-Girl,87211,DTU_Round4_2025.pdf
DTU,2025,R4,Round4,Delhi,Mechanical Engineering,General,PwD,924693,DTU_Round4_2025.pdf
DTU,2025,R4,Round4,Delhi,Mechanical Engineering with specialization in Automotive Engineering,General,Gender-Neutral,38440,DTU_Round4_2025.pdf
DTU,2025,R4,Round4,Delhi,Mechanical Engineering with specialization in Automotive Engineering,General,Girl,57002,DTU_Round4_2025.pdf
DTU,2025,R4,Round4,Delhi,Mechanical Engineering with specialization in Automotive Engineering,EWS,Gender-Neutral,105953,DTU_Round4_2025.pdf
DTU,2025,R4,Round4,Delhi,Mechanical Engineering with specialization in Automotive Engineering,OBC,Gender-Neutral,186897,DTU_Round4_2025.pdf
DTU,2025,R4,Round4,Delhi,Mechanical Engineering with specialization in Automotive Engineering,OBC,Girl,322243,DTU_Round4_2025.pdf
DTU,2025,R4,Round4,Delhi,Mechanical Engineering with specialization in Automotive Engineering,SC,Gender-Neutral,381809,DTU_Round4_2025.pdf
DTU,2025,R4,Round4,Delhi,Mechanical Engineering with specialization in Automotive Engineering,SC,Girl,547950,DTU_Round4_2025.pdf
DTU,2025,R4,Round4,Delhi,Mechanical Engineering with specialization in Automotive Engineering,General,Single-Girl,91460,DTU_Round4_2025.pdf
DTU,2025,R4,Round4,Delhi,Mechanical Engineering with specialization in Automotive Engineering,General,PwD,366562,DTU_Round4_2025.pdf
DTU,2025,R4,Round4,Delhi,Engineering Physics,General,Gender-Neutral,36168,DTU_Round4_2025.pdf
DTU,2025,R4,Round4,Delhi,Engineering Physics,General,Girl,48687,DTU_Round4_2025.pdf
DTU,2025,R4,Round4,Delhi,Engineering Physics,EWS,Gender-Neutral,108039,DTU_Round4_2025.pdf
DTU,2025,R4,Round4,Delhi,Engineering Physics,OBC,Gender-Neutral,195729,DTU_Round4_2025.pdf
DTU,2025,R4,Round4,Delhi,Engineering Physics,OBC,Girl,236184,DTU_Round4_2025.pdf
DTU,2025,R4,Round4,Delhi,Engineering Physics,SC,Gender-Neutral,415320,DTU_Round4_2025.pdf
DTU,2025,R4,Round4,Delhi,Engineering Physics,SC,Girl,451812,DTU_Round4_2025.pdf
DTU,2025,R4,Round4,Delhi,Engineering Physics,ST,Gender-Neutral,880496,DTU_Round4_2025.pdf
DTU,2025,R4,Round4,Delhi,Engineering Physics,General,Single-Girl,54605,DTU_Round4_2025.pdf
DTU,2025,R4,Round4,Delhi,Engineering Physics,General,PwD,1360126,DTU_Round4_2025.pdf
DTU,2025,R4,Round4,Delhi,Chemical Engineering,General,Gender-Neutral,42775,DTU_Round4_2025.pdf
DTU,2025,R4,Round4,Delhi,Chemical Engineering,General,Girl,44418,DTU_Round4_2025.pdf
DTU,2025,R4,Round4,Delhi,Chemical Engineering,EWS,Gender-Neutral,115264,DTU_Round4_2025.pdf
DTU,2025,R4,Round4,Delhi,Chemical Engineering,EWS,Girl,200985,DTU_Round4_2025.pdf
DTU,2025,R4,Round4,Delhi,Chemical Engineering,OBC,Gender-Neutral,206680,DTU_Round4_2025.pdf
DTU,2025,R4,Round4,Delhi,Chemical Engineering,OBC,Girl,335482,DTU_Round4_2025.pdf
DTU,2025,R4,Round4,Delhi,Chemical Engineering,SC,Gender-Neutral,419179,DTU_Round4_2025.pdf
DTU,2025,R4,Round4,Delhi,Chemical Engineering,General,Single-Girl,95129,DTU_Round4_2025.pdf
DTU,2025,R4,Round4,Delhi,Chemical Engineering,General,PwD,1279355,DTU_Round4_2025.pdf
DTU,2025,R4,Round4,Delhi,Civil Engineering,General,Gender-Neutral,46631,DTU_Round4_2025.pdf
DTU,2025,R4,Round4,Delhi,Civil Engineering,General,Girl,76605,DTU_Round4_2025.pdf
DTU,2025,R4,Round4,Delhi,Civil Engineering,EWS,Gender-Neutral,126742,DTU_Round4_2025.pdf
DTU,2025,R4,Round4,Delhi,Civil Engineering,EWS,Girl,199792,DTU_Round4_2025.pdf
DTU,2025,R4,Round4,Delhi,Civil Engineering,OBC,Gender-Neutral,215728,DTU_Round4_2025.pdf
DTU,2025,R4,Round4,Delhi,Civil Engineering,OBC,Girl,365974,DTU_Round4_2025.pdf
DTU,2025,R4,Round4,Delhi,Civil Engineering,SC,Gender-Neutral,405900,DTU_Round4_2025.pdf
DTU,2025,R4,Round4,Delhi,Civil Engineering,SC,Girl,642110,DTU_Round4_2025.pdf
DTU,2025,R4,Round4,Delhi,Civil Engineering,ST,Gender-Neutral,420855,DTU_Round4_2025.pdf
DTU,2025,R4,Round4,Delhi,Civil Engineering,ST,Girl,810016,DTU_Round4_2025.pdf
DTU,2025,R4,Round4,Delhi,Civil Engineering,General,Single-Girl,130858,DTU_Round4_2025.pdf
DTU,2025,R4,Round4,Delhi,Civil Engineering,General,PwD,1071740,DTU_Round4_2025.pdf
DTU,2025,R4,Round4,Delhi,Production & Industrial Engineering,General,Gender-Neutral,44365,DTU_Round4_2025.pdf
DTU,2025,R4,Round4,Delhi,Production & Industrial Engineering,General,Girl,72325,DTU_Round4_2025.pdf
DTU,2025,R4,Round4,Delhi,Production & Industrial Engineering,EWS,Gender-Neutral,125441,DTU_Round4_2025.pdf
DTU,2025,R4,Round4,Delhi,Production & Industrial Engineering,OBC,Gender-Neutral,220916,DTU_Round4_2025.pdf
DTU,2025,R4,Round4,Delhi,Production & Industrial Engineering,OBC,Girl,396302,DTU_Round4_2025.pdf
DTU,2025,R4,Round4,Delhi,Production & Industrial Engineering,SC,Gender-Neutral,444846,DTU_Round4_2025.pdf
DTU,2025,R4,Round4,Delhi,Production & Industrial Engineering,SC,Girl,661821,DTU_Round4_2025.pdf
DTU,2025,R4,Round4,Delhi,Production & Industrial Engineering,General,Single-Girl,114374,DTU_Round4_2025.pdf
DTU,2025,R4,Round4,Delhi,Environmental Engineering,General,Gender-Neutral,49895,DTU_Round4_2025.pdf
DTU,2025,R4,Round4,Delhi,Environmental Engineering,General,Girl,79062,DTU_Round4_2025.pdf
DTU,2025,R4,Round4,Delhi,Environmental Engineering,EWS,Gender-Neutral,134390,DTU_Round4_2025.pdf
DTU,2025,R4,Round4,Delhi,Environmental Engineering,OBC,Gender-Neutral,232196,DTU_Round4_2025.pdf
DTU,2025,R4,Round4,Delhi,Environmental Engineering,OBC,Girl,341220,DTU_Round4_2025.pdf
DTU,2025,R4,Round4,Delhi,Environmental Engineering,SC,Gender-Neutral,464053,DTU_Round4_2025.pdf
DTU,2025,R4,Round4,Delhi,Environmental Engineering,SC,Girl,653980,DTU_Round4_2025.pdf
DTU,2025,R4,Round4,Delhi,Environmental Engineering,ST,Gender-Neutral,643847,DTU_Round4_2025.pdf
DTU,2025,R4,Round4,Delhi,Environmental Engineering,General,Single-Girl,96556,DTU_Round4_2025.pdf
DTU,2025,R4,Round4,Delhi,Environmental Engineering,General,PwD,1007481,DTU_Round4_2025.pdf
DTU,2025,R4,Round4,Delhi,Bio-Technology,General,Gender-Neutral,50202,DTU_Round4_2025.pdf
DTU,2025,R4,Round4,Delhi,Bio-Technology,General,Girl,56476,DTU_Round4_2025.pdf
DTU,2025,R4,Round4,Delhi,Bio-Technology,EWS,Gender-Neutral,134503,DTU_Round4_2025.pdf
DTU,2025,R4,Round4,Delhi,Bio-Technology,EWS,Girl,203570,DTU_Round4_2025.pdf
DTU,2025,R4,Round4,Delhi,Bio-Technology,OBC,Gender-Neutral,235606,DTU_Round4_2025.pdf
DTU,2025,R4,Round4,Delhi,Bio-Technology,OBC,Girl,340919,DTU_Round4_2025.pdf
DTU,2025,R4,Round4,Delhi,Bio-Technology,SC,Gender-Neutral,461233,DTU_Round4_2025.pdf
DTU,2025,R4,Round4,Delhi,Bio-Technology,General,Single-Girl,129631,DTU_Round4_2025.pdf
DTU,2025,R4,Round4,Delhi,Bio-Technology,General,PwD,916464,DTU_Round4_2025.pdf
DTU,2025,R4,Round4,Delhi,Computer Science and Engineering,General,Defense-CW,205133,DTU_Round4_2025.pdf
DTU,2025,R4,Round4,Delhi,Computer Science and Engineering,EWS,Defense-CW,102477,DTU_Round4_2025.pdf
DTU,2025,R4,Round4,Delhi,Computer Science and Engineering,OBC,Defense-CW,86912,DTU_Round4_2025.pdf
DTU,2025,R4,Round4,Delhi,Computer Science and Engineering,SC,Defense-CW,193378,DTU_Round4_2025.pdf
DTU,2025,R4,Round4,Delhi,Computer Science and Engineering,ST,Defense-CW,476260,DTU_Round4_2025.pdf
DTU,2025,R4,Round4,Delhi,Computer Science and Engineering (Data Science & Analytics),General,Defense-CW,88380,DTU_Round4_2025.pdf
DTU,2025,R4,Round4,Delhi,Computer Science and Engineering (Data Science & Analytics),EWS,Defense-CW,115837,DTU_Round4_2025.pdf
DTU,2025,R4,Round4,Delhi,Computer Science and Engineering (Data Science & Analytics),OBC,Defense-CW,95366,DTU_Round4_2025.pdf
DTU,2025,R4,Round4,Delhi,Computer Science and Engineering (Data Science & Analytics),SC,Defense-CW,415350,DTU_Round4_2025.pdf
DTU,2025,R4,Round4,Delhi,Information Technology,General,Defense-CW,362645,DTU_Round4_2025.pdf
DTU,2025,R4,Round4,Delhi,Information Technology,OBC,Defense-CW,143686,DTU_Round4_2025.pdf
DTU,2025,R4,Round4,Delhi,Information Technology (Cyber Security),General,Defense-CW,393724,DTU_Round4_2025.pdf
DTU,2025,R4,Round4,Delhi,Information Technology (Cyber Security),EWS,Defense-CW,118959,DTU_Round4_2025.pdf
DTU,2025,R4,Round4,Delhi,Information Technology (Cyber Security),SC,Defense-CW,839253,DTU_Round4_2025.pdf
DTU,2025,R4,Round4,Delhi,Software Engineering,General,Defense-CW,1261139,DTU_Round4_2025.pdf
DTU,2025,R4,Round4,Delhi,Software Engineering,EWS,Defense-CW,137016,DTU_Round4_2025.pdf
DTU,2025,R4,Round4,Delhi,Software Engineering,OBC,Defense-CW,160204,DTU_Round4_2025.pdf
DTU,2025,R4,Round4,Delhi,Software Engineering,SC,Defense-CW,394754,DTU_Round4_2025.pdf
DTU,2025,R4,Round4,Delhi,Mathematics and Computing,General,Defense-CW,24086,DTU_Round4_2025.pdf
DTU,2025,R4,Round4,Delhi,Mathematics and Computing,EWS,Defense-CW,147398,DTU_Round4_2025.pdf
DTU,2025,R4,Round4,Delhi,Mathematics and Computing,OBC,Defense-CW,181575,DTU_Round4_2025.pdf
DTU,2025,R4,Round4,Delhi,Mathematics and Computing,SC,Defense-CW,410043,DTU_Round4_2025.pdf
DTU,2025,R4,Round4,Delhi,Electronics and Communication Engineering,General,Defense-CW,25468,DTU_Round4_2025.pdf
DTU,2025,R4,Round4,Delhi,Electronics and Communication Engineering,EWS,Defense-CW,177633,DTU_Round4_2025.pdf
DTU,2025,R4,Round4,Delhi,Electronics and Communication Engineering,OBC,Defense-CW,188916,DTU_Round4_2025.pdf
DTU,2025,R4,Round4,Delhi,Electronics and Communication Engineering,SC,Defense-CW,310403,DTU_Round4_2025.pdf
DTU,2025,R4,Round4,Delhi,Electronics Engineering (VLSI Design and Technology),General,Defense-CW,27436,DTU_Round4_2025.pdf
DTU,2025,R4,Round4,Delhi,Electronics Engineering (VLSI Design and Technology),OBC,Defense-CW,246689,DTU_Round4_2025.pdf
DTU,2025,R4,Round4,Delhi,Electrical Engineering,General,Defense-CW,55219,DTU_Round4_2025.pdf
DTU,2025,R4,Round4,Delhi,Electrical Engineering,EWS,Defense-CW,240501,DTU_Round4_2025.pdf
DTU,2025,R4,Round4,Delhi,Electrical Engineering,OBC,Defense-CW,384882,DTU_Round4_2025.pdf
DTU,2025,R4,Round4,Delhi,Mechanical Engineering,General,Defense-CW,96162,DTU_Round4_2025.pdf
DTU,2025,R4,Round4,Delhi,Mechanical Engineering,EWS,Defense-CW,124364,DTU_Round4_2025.pdf
DTU,2025,R4,Round4,Delhi,Mechanical Engineering,OBC,Defense-CW,505244,DTU_Round4_2025.pdf
DTU,2025,R4,Round4,Delhi,Mechanical Engineering,SC,Defense-CW,1315552,DTU_Round4_2025.pdf
DTU,2025,R4,Round4,Delhi,Mechanical Engineering with specialization in Automotive Engineering,General,Defense-CW,98028,DTU_Round4_2025.pdf
DTU,2025,R4,Round4,Delhi,Mechanical Engineering with specialization in Automotive Engineering,EWS,Defense-CW,345801,DTU_Round4_2025.pdf
DTU,2025,R4,Round4,Delhi,Mechanical Engineering with specialization in Automotive Engineering,OBC,Defense-CW,559592,DTU_Round4_2025.pdf
DTU,2025,R4,Round4,Delhi,Engineering Physics,General,Defense-CW,56690,DTU_Round4_2025.pdf
DTU,2025,R4,Round4,Delhi,Engineering Physics,OBC,Defense-CW,857315,DTU_Round4_2025.pdf
DTU,2025,R4,Round4,Delhi,Chemical Engineering,General,Defense-CW,121599,DTU_Round4_2025.pdf
DTU,2025,R4,Round4,Delhi,Chemical Engineering,EWS,Defense-CW,384417,DTU_Round4_2025.pdf
DTU,2025,R4,Round4,Delhi,Chemical Engineering,OBC,Defense-CW,350209,DTU_Round4_2025.pdf
DTU,2025,R4,Round4,Delhi,Civil Engineering,General,Defense-CW,113149,DTU_Round4_2025.pdf
DTU,2025,R4,Round4,Delhi,Civil Engineering,EWS,Defense-CW,342635,DTU_Round4_2025.pdf
DTU,2025,R4,Round4,Delhi,Civil Engineering,OBC,Defense-CW,688703,DTU_Round4_2025.pdf
DTU,2025,R4,Round4,Delhi,Civil Engineering,SC,Defense-CW,1033304,DTU_Round4_2025.pdf
DTU,2025,R4,Round4,Delhi,Production & Industrial Engineering,General,Defense-CW,139832,DTU_Round4_2025.pdf
DTU,2025,R4,Round4,Delhi,Production & Industrial Engineering,OBC,Defense-CW,858987,DTU_Round4_2025.pdf
DTU,2025,R4,Round4,Delhi,Environmental Engineering,General,Defense-CW,83813,DTU_Round4_2025.pdf
DTU,2025,R4,Round4,Delhi,Environmental Engineering,OBC,Defense-CW,474266,DTU_Round4_2025.pdf
DTU,2025,R4,Round4,Delhi,Bio-Technology,General,Defense-CW,128079,DTU_Round4_2025.pdf
DTU,2025,R4,Round4,Delhi,Bio-Technology,OBC,Defense-CW,932725,DTU_Round4_2025.pdf
DTU,2025,R4,Round4,Outside-Delhi,Computer Science and Engineering,General,Gender-Neutral,5028,DTU_Round4_2025.pdf
DTU,2025,R4,Round4,Outside-Delhi,Computer Science and Engineering,General,Girl,5064,DTU_Round4_2025.pdf
DTU,2025,R4,Round4,Outside-Delhi,Computer Science and Engineering,EWS,Gender-Neutral,8073,DTU_Round4_2025.pdf
DTU,2025,R4,Round4,Outside-Delhi,Computer Science and Engineering,EWS,Girl,12353,DTU_Round4_2025.pdf
DTU,2025,R4,Round4,Outside-Delhi,Computer Science and Engineering,OBC,Gender-Neutral,11404,DTU_Round4_2025.pdf
DTU,2025,R4,Round4,Outside-Delhi,Computer Science and Engineering,OBC,Girl,21525,DTU_Round4_2025.pdf
DTU,2025,R4,Round4,Outside-Delhi,Computer Science and Engineering,SC,Gender-Neutral,53632,DTU_Round4_2025.pdf
DTU,2025,R4,Round4,Outside-Delhi,Computer Science and Engineering,SC,Girl,67313,DTU_Round4_2025.pdf
DTU,2025,R4,Round4,Outside-Delhi,Computer Science and Engineering,ST,Gender-Neutral,66042,DTU_Round4_2025.pdf
DTU,2025,R4,Round4,Outside-Delhi,Computer Science and Engineering,General,PwD,43518,DTU_Round4_2025.pdf
DTU,2025,R4,Round4,Outside-Delhi,Computer Science and Engineering,EWS,PwD,152345,DTU_Round4_2025.pdf
DTU,2025,R4,Round4,Outside-Delhi,Computer Science and Engineering,OBC,PwD,134244,DTU_Round4_2025.pdf
DTU,2025,R4,Round4,Outside-Delhi,Computer Science and Engineering,SC,PwD,1035172,DTU_Round4_2025.pdf
DTU,2025,R4,Round4,Outside-Delhi,Computer Science and Engineering (Data Science & Analytics),General,Gender-Neutral,5683,DTU_Round4_2025.pdf
DTU,2025,R4,Round4,Outside-Delhi,Computer Science and Engineering (Data Science & Analytics),EWS,Gender-Neutral,9479,DTU_Round4_2025.pdf
DTU,2025,R4,Round4,Outside-Delhi,Computer Science and Engineering (Data Science & Analytics),OBC,Gender-Neutral,12574,DTU_Round4_2025.pdf
DTU,2025,R4,Round4,Outside-Delhi,Computer Science and Engineering (Data Science & Analytics),SC,Gender-Neutral,53670,DTU_Round4_2025.pdf
DTU,2025,R4,Round4,Outside-Delhi,Computer Science and Engineering (Data Science & Analytics),ST,Gender-Neutral,31717,DTU_Round4_2025.pdf
DTU,2025,R4,Round4,Outside-Delhi,Information Technology,General,Gender-Neutral,6135,DTU_Round4_2025.pdf
DTU,2025,R4,Round4,Outside-Delhi,Information Technology,EWS,Gender-Neutral,9530,DTU_Round4_2025.pdf
DTU,2025,R4,Round4,Outside-Delhi,Information Technology,OBC,Gender-Neutral,13743,DTU_Round4_2025.pdf
DTU,2025,R4,Round4,Outside-Delhi,Information Technology,SC,Gender-Neutral,61672,DTU_Round4_2025.pdf
DTU,2025,R4,Round4,Outside-Delhi,Information Technology,SC,Girl,85292,DTU_Round4_2025.pdf
DTU,2025,R4,Round4,Outside-Delhi,Information Technology,ST,Gender-Neutral,105678,DTU_Round4_2025.pdf
DTU,2025,R4,Round4,Outside-Delhi,Information Technology,General,PwD,75873,DTU_Round4_2025.pdf
DTU,2025,R4,Round4,Outside-Delhi,Information Technology (Cyber Security),General,Gender-Neutral,6942,DTU_Round4_2025.pdf
DTU,2025,R4,Round4,Outside-Delhi,Information Technology (Cyber Security),EWS,Gender-Neutral,9928,DTU_Round4_2025.pdf
DTU,2025,R4,Round4,Outside-Delhi,Information Technology (Cyber Security),OBC,Gender-Neutral,16325,DTU_Round4_2025.pdf
DTU,2025,R4,Round4,Outside-Delhi,Information Technology (Cyber Security),SC,Gender-Neutral,69379,DTU_Round4_2025.pdf
DTU,2025,R4,Round4,Outside-Delhi,Information Technology (Cyber Security),ST,Gender-Neutral,153270,DTU_Round4_2025.pdf
DTU,2025,R4,Round4,Outside-Delhi,Software Engineering,General,Gender-Neutral,7360,DTU_Round4_2025.pdf
DTU,2025,R4,Round4,Outside-Delhi,Software Engineering,General,Girl,8580,DTU_Round4_2025.pdf
DTU,2025,R4,Round4,Outside-Delhi,Software Engineering,EWS,Gender-Neutral,10072,DTU_Round4_2025.pdf
DTU,2025,R4,Round4,Outside-Delhi,Software Engineering,OBC,Gender-Neutral,15667,DTU_Round4_2025.pdf
DTU,2025,R4,Round4,Outside-Delhi,Software Engineering,SC,Gender-Neutral,69272,DTU_Round4_2025.pdf
DTU,2025,R4,Round4,Outside-Delhi,Software Engineering,ST,Gender-Neutral,142973,DTU_Round4_2025.pdf
DTU,2025,R4,Round4,Outside-Delhi,Software Engineering,General,PwD,127567,DTU_Round4_2025.pdf
DTU,2025,R4,Round4,Outside-Delhi,Software Engineering,EWS,PwD,213306,DTU_Round4_2025.pdf
DTU,2025,R4,Round4,Outside-Delhi,Mathematics and Computing,General,Gender-Neutral,7378,DTU_Round4_2025.pdf
DTU,2025,R4,Round4,Outside-Delhi,Mathematics and Computing,General,Girl,8665,DTU_Round4_2025.pdf
DTU,2025,R4,Round4,Outside-Delhi,Mathematics and Computing,EWS,Gender-Neutral,11297,DTU_Round4_2025.pdf
DTU,2025,R4,Round4,Outside-Delhi,Mathematics and Computing,OBC,Gender-Neutral,17794,DTU_Round4_2025.pdf
DTU,2025,R4,Round4,Outside-Delhi,Mathematics and Computing,SC,Gender-Neutral,78739,DTU_Round4_2025.pdf
DTU,2025,R4,Round4,Outside-Delhi,Mathematics and Computing,ST,Gender-Neutral,111434,DTU_Round4_2025.pdf
DTU,2025,R4,Round4,Outside-Delhi,Mathematics and Computing,OBC,PwD,211643,DTU_Round4_2025.pdf
DTU,2025,R4,Round4,Outside-Delhi,Electronics and Communication Engineering,General,Gender-Neutral,7967,DTU_Round4_2025.pdf
DTU,2025,R4,Round4,Outside-Delhi,Electronics and Communication Engineering,EWS,Gender-Neutral,11953,DTU_Round4_2025.pdf
DTU,2025,R4,Round4,Outside-Delhi,Electronics and Communication Engineering,OBC,Gender-Neutral,18525,DTU_Round4_2025.pdf
DTU,2025,R4,Round4,Outside-Delhi,Electronics and Communication Engineering,SC,Gender-Neutral,79361,DTU_Round4_2025.pdf
DTU,2025,R4,Round4,Outside-Delhi,Electronics and Communication Engineering,SC,Girl,110509,DTU_Round4_2025.pdf
DTU,2025,R4,Round4,Outside-Delhi,Electronics and Communication Engineering,ST,Gender-Neutral,89324,DTU_Round4_2025.pdf
DTU,2025,R4,Round4,Outside-Delhi,Electronics and Communication Engineering,ST,Girl,213349,DTU_Round4_2025.pdf
DTU,2025,R4,Round4,Outside-Delhi,Electronics Engineering (VLSI Design and Technology),General,Gender-Neutral,8661,DTU_Round4_2025.pdf
DTU,2025,R4,Round4,Outside-Delhi,Electronics Engineering (VLSI Design and Technology),EWS,Gender-Neutral,12212,DTU_Round4_2025.pdf
DTU,2025,R4,Round4,Outside-Delhi,Electronics Engineering (VLSI Design and Technology),OBC,Gender-Neutral,19779,DTU_Round4_2025.pdf
DTU,2025,R4,Round4,Outside-Delhi,Electronics Engineering (VLSI Design and Technology),SC,Gender-Neutral,49550,DTU_Round4_2025.pdf
DTU,2025,R4,Round4,Outside-Delhi,Electronics Engineering (VLSI Design and Technology),ST,Gender-Neutral,139989,DTU_Round4_2025.pdf
DTU,2025,R4,Round4,Outside-Delhi,Electronics Engineering (VLSI Design and Technology),General,PwD,157474,DTU_Round4_2025.pdf
DTU,2025,R4,Round4,Outside-Delhi,Electrical Engineering,General,Gender-Neutral,10562,DTU_Round4_2025.pdf
DTU,2025,R4,Round4,Outside-Delhi,Electrical Engineering,General,Girl,11612,DTU_Round4_2025.pdf
DTU,2025,R4,Round4,Outside-Delhi,Electrical Engineering,EWS,Gender-Neutral,15296,DTU_Round4_2025.pdf
DTU,2025,R4,Round4,Outside-Delhi,Electrical Engineering,OBC,Gender-Neutral,22715,DTU_Round4_2025.pdf
DTU,2025,R4,Round4,Outside-Delhi,Electrical Engineering,OBC,Girl,42156,DTU_Round4_2025.pdf
DTU,2025,R4,Round4,Outside-Delhi,Electrical Engineering,SC,Gender-Neutral,99513,DTU_Round4_2025.pdf
DTU,2025,R4,Round4,Outside-Delhi,Electrical Engineering,ST,Gender-Neutral,178527,DTU_Round4_2025.pdf
DTU,2025,R4,Round4,Outside-Delhi,Electrical Engineering,General,PwD,142875,DTU_Round4_2025.pdf
DTU,2025,R4,Round4,Outside-Delhi,Electrical Engineering,EWS,PwD,177579,DTU_Round4_2025.pdf
DTU,2025,R4,Round4,Outside-Delhi,Electrical Engineering,OBC,PwD,592591,DTU_Round4_2025.pdf
DTU,2025,R4,Round4,Outside-Delhi,Mechanical Engineering,General,Gender-Neutral,13643,DTU_Round4_2025.pdf
DTU,2025,R4,Round4,Outside-Delhi,Mechanical Engineering,General,Girl,19608,DTU_Round4_2025.pdf
DTU,2025,R4,Round4,Outside-Delhi,Mechanical Engineering,EWS,Gender-Neutral,17559,DTU_Round4_2025.pdf
DTU,2025,R4,Round4,Outside-Delhi,Mechanical Engineering,OBC,Gender-Neutral,25772,DTU_Round4_2025.pdf
DTU,2025,R4,Round4,Outside-Delhi,Mechanical Engineering,OBC,Girl,51115,DTU_Round4_2025.pdf
DTU,2025,R4,Round4,Outside-Delhi,Mechanical Engineering,SC,Gender-Neutral,120894,DTU_Round4_2025.pdf
DTU,2025,R4,Round4,Outside-Delhi,Mechanical Engineering,ST,Gender-Neutral,193127,DTU_Round4_2025.pdf
DTU,2025,R4,Round4,Outside-Delhi,Mechanical Engineering,General,PwD,248255,DTU_Round4_2025.pdf
DTU,2025,R4,Round4,Outside-Delhi,Mechanical Engineering with specialization in Automotive Engineering,General,Gender-Neutral,13804,DTU_Round4_2025.pdf
DTU,2025,R4,Round4,Outside-Delhi,Mechanical Engineering with specialization in Automotive Engineering,EWS,Gender-Neutral,20369,DTU_Round4_2025.pdf
DTU,2025,R4,Round4,Outside-Delhi,Mechanical Engineering with specialization in Automotive Engineering,OBC,Gender-Neutral,27307,DTU_Round4_2025.pdf
DTU,2025,R4,Round4,Outside-Delhi,Mechanical Engineering with specialization in Automotive Engineering,SC,Gender-Neutral,127205,DTU_Round4_2025.pdf
DTU,2025,R4,Round4,Outside-Delhi,Mechanical Engineering with specialization in Automotive Engineering,ST,Gender-Neutral,193705,DTU_Round4_2025.pdf
DTU,2025,R4,Round4,Outside-Delhi,Mechanical Engineering with specialization in Automotive Engineering,ST,Girl,283057,DTU_Round4_2025.pdf
DTU,2025,R4,Round4,Outside-Delhi,Mechanical Engineering with specialization in Automotive Engineering,General,PwD,406907,DTU_Round4_2025.pdf
DTU,2025,R4,Round4,Outside-Delhi,Engineering Physics,General,Gender-Neutral,12808,DTU_Round4_2025.pdf
DTU,2025,R4,Round4,Outside-Delhi,Engineering Physics,EWS,Gender-Neutral,22136,DTU_Round4_2025.pdf
DTU,2025,R4,Round4,Outside-Delhi,Engineering Physics,OBC,Gender-Neutral,29613,DTU_Round4_2025.pdf
DTU,2025,R4,Round4,Outside-Delhi,Engineering Physics,OBC,Girl,54929,DTU_Round4_2025.pdf
DTU,2025,R4,Round4,Outside-Delhi,Engineering Physics,SC,Gender-Neutral,118426,DTU_Round4_2025.pdf
DTU,2025,R4,Round4,Outside-Delhi,Engineering Physics,ST,Gender-Neutral,216221,DTU_Round4_2025.pdf
DTU,2025,R4,Round4,Outside-Delhi,Engineering Physics,OBC,PwD,1118227,DTU_Round4_2025.pdf
DTU,2025,R4,Round4,Outside-Delhi,Chemical Engineering,General,Gender-Neutral,14535,DTU_Round4_2025.pdf
DTU,2025,R4,Round4,Outside-Delhi,Chemical Engineering,EWS,Gender-Neutral,23238,DTU_Round4_2025.pdf
DTU,2025,R4,Round4,Outside-Delhi,Chemical Engineering,OBC,Gender-Neutral,28377,DTU_Round4_2025.pdf
DTU,2025,R4,Round4,Outside-Delhi,Chemical Engineering,OBC,Girl,58646,DTU_Round4_2025.pdf
DTU,2025,R4,Round4,Outside-Delhi,Chemical Engineering,SC,Gender-Neutral,130322,DTU_Round4_2025.pdf
DTU,2025,R4,Round4,Outside-Delhi,Chemical Engineering,ST,Gender-Neutral,212516,DTU_Round4_2025.pdf
DTU,2025,R4,Round4,Outside-Delhi,Civil Engineering,General,Gender-Neutral,17630,DTU_Round4_2025.pdf
DTU,2025,R4,Round4,Outside-Delhi,Civil Engineering,EWS,Gender-Neutral,20721,DTU_Round4_2025.pdf
DTU,2025,R4,Round4,Outside-Delhi,Civil Engineering,OBC,Gender-Neutral,30073,DTU_Round4_2025.pdf
DTU,2025,R4,Round4,Outside-Delhi,Civil Engineering,SC,Gender-Neutral,130899,DTU_Round4_2025.pdf
DTU,2025,R4,Round4,Outside-Delhi,Civil Engineering,ST,Gender-Neutral,141094,DTU_Round4_2025.pdf
DTU,2025,R4,Round4,Outside-Delhi,Civil Engineering,General,PwD,390078,DTU_Round4_2025.pdf
DTU,2025,R4,Round4,Outside-Delhi,Production & Industrial Engineering,General,Gender-Neutral,17578,DTU_Round4_2025.pdf
DTU,2025,R4,Round4,Outside-Delhi,Production & Industrial Engineering,General,Girl,25839,DTU_Round4_2025.pdf
DTU,2025,R4,Round4,Outside-Delhi,Production & Industrial Engineering,EWS,Gender-Neutral,25929,DTU_Round4_2025.pdf
DTU,2025,R4,Round4,Outside-Delhi,Production & Industrial Engineering,OBC,Gender-Neutral,30568,DTU_Round4_2025.pdf
DTU,2025,R4,Round4,Outside-Delhi,Production & Industrial Engineering,SC,Gender-Neutral,131182,DTU_Round4_2025.pdf
DTU,2025,R4,Round4,Outside-Delhi,Production & Industrial Engineering,ST,Gender-Neutral,217336,DTU_Round4_2025.pdf
DTU,2025,R4,Round4,Outside-Delhi,Environmental Engineering,General,Gender-Neutral,17892,DTU_Round4_2025.pdf
DTU,2025,R4,Round4,Outside-Delhi,Environmental Engineering,General,Girl,29369,DTU_Round4_2025.pdf
DTU,2025,R4,Round4,Outside-Delhi,Environmental Engineering,EWS,Gender-Neutral,23651,DTU_Round4_2025.pdf
DTU,2025,R4,Round4,Outside-Delhi,Environmental Engineering,OBC,Gender-Neutral,32621,DTU_Round4_2025.pdf
DTU,2025,R4,Round4,Outside-Delhi,Environmental Engineering,SC,Gender-Neutral,135601,DTU_Round4_2025.pdf
DTU,2025,R4,Round4,Outside-Delhi,Environmental Engineering,ST,Gender-Neutral,228876,DTU_Round4_2025.pdf
DTU,2025,R4,Round4,Outside-Delhi,Environmental Engineering,OBC,PwD,788516,DTU_Round4_2025.pdf
DTU,2025,R4,Round4,Outside-Delhi,Bio-Technology,General,Gender-Neutral,16697,DTU_Round4_2025.pdf
DTU,2025,R4,Round4,Outside-Delhi,Bio-Technology,General,Girl,27680,DTU_Round4_2025.pdf
DTU,2025,R4,Round4,Outside-Delhi,Bio-Technology,EWS,Gender-Neutral,25586,DTU_Round4_2025.pdf
DTU,2025,R4,Round4,Outside-Delhi,Bio-Technology,OBC,Gender-Neutral,32092,DTU_Round4_2025.pdf
DTU,2025,R4,Round4,Outside-Delhi,Bio-Technology,SC,Gender-Neutral,138700,DTU_Round4_2025.pdf
DTU,2025,R4,Round4,Outside-Delhi,Bio-Technology,ST,Gender-Neutral,226259,DTU_Round4_2025.pdf
DTU,2025,R4,Round4,Outside-Delhi,Computer Science and Engineering,General,Defense-CW,768211,DTU_Round4_2025.pdf
DTU,2025,R4,Round4,Outside-Delhi,Computer Science and Engineering,OBC,Defense-CW,867962,DTU_Round4_2025.pdf
DTU,2025,R4,Round4,Outside-Delhi,Computer Science and Engineering,SC,Defense-CW,405412,DTU_Round4_2025.pdf
DTU,2025,R4,Round4,Outside-Delhi,Computer Science and Engineering,ST,Defense-CW,92242,DTU_Round4_2025.pdf
DTU,2025,R4,Round4,Outside-Delhi,Information Technology (Cyber Security),General,Defense-CW,103647,DTU_Round4_2025.pdf
DTU,2025,R4,Round4,Outside-Delhi,Software Engineering,OBC,Defense-CW,76557,DTU_Round4_2025.pdf
DTU,2025,R4,Round4,Outside-Delhi,Mathematics and Computing,General,Defense-CW,124111,DTU_Round4_2025.pdf
DTU,2025,R4,Round4,Outside-Delhi,Electronics and Communication Engineering,General,Defense-CW,216593,DTU_Round4_2025.pdf
DTU,2025,R4,Round4,Outside-Delhi,Electronics and Communication Engineering,EWS,Defense-CW,88020,DTU_Round4_2025.pdf
DTU,2025,R4,Round4,Outside-Delhi,Electronics and Communication Engineering,SC,Defense-CW,134123,DTU_Round4_2025.pdf
DTU,2025,R4,Round4,Outside-Delhi,Electronics Engineering (VLSI Design and Technology) Electrical Engineering,General,Defense-CW,39858,DTU_Round4_2025.pdf
DTU,2025,R4,Round4,Outside-Delhi,Mechanical Engineering,General,Defense-CW,78306,DTU_Round4_2025.pdf
DTU,2025,R4,Round4,Outside-Delhi,Mechanical Engineering,OBC,Defense-CW,375936,DTU_Round4_2025.pdf
DTU,2025,R4,Round4,Outside-Delhi,Mechanical Engineering,SC,Defense-CW,274465,DTU_Round4_2025.pdf
DTU,2025,R4,Round4,Outside-Delhi,Chemical Engineering Civil Engineering,OBC,Defense-CW,280603,DTU_Round4_2025.pdf
DTU,2024,R5,Round5,Delhi,Computer Science and Engineering (CSE),General,Gender-Neutral,13567,DTU_Round5_2024.pdf
DTU,2024,R5,Round5,Delhi,Computer Science and Engineering (CSE),EWS,Gender-Neutral,25062,DTU_Round5_2024.pdf
DTU,2024,R5,Round5,Delhi,Computer Science and Engineering (CSE),OBC,Gender-Neutral,57096,DTU_Round5_2024.pdf
DTU,2024,R5,Round5,Delhi,Computer Science and Engineering (CSE),SC,Gender-Neutral,122763,DTU_Round5_2024.pdf
DTU,2024,R5,Round5,Delhi,Computer Science and Engineering (CSE),ST,Gender-Neutral,361124,DTU_Round5_2024.pdf
DTU,2024,R5,Round5,Delhi,Computer Science and Engineering (CSE),General,Single-Girl,15060,DTU_Round5_2024.pdf
DTU,2024,R5,Round5,Delhi,Information Technology (IT),General,Gender-Neutral,17916,DTU_Round5_2024.pdf
DTU,2024,R5,Round5,Delhi,Information Technology (IT),EWS,Gender-Neutral,27361,DTU_Round5_2024.pdf
DTU,2024,R5,Round5,Delhi,Information Technology (IT),OBC,Gender-Neutral,71245,DTU_Round5_2024.pdf
DTU,2024,R5,Round5,Delhi,Information Technology (IT),SC,Gender-Neutral,140198,DTU_Round5_2024.pdf
DTU,2024,R5,Round5,Delhi,Information Technology (IT),ST,Gender-Neutral,494782,DTU_Round5_2024.pdf
DTU,2024,R5,Round5,Delhi,Information Technology (IT),General,Single-Girl,20928,DTU_Round5_2024.pdf
DTU,2024,R5,Round5,Delhi,Software Engineering (SE),General,Gender-Neutral,21614,DTU_Round5_2024.pdf
DTU,2024,R5,Round5,Delhi,Software Engineering (SE),EWS,Gender-Neutral,30793,DTU_Round5_2024.pdf
DTU,2024,R5,Round5,Delhi,Software Engineering (SE),OBC,Gender-Neutral,83824,DTU_Round5_2024.pdf
DTU,2024,R5,Round5,Delhi,Software Engineering (SE),SC,Gender-Neutral,175806,DTU_Round5_2024.pdf
DTU,2024,R5,Round5,Delhi,Software Engineering (SE),ST,Gender-Neutral,515808,DTU_Round5_2024.pdf
DTU,2024,R5,Round5,Delhi,Software Engineering (SE),General,Single-Girl,24512,DTU_Round5_2024.pdf
DTU,2024,R5,Round5,Delhi,Mathematics and Computing (MCE),General,Gender-Neutral,24053,DTU_Round5_2024.pdf
DTU,2024,R5,Round5,Delhi,Mathematics and Computing (MCE),EWS,Gender-Neutral,35773,DTU_Round5_2024.pdf
DTU,2024,R5,Round5,Delhi,Mathematics and Computing (MCE),OBC,Gender-Neutral,93741,DTU_Round5_2024.pdf
DTU,2024,R5,Round5,Delhi,Mathematics and Computing (MCE),SC,Gender-Neutral,213200,DTU_Round5_2024.pdf
DTU,2024,R5,Round5,Delhi,Mathematics and Computing (MCE),ST,Gender-Neutral,967013,DTU_Round5_2024.pdf
DTU,2024,R5,Round5,Delhi,Mathematics and Computing (MCE),General,Single-Girl,26715,DTU_Round5_2024.pdf
DTU,2024,R5,Round5,Delhi,Electronics and Communication Engineering (ECE),General,Gender-Neutral,28173,DTU_Round5_2024.pdf
DTU,2024,R5,Round5,Delhi,Electronics and Communication Engineering (ECE),EWS,Gender-Neutral,41619,DTU_Round5_2024.pdf
DTU,2024,R5,Round5,Delhi,Electronics and Communication Engineering (ECE),OBC,Gender-Neutral,109062,DTU_Round5_2024.pdf
DTU,2024,R5,Round5,Delhi,Electronics and Communication Engineering (ECE),SC,Gender-Neutral,222834,DTU_Round5_2024.pdf
DTU,2024,R5,Round5,Delhi,Electronics and Communication Engineering (ECE),ST,Gender-Neutral,1176223,DTU_Round5_2024.pdf
DTU,2024,R5,Round5,Delhi,Electronics and Communication Engineering (ECE),General,Single-Girl,31492,DTU_Round5_2024.pdf
DTU,2024,R5,Round5,Delhi,Electrical Engineering (EE),General,Gender-Neutral,37098,DTU_Round5_2024.pdf
DTU,2024,R5,Round5,Delhi,Electrical Engineering (EE),EWS,Gender-Neutral,56169,DTU_Round5_2024.pdf
DTU,2024,R5,Round5,Delhi,Electrical Engineering (EE),OBC,Gender-Neutral,149952,DTU_Round5_2024.pdf
DTU,2024,R5,Round5,Delhi,Electrical Engineering (EE),SC,Gender-Neutral,346626,DTU_Round5_2024.pdf
DTU,2024,R5,Round5,Delhi,Electrical Engineering (EE),ST,Gender-Neutral,1268457,DTU_Round5_2024.pdf
DTU,2024,R5,Round5,Delhi,Electrical Engineering (EE),General,Single-Girl,54011,DTU_Round5_2024.pdf
DTU,2024,R5,Round5,Delhi,Mechanical Engineering (ME),General,Gender-Neutral,54356,DTU_Round5_2024.pdf
DTU,2024,R5,Round5,Delhi,Mechanical Engineering (ME),EWS,Gender-Neutral,79877,DTU_Round5_2024.pdf
DTU,2024,R5,Round5,Delhi,Mechanical Engineering (ME),OBC,Gender-Neutral,203069,DTU_Round5_2024.pdf
DTU,2024,R5,Round5,Delhi,Mechanical Engineering (ME),SC,Gender-Neutral,459706,DTU_Round5_2024.pdf
DTU,2024,R5,Round5,Delhi,Mechanical Engineering (ME),ST,Gender-Neutral,732816,DTU_Round5_2024.pdf
DTU,2024,R5,Round5,Delhi,Mechanical Engineering (ME),General,Single-Girl,100098,DTU_Round5_2024.pdf
DTU,2024,R5,Round5,Delhi,Mechanical Engineering with specialization in Automotive Engineering (MAM),General,Gender-Neutral,56014,DTU_Round5_2024.pdf
DTU,2024,R5,Round5,Delhi,Mechanical Engineering with specialization in Automotive Engineering (MAM),EWS,Gender-Neutral,86511,DTU_Round5_2024.pdf
DTU,2024,R5,Round5,Delhi,Mechanical Engineering with specialization in Automotive Engineering (MAM),OBC,Gender-Neutral,210234,DTU_Round5_2024.pdf
DTU,2024,R5,Round5,Delhi,Mechanical Engineering with specialization in Automotive Engineering (MAM),SC,Gender-Neutral,479584,DTU_Round5_2024.pdf
DTU,2024,R5,Round5,Delhi,Mechanical Engineering with specialization in Automotive Engineering (MAM),General,Single-Girl,81079,DTU_Round5_2024.pdf
DTU,2024,R5,Round5,Delhi,Engineering Physics (EP),General,Gender-Neutral,53492,DTU_Round5_2024.pdf
DTU,2024,R5,Round5,Delhi,Engineering Physics (EP),EWS,Gender-Neutral,82675,DTU_Round5_2024.pdf
DTU,2024,R5,Round5,Delhi,Engineering Physics (EP),OBC,Gender-Neutral,200510,DTU_Round5_2024.pdf
DTU,2024,R5,Round5,Delhi,Engineering Physics (EP),SC,Gender-Neutral,615180,DTU_Round5_2024.pdf
DTU,2024,R5,Round5,Delhi,Engineering Physics (EP),General,Single-Girl,96283,DTU_Round5_2024.pdf
DTU,2024,R5,Round5,Delhi,Chemical Engineering (CHE),General,Gender-Neutral,62712,DTU_Round5_2024.pdf
DTU,2024,R5,Round5,Delhi,Chemical Engineering (CHE),EWS,Gender-Neutral,103693,DTU_Round5_2024.pdf
DTU,2024,R5,Round5,Delhi,Chemical Engineering (CHE),OBC,Gender-Neutral,254518,DTU_Round5_2024.pdf
DTU,2024,R5,Round5,Delhi,Chemical Engineering (CHE),SC,Gender-Neutral,618505,DTU_Round5_2024.pdf
DTU,2024,R5,Round5,Delhi,Chemical Engineering (CHE),General,Single-Girl,95849,DTU_Round5_2024.pdf
DTU,2024,R5,Round5,Delhi,Civil Engineering (CE),General,Gender-Neutral,71914,DTU_Round5_2024.pdf
DTU,2024,R5,Round5,Delhi,Civil Engineering (CE),EWS,Gender-Neutral,118803,DTU_Round5_2024.pdf
DTU,2024,R5,Round5,Delhi,Civil Engineering (CE),OBC,Gender-Neutral,294176,DTU_Round5_2024.pdf
DTU,2024,R5,Round5,Delhi,Civil Engineering (CE),SC,Gender-Neutral,580756,DTU_Round5_2024.pdf
DTU,2024,R5,Round5,Delhi,Civil Engineering (CE),ST,Gender-Neutral,468166,DTU_Round5_2024.pdf
DTU,2024,R5,Round5,Delhi,Civil Engineering (CE),General,Single-Girl,112350,DTU_Round5_2024.pdf
DTU,2024,R5,Round5,Delhi,Production & Industrial Engineering (PIE),General,Gender-Neutral,65734,DTU_Round5_2024.pdf
DTU,2024,R5,Round5,Delhi,Production & Industrial Engineering (PIE),EWS,Gender-Neutral,113617,DTU_Round5_2024.pdf
DTU,2024,R5,Round5,Delhi,Production & Industrial Engineering (PIE),OBC,Gender-Neutral,317506,DTU_Round5_2024.pdf
DTU,2024,R5,Round5,Delhi,Production & Industrial Engineering (PIE),SC,Gender-Neutral,812707,DTU_Round5_2024.pdf
DTU,2024,R5,Round5,Delhi,Production & Industrial Engineering (PIE),General,Single-Girl,120929,DTU_Round5_2024.pdf
DTU,2024,R5,Round5,Delhi,Environmental Engineering (ENE),General,Gender-Neutral,75960,DTU_Round5_2024.pdf
DTU,2024,R5,Round5,Delhi,Environmental Engineering (ENE),EWS,Gender-Neutral,137948,DTU_Round5_2024.pdf
DTU,2024,R5,Round5,Delhi,Environmental Engineering (ENE),OBC,Gender-Neutral,382735,DTU_Round5_2024.pdf
DTU,2024,R5,Round5,Delhi,Environmental Engineering (ENE),SC,Gender-Neutral,924695,DTU_Round5_2024.pdf
DTU,2024,R5,Round5,Delhi,Environmental Engineering (ENE),General,Single-Girl,104831,DTU_Round5_2024.pdf
DTU,2024,R5,Round5,Delhi,Bio-Technology (BT),General,Gender-Neutral,76007,DTU_Round5_2024.pdf
DTU,2024,R5,Round5,Delhi,Bio-Technology (BT),EWS,Gender-Neutral,141758,DTU_Round5_2024.pdf
DTU,2024,R5,Round5,Delhi,Bio-Technology (BT),OBC,Gender-Neutral,320922,DTU_Round5_2024.pdf
DTU,2024,R5,Round5,Delhi,Bio-Technology (BT),SC,Gender-Neutral,738541,DTU_Round5_2024.pdf
DTU,2024,R5,Round5,Delhi,Bio-Technology (BT),General,Single-Girl,83845,DTU_Round5_2024.pdf
DTU,2024,R5,Round5,Outside-Delhi,Computer Science & Engineering (CSE),General,Gender-Neutral,6406,DTU_Round5_2024.pdf
DTU,2024,R5,Round5,Outside-Delhi,Computer Science & Engineering (CSE),EWS,Gender-Neutral,10421,DTU_Round5_2024.pdf
DTU,2024,R5,Round5,Outside-Delhi,Computer Science & Engineering (CSE),OBC,Gender-Neutral,12590,DTU_Round5_2024.pdf
DTU,2024,R5,Round5,Outside-Delhi,Computer Science & Engineering (CSE),SC,Gender-Neutral,66040,DTU_Round5_2024.pdf
DTU,2024,R5,Round5,Outside-Delhi,Computer Science & Engineering (CSE),ST,Gender-Neutral,88837,DTU_Round5_2024.pdf
DTU,2024,R5,Round5,Outside-Delhi,Information Technology (IT),General,Gender-Neutral,6871,DTU_Round5_2024.pdf
DTU,2024,R5,Round5,Outside-Delhi,Information Technology (IT),EWS,Gender-Neutral,12088,DTU_Round5_2024.pdf
DTU,2024,R5,Round5,Outside-Delhi,Information Technology (IT),OBC,Gender-Neutral,15893,DTU_Round5_2024.pdf
DTU,2024,R5,Round5,Outside-Delhi,Information Technology (IT),SC,Gender-Neutral,73585,DTU_Round5_2024.pdf
DTU,2024,R5,Round5,Outside-Delhi,Information Technology (IT),ST,Gender-Neutral,125374,DTU_Round5_2024.pdf
DTU,2024,R5,Round5,Outside-Delhi,Software Engineering (SE),General,Gender-Neutral,10046,DTU_Round5_2024.pdf
DTU,2024,R5,Round5,Outside-Delhi,Software Engineering (SE),EWS,Gender-Neutral,14131,DTU_Round5_2024.pdf
DTU,2024,R5,Round5,Outside-Delhi,Software Engineering (SE),OBC,Gender-Neutral,21624,DTU_Round5_2024.pdf
DTU,2024,R5,Round5,Outside-Delhi,Software Engineering (SE),SC,Gender-Neutral,86411,DTU_Round5_2024.pdf
DTU,2024,R5,Round5,Outside-Delhi,Software Engineering (SE),ST,Gender-Neutral,106627,DTU_Round5_2024.pdf
DTU,2024,R5,Round5,Outside-Delhi,Mathematics and Computing (MCE),General,Gender-Neutral,10289,DTU_Round5_2024.pdf
DTU,2024,R5,Round5,Outside-Delhi,Mathematics and Computing (MCE),EWS,Gender-Neutral,14223,DTU_Round5_2024.pdf
DTU,2024,R5,Round5,Outside-Delhi,Mathematics and Computing (MCE),OBC,Gender-Neutral,24179,DTU_Round5_2024.pdf
DTU,2024,R5,Round5,Outside-Delhi,Mathematics and Computing (MCE),SC,Gender-Neutral,96377,DTU_Round5_2024.pdf
DTU,2024,R5,Round5,Outside-Delhi,Mathematics and Computing (MCE),ST,Gender-Neutral,129675,DTU_Round5_2024.pdf
DTU,2024,R5,Round5,Outside-Delhi,Electronics and Communication Engineering (ECE),General,Gender-Neutral,11787,DTU_Round5_2024.pdf
DTU,2024,R5,Round5,Outside-Delhi,Electronics and Communication Engineering (ECE),EWS,Gender-Neutral,15529,DTU_Round5_2024.pdf
DTU,2024,R5,Round5,Outside-Delhi,Electronics and Communication Engineering (ECE),OBC,Gender-Neutral,25615,DTU_Round5_2024.pdf
DTU,2024,R5,Round5,Outside-Delhi,Electronics and Communication Engineering (ECE),SC,Gender-Neutral,99941,DTU_Round5_2024.pdf
DTU,2024,R5,Round5,Outside-Delhi,Electronics and Communication Engineering (ECE),ST,Gender-Neutral,151748,DTU_Round5_2024.pdf
DTU,2024,R5,Round5,Outside-Delhi,Electrical Engineering (EE),General,Gender-Neutral,15907,DTU_Round5_2024.pdf
DTU,2024,R5,Round5,Outside-Delhi,Electrical Engineering (EE),EWS,Gender-Neutral,17614,DTU_Round5_2024.pdf
DTU,2024,R5,Round5,Outside-Delhi,Electrical Engineering (EE),OBC,Gender-Neutral,33509,DTU_Round5_2024.pdf
DTU,2024,R5,Round5,Outside-Delhi,Electrical Engineering (EE),SC,Gender-Neutral,128524,DTU_Round5_2024.pdf
DTU,2024,R5,Round5,Outside-Delhi,Electrical Engineering (EE),ST,Gender-Neutral,194690,DTU_Round5_2024.pdf
DTU,2024,R5,Round5,Outside-Delhi,Mechanical Engineering (ME),General,Gender-Neutral,20977,DTU_Round5_2024.pdf
DTU,2024,R5,Round5,Outside-Delhi,Mechanical Engineering (ME),EWS,Gender-Neutral,24501,DTU_Round5_2024.pdf
DTU,2024,R5,Round5,Outside-Delhi,Mechanical Engineering (ME),OBC,Gender-Neutral,44147,DTU_Round5_2024.pdf
DTU,2024,R5,Round5,Outside-Delhi,Mechanical Engineering (ME),SC,Gender-Neutral,170442,DTU_Round5_2024.pdf
DTU,2024,R5,Round5,Outside-Delhi,Mechanical Engineering (ME),ST,Gender-Neutral,260436,DTU_Round5_2024.pdf
DTU,2024,R5,Round5,Outside-Delhi,Mechanical Engineering with specialization in Automotive Engineering (MAM),General,Gender-Neutral,16830,DTU_Round5_2024.pdf
DTU,2024,R5,Round5,Outside-Delhi,Mechanical Engineering with specialization in Automotive Engineering (MAM),EWS,Gender-Neutral,23791,DTU_Round5_2024.pdf
DTU,2024,R5,Round5,Outside-Delhi,Mechanical Engineering with specialization in Automotive Engineering (MAM),OBC,Gender-Neutral,45219,DTU_Round5_2024.pdf
DTU,2024,R5,Round5,Outside-Delhi,Mechanical Engineering with specialization in Automotive Engineering (MAM),SC,Gender-Neutral,173048,DTU_Round5_2024.pdf
DTU,2024,R5,Round5,Outside-Delhi,Mechanical Engineering with specialization in Automotive Engineering (MAM),ST,Gender-Neutral,368939,DTU_Round5_2024.pdf
DTU,2024,R5,Round5,Outside-Delhi,Engineering Physics (EP),General,Gender-Neutral,19657,DTU_Round5_2024.pdf
DTU,2024,R5,Round5,Outside-Delhi,Engineering Physics (EP),EWS,Gender-Neutral,24442,DTU_Round5_2024.pdf
DTU,2024,R5,Round5,Outside-Delhi,Engineering Physics (EP),OBC,Gender-Neutral,49002,DTU_Round5_2024.pdf
DTU,2024,R5,Round5,Outside-Delhi,Engineering Physics (EP),SC,Gender-Neutral,187998,DTU_Round5_2024.pdf
DTU,2024,R5,Round5,Outside-Delhi,Engineering Physics (EP),ST,Gender-Neutral,375857,DTU_Round5_2024.pdf
DTU,2024,R5,Round5,Outside-Delhi,Chemical Engineering (CHE),General,Gender-Neutral,22845,DTU_Round5_2024.pdf
DTU,2024,R5,Round5,Outside-Delhi,Chemical Engineering (CHE),EWS,Gender-Neutral,25367,DTU_Round5_2024.pdf
DTU,2024,R5,Round5,Outside-Delhi,Chemical Engineering (CHE),OBC,Gender-Neutral,50025,DTU_Round5_2024.pdf
DTU,2024,R5,Round5,Outside-Delhi,Chemical Engineering (CHE),SC,Gender-Neutral,180128,DTU_Round5_2024.pdf
DTU,2024,R5,Round5,Outside-Delhi,Chemical Engineering (CHE),ST,Gender-Neutral,206487,DTU_Round5_2024.pdf
DTU,2024,R5,Round5,Outside-Delhi,Civil Engineering (CE),General,Gender-Neutral,28180,DTU_Round5_2024.pdf
DTU,2024,R5,Round5,Outside-Delhi,Civil Engineering (CE),EWS,Gender-Neutral,37215,DTU_Round5_2024.pdf
DTU,2024,R5,Round5,Outside-Delhi,Civil Engineering (CE),OBC,Gender-Neutral,53032,DTU_Round5_2024.pdf
DTU,2024,R5,Round5,Outside-Delhi,Civil Engineering (CE),SC,Gender-Neutral,178296,DTU_Round5_2024.pdf
DTU,2024,R5,Round5,Outside-Delhi,Civil Engineering (CE),ST,Gender-Neutral,252579,DTU_Round5_2024.pdf
DTU,2024,R5,Round5,Outside-Delhi,Production & Industrial Engineering (PIE),General,Gender-Neutral,25875,DTU_Round5_2024.pdf
DTU,2024,R5,Round5,Outside-Delhi,Production & Industrial Engineering (PIE),EWS,Gender-Neutral,29899,DTU_Round5_2024.pdf
DTU,2024,R5,Round5,Outside-Delhi,Production & Industrial Engineering (PIE),OBC,Gender-Neutral,54184,DTU_Round5_2024.pdf
DTU,2024,R5,Round5,Outside-Delhi,Production & Industrial Engineering (PIE),SC,Gender-Neutral,188464,DTU_Round5_2024.pdf
DTU,2024,R5,Round5,Outside-Delhi,Production & Industrial Engineering (PIE),ST,Gender-Neutral,383834,DTU_Round5_2024.pdf
DTU,2024,R5,Round5,Outside-Delhi,Environmental Engineering (ENE),General,Gender-Neutral,27789,DTU_Round5_2024.pdf
DTU,2024,R5,Round5,Outside-Delhi,Environmental Engineering (ENE),EWS,Gender-Neutral,37686,DTU_Round5_2024.pdf
DTU,2024,R5,Round5,Outside-Delhi,Environmental Engineering (ENE),OBC,Gender-Neutral,55534,DTU_Round5_2024.pdf
DTU,2024,R5,Round5,Outside-Delhi,Environmental Engineering (ENE),SC,Gender-Neutral,201699,DTU_Round5_2024.pdf
DTU,2024,R5,Round5,Outside-Delhi,Environmental Engineering (ENE),ST,Gender-Neutral,387956,DTU_Round5_2024.pdf
DTU,2024,R5,Round5,Outside-Delhi,Bio-Technology (BT),General,Gender-Neutral,26859,DTU_Round5_2024.pdf
DTU,2024,R5,Round5,Outside-Delhi,Bio-Technology (BT),EWS,Gender-Neutral,37660,DTU_Round5_2024.pdf
DTU,2024,R5,Round5,Outside-Delhi,Bio-Technology (BT),OBC,Gender-Neutral,55770,DTU_Round5_2024.pdf
DTU,2024,R5,Round5,Outside-Delhi,Bio-Technology (BT),SC,Gender-Neutral,197944,DTU_Round5_2024.pdf
DTU,2024,R5,Round5,Outside-Delhi,Bio-Technology (BT),ST,Gender-Neutral,282632,DTU_Round5_2024.pdf
DTU,2025,R5,Round5,Delhi,Computer Science and Engineering,General,Gender-Neutral,11352,DTU_Round5_2025.pdf
DTU,2025,R5,Round5,Delhi,Computer Science and Engineering,General,Girl,15118,DTU_Round5_2025.pdf
DTU,2025,R5,Round5,Delhi,Computer Science and Engineering,EWS,Gender-Neutral,27670,DTU_Round5_2025.pdf
DTU,2025,R5,Round5,Delhi,Computer Science and Engineering,EWS,Girl,31247,DTU_Round5_2025.pdf
DTU,2025,R5,Round5,Delhi,Computer Science and Engineering,OBC,Gender-Neutral,49930,DTU_Round5_2025.pdf
DTU,2025,R5,Round5,Delhi,Computer Science and Engineering,OBC,Girl,60658,DTU_Round5_2025.pdf
DTU,2025,R5,Round5,Delhi,Computer Science and Engineering,SC,Gender-Neutral,109484,DTU_Round5_2025.pdf
DTU,2025,R5,Round5,Delhi,Computer Science and Engineering,SC,Girl,127751,DTU_Round5_2025.pdf
DTU,2025,R5,Round5,Delhi,Computer Science and Engineering,ST,Gender-Neutral,356659,DTU_Round5_2025.pdf
DTU,2025,R5,Round5,Delhi,Computer Science and Engineering,ST,Girl,375308,DTU_Round5_2025.pdf
DTU,2025,R5,Round5,Delhi,Computer Science and Engineering,General,Single-Girl,17868,DTU_Round5_2025.pdf
DTU,2025,R5,Round5,Delhi,Computer Science and Engineering,General,PwD,164943,DTU_Round5_2025.pdf
DTU,2025,R5,Round5,Delhi,Computer Science and Engineering,EWS,PwD,293227,DTU_Round5_2025.pdf
DTU,2025,R5,Round5,Delhi,Computer Science and Engineering,OBC,PwD,863726,DTU_Round5_2025.pdf
DTU,2025,R5,Round5,Delhi,Computer Science and Engineering,SC,PwD,701955,DTU_Round5_2025.pdf
DTU,2025,R5,Round5,Delhi,Computer Science and Engineering (Data Science & Analytics),General,Gender-Neutral,12442,DTU_Round5_2025.pdf
DTU,2025,R5,Round5,Delhi,Computer Science and Engineering (Data Science & Analytics),General,Girl,19590,DTU_Round5_2025.pdf
DTU,2025,R5,Round5,Delhi,Computer Science and Engineering (Data Science & Analytics),EWS,Gender-Neutral,28333,DTU_Round5_2025.pdf
DTU,2025,R5,Round5,Delhi,Computer Science and Engineering (Data Science & Analytics),OBC,Gender-Neutral,54273,DTU_Round5_2025.pdf
DTU,2025,R5,Round5,Delhi,Computer Science and Engineering (Data Science & Analytics),OBC,Girl,57393,DTU_Round5_2025.pdf
DTU,2025,R5,Round5,Delhi,Computer Science and Engineering (Data Science & Analytics),SC,Gender-Neutral,107590,DTU_Round5_2025.pdf
DTU,2025,R5,Round5,Delhi,Computer Science and Engineering (Data Science & Analytics),SC,Girl,137182,DTU_Round5_2025.pdf
DTU,2025,R5,Round5,Delhi,Computer Science and Engineering (Data Science & Analytics),ST,Gender-Neutral,432099,DTU_Round5_2025.pdf
DTU,2025,R5,Round5,Delhi,Computer Science and Engineering (Data Science & Analytics),General,Single-Girl,22510,DTU_Round5_2025.pdf
DTU,2025,R5,Round5,Delhi,Computer Science and Engineering (Data Science & Analytics),General,PwD,164213,DTU_Round5_2025.pdf
DTU,2025,R5,Round5,Delhi,Computer Science and Engineering (Data Science & Analytics),OBC,PwD,661822,DTU_Round5_2025.pdf
DTU,2025,R5,Round5,Delhi,Information Technology,General,Gender-Neutral,14561,DTU_Round5_2025.pdf
DTU,2025,R5,Round5,Delhi,Information Technology,General,Girl,20121,DTU_Round5_2025.pdf
DTU,2025,R5,Round5,Delhi,Information Technology,EWS,Gender-Neutral,33875,DTU_Round5_2025.pdf
DTU,2025,R5,Round5,Delhi,Information Technology,EWS,Girl,38505,DTU_Round5_2025.pdf
DTU,2025,R5,Round5,Delhi,Information Technology,OBC,Gender-Neutral,70083,DTU_Round5_2025.pdf
DTU,2025,R5,Round5,Delhi,Information Technology,OBC,Girl,86242,DTU_Round5_2025.pdf
DTU,2025,R5,Round5,Delhi,Information Technology,SC,Gender-Neutral,134617,DTU_Round5_2025.pdf
DTU,2025,R5,Round5,Delhi,Information Technology,ST,Gender-Neutral,553889,DTU_Round5_2025.pdf
DTU,2025,R5,Round5,Delhi,Information Technology,ST,Girl,747794,DTU_Round5_2025.pdf
DTU,2025,R5,Round5,Delhi,Information Technology,General,Single-Girl,24641,DTU_Round5_2025.pdf
DTU,2025,R5,Round5,Delhi,Information Technology,General,PwD,236246,DTU_Round5_2025.pdf
DTU,2025,R5,Round5,Delhi,Information Technology,EWS,PwD,327036,DTU_Round5_2025.pdf
DTU,2025,R5,Round5,Delhi,Information Technology,OBC,PwD,968761,DTU_Round5_2025.pdf
DTU,2025,R5,Round5,Delhi,Information Technology (Cyber Security),General,Gender-Neutral,19027,DTU_Round5_2025.pdf
DTU,2025,R5,Round5,Delhi,Information Technology (Cyber Security),General,Girl,23570,DTU_Round5_2025.pdf
DTU,2025,R5,Round5,Delhi,Information Technology (Cyber Security),EWS,Gender-Neutral,36194,DTU_Round5_2025.pdf
DTU,2025,R5,Round5,Delhi,Information Technology (Cyber Security),OBC,Gender-Neutral,83250,DTU_Round5_2025.pdf
DTU,2025,R5,Round5,Delhi,Information Technology (Cyber Security),OBC,Girl,96775,DTU_Round5_2025.pdf
DTU,2025,R5,Round5,Delhi,Information Technology (Cyber Security),SC,Gender-Neutral,165771,DTU_Round5_2025.pdf
DTU,2025,R5,Round5,Delhi,Information Technology (Cyber Security),SC,Girl,208540,DTU_Round5_2025.pdf
DTU,2025,R5,Round5,Delhi,Information Technology (Cyber Security),ST,Gender-Neutral,643847,DTU_Round5_2025.pdf
DTU,2025,R5,Round5,Delhi,Information Technology (Cyber Security),General,Single-Girl,24313,DTU_Round5_2025.pdf
DTU,2025,R5,Round5,Delhi,Information Technology (Cyber Security),General,PwD,226990,DTU_Round5_2025.pdf
DTU,2025,R5,Round5,Delhi,Software Engineering,General,Gender-Neutral,18706,DTU_Round5_2025.pdf
DTU,2025,R5,Round5,Delhi,Software Engineering,General,Girl,20996,DTU_Round5_2025.pdf
DTU,2025,R5,Round5,Delhi,Software Engineering,EWS,Gender-Neutral,42387,DTU_Round5_2025.pdf
DTU,2025,R5,Round5,Delhi,Software Engineering,EWS,Girl,42751,DTU_Round5_2025.pdf
DTU,2025,R5,Round5,Delhi,Software Engineering,OBC,Gender-Neutral,80436,DTU_Round5_2025.pdf
DTU,2025,R5,Round5,Delhi,Software Engineering,OBC,Girl,106011,DTU_Round5_2025.pdf
DTU,2025,R5,Round5,Delhi,Software Engineering,SC,Gender-Neutral,175926,DTU_Round5_2025.pdf
DTU,2025,R5,Round5,Delhi,Software Engineering,SC,Girl,197551,DTU_Round5_2025.pdf
DTU,2025,R5,Round5,Delhi,Software Engineering,ST,Gender-Neutral,641245,DTU_Round5_2025.pdf
DTU,2025,R5,Round5,Delhi,Software Engineering,ST,Girl,667981,DTU_Round5_2025.pdf
DTU,2025,R5,Round5,Delhi,Software Engineering,General,Single-Girl,23372,DTU_Round5_2025.pdf
DTU,2025,R5,Round5,Delhi,Software Engineering,General,PwD,333904,DTU_Round5_2025.pdf
DTU,2025,R5,Round5,Delhi,Software Engineering,EWS,PwD,345115,DTU_Round5_2025.pdf
DTU,2025,R5,Round5,Delhi,Mathematics and Computing,General,Gender-Neutral,20458,DTU_Round5_2025.pdf
DTU,2025,R5,Round5,Delhi,Mathematics and Computing,General,Girl,23503,DTU_Round5_2025.pdf
DTU,2025,R5,Round5,Delhi,Mathematics and Computing,EWS,Gender-Neutral,49805,DTU_Round5_2025.pdf
DTU,2025,R5,Round5,Delhi,Mathematics and Computing,EWS,Girl,61080,DTU_Round5_2025.pdf
DTU,2025,R5,Round5,Delhi,Mathematics and Computing,OBC,Gender-Neutral,100268,DTU_Round5_2025.pdf
DTU,2025,R5,Round5,Delhi,Mathematics and Computing,OBC,Girl,115408,DTU_Round5_2025.pdf
DTU,2025,R5,Round5,Delhi,Mathematics and Computing,SC,Gender-Neutral,200587,DTU_Round5_2025.pdf
DTU,2025,R5,Round5,Delhi,Mathematics and Computing,SC,Girl,242941,DTU_Round5_2025.pdf
DTU,2025,R5,Round5,Delhi,Mathematics and Computing,ST,Gender-Neutral,960804,DTU_Round5_2025.pdf
DTU,2025,R5,Round5,Delhi,Mathematics and Computing,General,Single-Girl,28383,DTU_Round5_2025.pdf
DTU,2025,R5,Round5,Delhi,Mathematics and Computing,General,PwD,340318,DTU_Round5_2025.pdf
DTU,2025,R5,Round5,Delhi,Mathematics and Computing,EWS,PwD,419962,DTU_Round5_2025.pdf
DTU,2025,R5,Round5,Delhi,Electronics and Communication Engineering,General,Gender-Neutral,22278,DTU_Round5_2025.pdf
DTU,2025,R5,Round5,Delhi,Electronics and Communication Engineering,General,Girl,26356,DTU_Round5_2025.pdf
DTU,2025,R5,Round5,Delhi,Electronics and Communication Engineering,EWS,Gender-Neutral,55620,DTU_Round5_2025.pdf
DTU,2025,R5,Round5,Delhi,Electronics and Communication Engineering,EWS,Girl,92816,DTU_Round5_2025.pdf
DTU,2025,R5,Round5,Delhi,Electronics and Communication Engineering,OBC,Gender-Neutral,105320,DTU_Round5_2025.pdf
DTU,2025,R5,Round5,Delhi,Electronics and Communication Engineering,OBC,Girl,121035,DTU_Round5_2025.pdf
DTU,2025,R5,Round5,Delhi,Electronics and Communication Engineering,SC,Gender-Neutral,209811,DTU_Round5_2025.pdf
DTU,2025,R5,Round5,Delhi,Electronics and Communication Engineering,ST,Gender-Neutral,911267,DTU_Round5_2025.pdf
DTU,2025,R5,Round5,Delhi,Electronics and Communication Engineering,ST,Girl,967902,DTU_Round5_2025.pdf
DTU,2025,R5,Round5,Delhi,Electronics and Communication Engineering,General,Single-Girl,30102,DTU_Round5_2025.pdf
DTU,2025,R5,Round5,Delhi,Electronics and Communication Engineering,General,PwD,440684,DTU_Round5_2025.pdf
DTU,2025,R5,Round5,Delhi,Electronics and Communication Engineering,OBC,PwD,759285,DTU_Round5_2025.pdf
DTU,2025,R5,Round5,Delhi,Electronics Engineering (VLSI Design and Technology),General,Gender-Neutral,24842,DTU_Round5_2025.pdf
DTU,2025,R5,Round5,Delhi,Electronics Engineering (VLSI Design and Technology),General,Girl,27868,DTU_Round5_2025.pdf
DTU,2025,R5,Round5,Delhi,Electronics Engineering (VLSI Design and Technology),EWS,Gender-Neutral,60649,DTU_Round5_2025.pdf
DTU,2025,R5,Round5,Delhi,Electronics Engineering (VLSI Design and Technology),OBC,Gender-Neutral,109834,DTU_Round5_2025.pdf
DTU,2025,R5,Round5,Delhi,Electronics Engineering (VLSI Design and Technology),OBC,Girl,144448,DTU_Round5_2025.pdf
DTU,2025,R5,Round5,Delhi,Electronics Engineering (VLSI Design and Technology),SC,Gender-Neutral,222503,DTU_Round5_2025.pdf
DTU,2025,R5,Round5,Delhi,Electronics Engineering (VLSI Design and Technology),SC,Girl,282842,DTU_Round5_2025.pdf
DTU,2025,R5,Round5,Delhi,Electronics Engineering (VLSI Design and Technology),ST,Gender-Neutral,1117103,DTU_Round5_2025.pdf
DTU,2025,R5,Round5,Delhi,Electronics Engineering (VLSI Design and Technology),General,Single-Girl,52888,DTU_Round5_2025.pdf
DTU,2025,R5,Round5,Delhi,Electronics Engineering (VLSI Design and Technology),General,PwD,451368,DTU_Round5_2025.pdf
DTU,2025,R5,Round5,Delhi,Electrical Engineering,General,Gender-Neutral,31589,DTU_Round5_2025.pdf
DTU,2025,R5,Round5,Delhi,Electrical Engineering,General,Girl,42199,DTU_Round5_2025.pdf
DTU,2025,R5,Round5,Delhi,Electrical Engineering,EWS,Gender-Neutral,79048,DTU_Round5_2025.pdf
DTU,2025,R5,Round5,Delhi,Electrical Engineering,EWS,Girl,132804,DTU_Round5_2025.pdf
DTU,2025,R5,Round5,Delhi,Electrical Engineering,OBC,Gender-Neutral,147712,DTU_Round5_2025.pdf
DTU,2025,R5,Round5,Delhi,Electrical Engineering,OBC,Girl,192885,DTU_Round5_2025.pdf
DTU,2025,R5,Round5,Delhi,Electrical Engineering,SC,Gender-Neutral,286821,DTU_Round5_2025.pdf
DTU,2025,R5,Round5,Delhi,Electrical Engineering,SC,Girl,453582,DTU_Round5_2025.pdf
DTU,2025,R5,Round5,Delhi,Electrical Engineering,ST,Gender-Neutral,1235423,DTU_Round5_2025.pdf
DTU,2025,R5,Round5,Delhi,Electrical Engineering,General,Single-Girl,54655,DTU_Round5_2025.pdf
DTU,2025,R5,Round5,Delhi,Electrical Engineering,General,PwD,838112,DTU_Round5_2025.pdf
DTU,2025,R5,Round5,Delhi,Mechanical Engineering,General,Gender-Neutral,44365,DTU_Round5_2025.pdf
DTU,2025,R5,Round5,Delhi,Mechanical Engineering,General,Girl,79234,DTU_Round5_2025.pdf
DTU,2025,R5,Round5,Delhi,Mechanical Engineering,EWS,Gender-Neutral,110006,DTU_Round5_2025.pdf
DTU,2025,R5,Round5,Delhi,Mechanical Engineering,EWS,Girl,174639,DTU_Round5_2025.pdf
DTU,2025,R5,Round5,Delhi,Mechanical Engineering,OBC,Gender-Neutral,183462,DTU_Round5_2025.pdf
DTU,2025,R5,Round5,Delhi,Mechanical Engineering,OBC,Girl,335482,DTU_Round5_2025.pdf
DTU,2025,R5,Round5,Delhi,Mechanical Engineering,SC,Gender-Neutral,378952,DTU_Round5_2025.pdf
DTU,2025,R5,Round5,Delhi,Mechanical Engineering,SC,Girl,661821,DTU_Round5_2025.pdf
DTU,2025,R5,Round5,Delhi,Mechanical Engineering,ST,Gender-Neutral,1217615,DTU_Round5_2025.pdf
DTU,2025,R5,Round5,Delhi,Mechanical Engineering,General,Single-Girl,91460,DTU_Round5_2025.pdf
DTU,2025,R5,Round5,Delhi,Mechanical Engineering,General,PwD,774676,DTU_Round5_2025.pdf
DTU,2025,R5,Round5,Delhi,Mechanical Engineering with specialization in Automotive Engineering,General,Gender-Neutral,45443,DTU_Round5_2025.pdf
DTU,2025,R5,Round5,Delhi,Mechanical Engineering with specialization in Automotive Engineering,General,Girl,57002,DTU_Round5_2025.pdf
DTU,2025,R5,Round5,Delhi,Mechanical Engineering with specialization in Automotive Engineering,EWS,Gender-Neutral,111566,DTU_Round5_2025.pdf
DTU,2025,R5,Round5,Delhi,Mechanical Engineering with specialization in Automotive Engineering,OBC,Gender-Neutral,189390,DTU_Round5_2025.pdf
DTU,2025,R5,Round5,Delhi,Mechanical Engineering with specialization in Automotive Engineering,OBC,Girl,322243,DTU_Round5_2025.pdf
DTU,2025,R5,Round5,Delhi,Mechanical Engineering with specialization in Automotive Engineering,SC,Gender-Neutral,418258,DTU_Round5_2025.pdf
DTU,2025,R5,Round5,Delhi,Mechanical Engineering with specialization in Automotive Engineering,SC,Girl,547950,DTU_Round5_2025.pdf
DTU,2025,R5,Round5,Delhi,Mechanical Engineering with specialization in Automotive Engineering,General,Single-Girl,95906,DTU_Round5_2025.pdf
DTU,2025,R5,Round5,Delhi,Engineering Physics,General,Gender-Neutral,45024,DTU_Round5_2025.pdf
DTU,2025,R5,Round5,Delhi,Engineering Physics,General,Girl,56476,DTU_Round5_2025.pdf
DTU,2025,R5,Round5,Delhi,Engineering Physics,EWS,Gender-Neutral,111899,DTU_Round5_2025.pdf
DTU,2025,R5,Round5,Delhi,Engineering Physics,OBC,Gender-Neutral,200344,DTU_Round5_2025.pdf
DTU,2025,R5,Round5,Delhi,Engineering Physics,OBC,Girl,236184,DTU_Round5_2025.pdf
DTU,2025,R5,Round5,Delhi,Engineering Physics,SC,Gender-Neutral,440143,DTU_Round5_2025.pdf
DTU,2025,R5,Round5,Delhi,Engineering Physics,SC,Girl,451812,DTU_Round5_2025.pdf
DTU,2025,R5,Round5,Delhi,Engineering Physics,ST,Gender-Neutral,880496,DTU_Round5_2025.pdf
DTU,2025,R5,Round5,Delhi,Engineering Physics,General,Single-Girl,114374,DTU_Round5_2025.pdf
DTU,2025,R5,Round5,Delhi,Chemical Engineering,General,Gender-Neutral,49816,DTU_Round5_2025.pdf
DTU,2025,R5,Round5,Delhi,Chemical Engineering,General,Girl,55917,DTU_Round5_2025.pdf
DTU,2025,R5,Round5,Delhi,Chemical Engineering,EWS,Gender-Neutral,125062,DTU_Round5_2025.pdf
DTU,2025,R5,Round5,Delhi,Chemical Engineering,EWS,Girl,200985,DTU_Round5_2025.pdf
DTU,2025,R5,Round5,Delhi,Chemical Engineering,OBC,Gender-Neutral,221288,DTU_Round5_2025.pdf
DTU,2025,R5,Round5,Delhi,Chemical Engineering,OBC,Girl,340919,DTU_Round5_2025.pdf
DTU,2025,R5,Round5,Delhi,Chemical Engineering,SC,Gender-Neutral,469072,DTU_Round5_2025.pdf
DTU,2025,R5,Round5,Delhi,Chemical Engineering,General,Single-Girl,95129,DTU_Round5_2025.pdf
DTU,2025,R5,Round5,Delhi,Chemical Engineering,General,PwD,1279355,DTU_Round5_2025.pdf
DTU,2025,R5,Round5,Delhi,Civil Engineering,General,Gender-Neutral,56161,DTU_Round5_2025.pdf
DTU,2025,R5,Round5,Delhi,Civil Engineering,General,Girl,85250,DTU_Round5_2025.pdf
DTU,2025,R5,Round5,Delhi,Civil Engineering,EWS,Gender-Neutral,134993,DTU_Round5_2025.pdf
DTU,2025,R5,Round5,Delhi,Civil Engineering,EWS,Girl,199792,DTU_Round5_2025.pdf
DTU,2025,R5,Round5,Delhi,Civil Engineering,OBC,Gender-Neutral,236405,DTU_Round5_2025.pdf
DTU,2025,R5,Round5,Delhi,Civil Engineering,OBC,Girl,365974,DTU_Round5_2025.pdf
DTU,2025,R5,Round5,Delhi,Civil Engineering,SC,Gender-Neutral,475427,DTU_Round5_2025.pdf
DTU,2025,R5,Round5,Delhi,Civil Engineering,SC,Girl,668920,DTU_Round5_2025.pdf
DTU,2025,R5,Round5,Delhi,Civil Engineering,ST,Gender-Neutral,420855,DTU_Round5_2025.pdf
DTU,2025,R5,Round5,Delhi,Civil Engineering,ST,Girl,810016,DTU_Round5_2025.pdf
DTU,2025,R5,Round5,Delhi,Civil Engineering,General,Single-Girl,136962,DTU_Round5_2025.pdf
DTU,2025,R5,Round5,Delhi,Civil Engineering,General,PwD,1071740,DTU_Round5_2025.pdf
DTU,2025,R5,Round5,Delhi,Production & Industrial Engineering,General,Gender-Neutral,51783,DTU_Round5_2025.pdf
DTU,2025,R5,Round5,Delhi,Production & Industrial Engineering,General,Girl,83392,DTU_Round5_2025.pdf
DTU,2025,R5,Round5,Delhi,Production & Industrial Engineering,EWS,Gender-Neutral,129464,DTU_Round5_2025.pdf
DTU,2025,R5,Round5,Delhi,Production & Industrial Engineering,OBC,Gender-Neutral,238229,DTU_Round5_2025.pdf
DTU,2025,R5,Round5,Delhi,Production & Industrial Engineering,OBC,Girl,411736,DTU_Round5_2025.pdf
DTU,2025,R5,Round5,Delhi,Production & Industrial Engineering,SC,Gender-Neutral,499047,DTU_Round5_2025.pdf
DTU,2025,R5,Round5,Delhi,Production & Industrial Engineering,SC,Girl,699975,DTU_Round5_2025.pdf
DTU,2025,R5,Round5,Delhi,Production & Industrial Engineering,General,Single-Girl,135824,DTU_Round5_2025.pdf
DTU,2025,R5,Round5,Delhi,Environmental Engineering,General,Gender-Neutral,58622,DTU_Round5_2025.pdf
DTU,2025,R5,Round5,Delhi,Environmental Engineering,General,Girl,88486,DTU_Round5_2025.pdf
DTU,2025,R5,Round5,Delhi,Environmental Engineering,EWS,Gender-Neutral,149774,DTU_Round5_2025.pdf
DTU,2025,R5,Round5,Delhi,Environmental Engineering,OBC,Gender-Neutral,245862,DTU_Round5_2025.pdf
DTU,2025,R5,Round5,Delhi,Environmental Engineering,OBC,Girl,418006,DTU_Round5_2025.pdf
DTU,2025,R5,Round5,Delhi,Environmental Engineering,SC,Gender-Neutral,521018,DTU_Round5_2025.pdf
DTU,2025,R5,Round5,Delhi,Environmental Engineering,SC,Girl,653980,DTU_Round5_2025.pdf
DTU,2025,R5,Round5,Delhi,Environmental Engineering,General,Single-Girl,96556,DTU_Round5_2025.pdf
DTU,2025,R5,Round5,Delhi,Environmental Engineering,General,PwD,1007481,DTU_Round5_2025.pdf
DTU,2025,R5,Round5,Delhi,Bio-Technology,General,Gender-Neutral,59055,DTU_Round5_2025.pdf
DTU,2025,R5,Round5,Delhi,Bio-Technology,General,Girl,80880,DTU_Round5_2025.pdf
DTU,2025,R5,Round5,Delhi,Bio-Technology,EWS,Gender-Neutral,140244,DTU_Round5_2025.pdf
DTU,2025,R5,Round5,Delhi,Bio-Technology,EWS,Girl,203570,DTU_Round5_2025.pdf
DTU,2025,R5,Round5,Delhi,Bio-Technology,OBC,Gender-Neutral,252856,DTU_Round5_2025.pdf
DTU,2025,R5,Round5,Delhi,Bio-Technology,OBC,Girl,418769,DTU_Round5_2025.pdf
DTU,2025,R5,Round5,Delhi,Bio-Technology,SC,Gender-Neutral,510076,DTU_Round5_2025.pdf
DTU,2025,R5,Round5,Delhi,Bio-Technology,General,Single-Girl,129631,DTU_Round5_2025.pdf
DTU,2025,R5,Round5,Delhi,Bio-Technology,General,PwD,916464,DTU_Round5_2025.pdf
DTU,2025,R5,Round5,Delhi,Computer Science and Engineering,General,Defense-CW,205133,DTU_Round5_2025.pdf
DTU,2025,R5,Round5,Delhi,Computer Science and Engineering,EWS,Defense-CW,102477,DTU_Round5_2025.pdf
DTU,2025,R5,Round5,Delhi,Computer Science and Engineering,OBC,Defense-CW,86912,DTU_Round5_2025.pdf
DTU,2025,R5,Round5,Delhi,Computer Science and Engineering,SC,Defense-CW,242191,DTU_Round5_2025.pdf
DTU,2025,R5,Round5,Delhi,Computer Science and Engineering,ST,Defense-CW,476260,DTU_Round5_2025.pdf
DTU,2025,R5,Round5,Delhi,Computer Science and Engineering (Data Science & Analytics),General,Defense-CW,88380,DTU_Round5_2025.pdf
DTU,2025,R5,Round5,Delhi,Computer Science and Engineering (Data Science & Analytics),EWS,Defense-CW,115837,DTU_Round5_2025.pdf
DTU,2025,R5,Round5,Delhi,Computer Science and Engineering (Data Science & Analytics),OBC,Defense-CW,95366,DTU_Round5_2025.pdf
DTU,2025,R5,Round5,Delhi,Computer Science and Engineering (Data Science & Analytics),SC,Defense-CW,415350,DTU_Round5_2025.pdf
DTU,2025,R5,Round5,Delhi,Information Technology,General,Defense-CW,362645,DTU_Round5_2025.pdf
DTU,2025,R5,Round5,Delhi,Information Technology,OBC,Defense-CW,143686,DTU_Round5_2025.pdf
DTU,2025,R5,Round5,Delhi,Information Technology (Cyber Security),General,Defense-CW,393724,DTU_Round5_2025.pdf
DTU,2025,R5,Round5,Delhi,Information Technology (Cyber Security),EWS,Defense-CW,118959,DTU_Round5_2025.pdf
DTU,2025,R5,Round5,Delhi,Information Technology (Cyber Security),SC,Defense-CW,839253,DTU_Round5_2025.pdf
DTU,2025,R5,Round5,Delhi,Software Engineering,General,Defense-CW,1261139,DTU_Round5_2025.pdf
DTU,2025,R5,Round5,Delhi,Software Engineering,EWS,Defense-CW,137016,DTU_Round5_2025.pdf
DTU,2025,R5,Round5,Delhi,Software Engineering,OBC,Defense-CW,160204,DTU_Round5_2025.pdf
DTU,2025,R5,Round5,Delhi,Software Engineering,SC,Defense-CW,394754,DTU_Round5_2025.pdf
DTU,2025,R5,Round5,Delhi,Mathematics and Computing,General,Defense-CW,24086,DTU_Round5_2025.pdf
DTU,2025,R5,Round5,Delhi,Mathematics and Computing,EWS,Defense-CW,147398,DTU_Round5_2025.pdf
DTU,2025,R5,Round5,Delhi,Mathematics and Computing,OBC,Defense-CW,181575,DTU_Round5_2025.pdf
DTU,2025,R5,Round5,Delhi,Mathematics and Computing,SC,Defense-CW,410043,DTU_Round5_2025.pdf
DTU,2025,R5,Round5,Delhi,Electronics and Communication Engineering,General,Defense-CW,40931,DTU_Round5_2025.pdf
DTU,2025,R5,Round5,Delhi,Electronics and Communication Engineering,EWS,Defense-CW,177633,DTU_Round5_2025.pdf
DTU,2025,R5,Round5,Delhi,Electronics and Communication Engineering,OBC,Defense-CW,188916,DTU_Round5_2025.pdf
DTU,2025,R5,Round5,Delhi,Electronics and Communication Engineering,SC,Defense-CW,310403,DTU_Round5_2025.pdf
DTU,2025,R5,Round5,Delhi,Electronics Engineering (VLSI Design and Technology),General,Defense-CW,27436,DTU_Round5_2025.pdf
DTU,2025,R5,Round5,Delhi,Electronics Engineering (VLSI Design and Technology),OBC,Defense-CW,246689,DTU_Round5_2025.pdf
DTU,2025,R5,Round5,Delhi,Electrical Engineering,General,Defense-CW,92984,DTU_Round5_2025.pdf
DTU,2025,R5,Round5,Delhi,Electrical Engineering,EWS,Defense-CW,240501,DTU_Round5_2025.pdf
DTU,2025,R5,Round5,Delhi,Electrical Engineering,OBC,Defense-CW,384882,DTU_Round5_2025.pdf
DTU,2025,R5,Round5,Delhi,Mechanical Engineering,General,Defense-CW,121599,DTU_Round5_2025.pdf
DTU,2025,R5,Round5,Delhi,Mechanical Engineering,EWS,Defense-CW,124364,DTU_Round5_2025.pdf
DTU,2025,R5,Round5,Delhi,Mechanical Engineering,OBC,Defense-CW,699925,DTU_Round5_2025.pdf
DTU,2025,R5,Round5,Delhi,Mechanical Engineering,SC,Defense-CW,1315552,DTU_Round5_2025.pdf
DTU,2025,R5,Round5,Delhi,Mechanical Engineering with specialization in Automotive Engineering,General,Defense-CW,116177,DTU_Round5_2025.pdf
DTU,2025,R5,Round5,Delhi,Mechanical Engineering with specialization in Automotive Engineering,EWS,Defense-CW,345801,DTU_Round5_2025.pdf
DTU,2025,R5,Round5,Delhi,Mechanical Engineering with specialization in Automotive Engineering,OBC,Defense-CW,559592,DTU_Round5_2025.pdf
DTU,2025,R5,Round5,Delhi,Engineering Physics,General,Defense-CW,92102,DTU_Round5_2025.pdf
DTU,2025,R5,Round5,Delhi,Engineering Physics,OBC,Defense-CW,206544,DTU_Round5_2025.pdf
DTU,2025,R5,Round5,Delhi,Chemical Engineering,General,Defense-CW,152965,DTU_Round5_2025.pdf
DTU,2025,R5,Round5,Delhi,Chemical Engineering,EWS,Defense-CW,384417,DTU_Round5_2025.pdf
DTU,2025,R5,Round5,Delhi,Chemical Engineering,OBC,Defense-CW,350209,DTU_Round5_2025.pdf
DTU,2025,R5,Round5,Delhi,Civil Engineering,General,Defense-CW,152423,DTU_Round5_2025.pdf
DTU,2025,R5,Round5,Delhi,Civil Engineering,EWS,Defense-CW,342635,DTU_Round5_2025.pdf
DTU,2025,R5,Round5,Delhi,Civil Engineering,OBC,Defense-CW,688703,DTU_Round5_2025.pdf
DTU,2025,R5,Round5,Delhi,Civil Engineering,SC,Defense-CW,1033304,DTU_Round5_2025.pdf
DTU,2025,R5,Round5,Delhi,Production & Industrial Engineering,General,Defense-CW,158992,DTU_Round5_2025.pdf
DTU,2025,R5,Round5,Delhi,Production & Industrial Engineering,OBC,Defense-CW,891801,DTU_Round5_2025.pdf
DTU,2025,R5,Round5,Delhi,Environmental Engineering,General,Defense-CW,159833,DTU_Round5_2025.pdf
DTU,2025,R5,Round5,Delhi,Environmental Engineering,OBC,Defense-CW,474266,DTU_Round5_2025.pdf
DTU,2025,R5,Round5,Delhi,Bio-Technology,General,Defense-CW,128079,DTU_Round5_2025.pdf
DTU,2025,R5,Round5,Delhi,Bio-Technology,OBC,Defense-CW,267734,DTU_Round5_2025.pdf
DTU,2025,R5,Round5,Outside-Delhi,Computer Science and Engineering,General,Gender-Neutral,6200,DTU_Round5_2025.pdf
DTU,2025,R5,Round5,Outside-Delhi,Computer Science and Engineering,General,Girl,6391,DTU_Round5_2025.pdf
DTU,2025,R5,Round5,Outside-Delhi,Computer Science and Engineering,EWS,Gender-Neutral,8557,DTU_Round5_2025.pdf
DTU,2025,R5,Round5,Outside-Delhi,Computer Science and Engineering,EWS,Girl,12353,DTU_Round5_2025.pdf
DTU,2025,R5,Round5,Outside-Delhi,Computer Science and Engineering,OBC,Gender-Neutral,12574,DTU_Round5_2025.pdf
DTU,2025,R5,Round5,Outside-Delhi,Computer Science and Engineering,OBC,Girl,21525,DTU_Round5_2025.pdf
DTU,2025,R5,Round5,Outside-Delhi,Computer Science and Engineering,SC,Gender-Neutral,53632,DTU_Round5_2025.pdf
DTU,2025,R5,Round5,Outside-Delhi,Computer Science and Engineering,SC,Girl,67313,DTU_Round5_2025.pdf
DTU,2025,R5,Round5,Outside-Delhi,Computer Science and Engineering,ST,Gender-Neutral,92242,DTU_Round5_2025.pdf
DTU,2025,R5,Round5,Outside-Delhi,Computer Science and Engineering,General,PwD,43518,DTU_Round5_2025.pdf
DTU,2025,R5,Round5,Outside-Delhi,Computer Science and Engineering,EWS,PwD,152345,DTU_Round5_2025.pdf
DTU,2025,R5,Round5,Outside-Delhi,Computer Science and Engineering,OBC,PwD,134244,DTU_Round5_2025.pdf
DTU,2025,R5,Round5,Outside-Delhi,Computer Science and Engineering,SC,PwD,1035172,DTU_Round5_2025.pdf
DTU,2025,R5,Round5,Outside-Delhi,Computer Science and Engineering (Data Science & Analytics),General,Gender-Neutral,6268,DTU_Round5_2025.pdf
DTU,2025,R5,Round5,Outside-Delhi,Computer Science and Engineering (Data Science & Analytics),EWS,Gender-Neutral,9479,DTU_Round5_2025.pdf
DTU,2025,R5,Round5,Outside-Delhi,Computer Science and Engineering (Data Science & Analytics),OBC,Gender-Neutral,13318,DTU_Round5_2025.pdf
DTU,2025,R5,Round5,Outside-Delhi,Computer Science and Engineering (Data Science & Analytics),SC,Gender-Neutral,53670,DTU_Round5_2025.pdf
DTU,2025,R5,Round5,Outside-Delhi,Computer Science and Engineering (Data Science & Analytics),ST,Gender-Neutral,80545,DTU_Round5_2025.pdf
DTU,2025,R5,Round5,Outside-Delhi,Information Technology,General,Gender-Neutral,7360,DTU_Round5_2025.pdf
DTU,2025,R5,Round5,Outside-Delhi,Information Technology,EWS,Gender-Neutral,9928,DTU_Round5_2025.pdf
DTU,2025,R5,Round5,Outside-Delhi,Information Technology,OBC,Gender-Neutral,14868,DTU_Round5_2025.pdf
DTU,2025,R5,Round5,Outside-Delhi,Information Technology,SC,Gender-Neutral,61749,DTU_Round5_2025.pdf
DTU,2025,R5,Round5,Outside-Delhi,Information Technology,SC,Girl,85292,DTU_Round5_2025.pdf
DTU,2025,R5,Round5,Outside-Delhi,Information Technology,ST,Gender-Neutral,105678,DTU_Round5_2025.pdf
DTU,2025,R5,Round5,Outside-Delhi,Information Technology,General,PwD,75873,DTU_Round5_2025.pdf
DTU,2025,R5,Round5,Outside-Delhi,Information Technology (Cyber Security),General,Gender-Neutral,7932,DTU_Round5_2025.pdf
DTU,2025,R5,Round5,Outside-Delhi,Information Technology (Cyber Security),EWS,Gender-Neutral,11953,DTU_Round5_2025.pdf
DTU,2025,R5,Round5,Outside-Delhi,Information Technology (Cyber Security),OBC,Gender-Neutral,16943,DTU_Round5_2025.pdf
DTU,2025,R5,Round5,Outside-Delhi,Information Technology (Cyber Security),SC,Gender-Neutral,76028,DTU_Round5_2025.pdf
DTU,2025,R5,Round5,Outside-Delhi,Information Technology (Cyber Security),ST,Gender-Neutral,153270,DTU_Round5_2025.pdf
DTU,2025,R5,Round5,Outside-Delhi,Software Engineering,General,Gender-Neutral,8165,DTU_Round5_2025.pdf
DTU,2025,R5,Round5,Outside-Delhi,Software Engineering,General,Girl,11158,DTU_Round5_2025.pdf
DTU,2025,R5,Round5,Outside-Delhi,Software Engineering,EWS,Gender-Neutral,11153,DTU_Round5_2025.pdf
DTU,2025,R5,Round5,Outside-Delhi,Software Engineering,OBC,Gender-Neutral,16560,DTU_Round5_2025.pdf
DTU,2025,R5,Round5,Outside-Delhi,Software Engineering,SC,Gender-Neutral,69379,DTU_Round5_2025.pdf
DTU,2025,R5,Round5,Outside-Delhi,Software Engineering,ST,Gender-Neutral,178527,DTU_Round5_2025.pdf
DTU,2025,R5,Round5,Outside-Delhi,Software Engineering,General,PwD,127567,DTU_Round5_2025.pdf
DTU,2025,R5,Round5,Outside-Delhi,Software Engineering,EWS,PwD,213306,DTU_Round5_2025.pdf
DTU,2025,R5,Round5,Outside-Delhi,Mathematics and Computing,General,Gender-Neutral,8348,DTU_Round5_2025.pdf
DTU,2025,R5,Round5,Outside-Delhi,Mathematics and Computing,General,Girl,11612,DTU_Round5_2025.pdf
DTU,2025,R5,Round5,Outside-Delhi,Mathematics and Computing,EWS,Gender-Neutral,11956,DTU_Round5_2025.pdf
DTU,2025,R5,Round5,Outside-Delhi,Mathematics and Computing,OBC,Gender-Neutral,18561,DTU_Round5_2025.pdf
DTU,2025,R5,Round5,Outside-Delhi,Mathematics and Computing,SC,Gender-Neutral,78739,DTU_Round5_2025.pdf
DTU,2025,R5,Round5,Outside-Delhi,Mathematics and Computing,ST,Gender-Neutral,111434,DTU_Round5_2025.pdf
DTU,2025,R5,Round5,Outside-Delhi,Mathematics and Computing,OBC,PwD,211643,DTU_Round5_2025.pdf
DTU,2025,R5,Round5,Outside-Delhi,Electronics and Communication Engineering,General,Gender-Neutral,9569,DTU_Round5_2025.pdf
DTU,2025,R5,Round5,Outside-Delhi,Electronics and Communication Engineering,EWS,Gender-Neutral,12327,DTU_Round5_2025.pdf
DTU,2025,R5,Round5,Outside-Delhi,Electronics and Communication Engineering,OBC,Gender-Neutral,19779,DTU_Round5_2025.pdf
DTU,2025,R5,Round5,Outside-Delhi,Electronics and Communication Engineering,SC,Gender-Neutral,85687,DTU_Round5_2025.pdf
DTU,2025,R5,Round5,Outside-Delhi,Electronics and Communication Engineering,SC,Girl,118125,DTU_Round5_2025.pdf
DTU,2025,R5,Round5,Outside-Delhi,Electronics and Communication Engineering,ST,Gender-Neutral,89324,DTU_Round5_2025.pdf
DTU,2025,R5,Round5,Outside-Delhi,Electronics and Communication Engineering,ST,Girl,234478,DTU_Round5_2025.pdf
DTU,2025,R5,Round5,Outside-Delhi,Electronics Engineering (VLSI Design and Technology),General,Gender-Neutral,9836,DTU_Round5_2025.pdf
DTU,2025,R5,Round5,Outside-Delhi,Electronics Engineering (VLSI Design and Technology),EWS,Gender-Neutral,13833,DTU_Round5_2025.pdf
DTU,2025,R5,Round5,Outside-Delhi,Electronics Engineering (VLSI Design and Technology),OBC,Gender-Neutral,20339,DTU_Round5_2025.pdf
DTU,2025,R5,Round5,Outside-Delhi,Electronics Engineering (VLSI Design and Technology),SC,Gender-Neutral,99513,DTU_Round5_2025.pdf
DTU,2025,R5,Round5,Outside-Delhi,Electronics Engineering (VLSI Design and Technology),ST,Gender-Neutral,139989,DTU_Round5_2025.pdf
DTU,2025,R5,Round5,Outside-Delhi,Electronics Engineering (VLSI Design and Technology),General,PwD,157474,DTU_Round5_2025.pdf
DTU,2025,R5,Round5,Outside-Delhi,Electrical Engineering,General,Gender-Neutral,11227,DTU_Round5_2025.pdf
DTU,2025,R5,Round5,Outside-Delhi,Electrical Engineering,General,Girl,12644,DTU_Round5_2025.pdf
DTU,2025,R5,Round5,Outside-Delhi,Electrical Engineering,EWS,Gender-Neutral,16450,DTU_Round5_2025.pdf
DTU,2025,R5,Round5,Outside-Delhi,Electrical Engineering,OBC,Gender-Neutral,23835,DTU_Round5_2025.pdf
DTU,2025,R5,Round5,Outside-Delhi,Electrical Engineering,OBC,Girl,43567,DTU_Round5_2025.pdf
DTU,2025,R5,Round5,Outside-Delhi,Electrical Engineering,SC,Gender-Neutral,108911,DTU_Round5_2025.pdf
DTU,2025,R5,Round5,Outside-Delhi,Electrical Engineering,ST,Gender-Neutral,212113,DTU_Round5_2025.pdf
DTU,2025,R5,Round5,Outside-Delhi,Electrical Engineering,General,PwD,340487,DTU_Round5_2025.pdf
DTU,2025,R5,Round5,Outside-Delhi,Electrical Engineering,EWS,PwD,723998,DTU_Round5_2025.pdf
DTU,2025,R5,Round5,Outside-Delhi,Electrical Engineering,OBC,PwD,592591,DTU_Round5_2025.pdf
DTU,2025,R5,Round5,Outside-Delhi,Mechanical Engineering,General,Gender-Neutral,16022,DTU_Round5_2025.pdf
DTU,2025,R5,Round5,Outside-Delhi,Mechanical Engineering,General,Girl,22085,DTU_Round5_2025.pdf
DTU,2025,R5,Round5,Outside-Delhi,Mechanical Engineering,EWS,Gender-Neutral,20369,DTU_Round5_2025.pdf
DTU,2025,R5,Round5,Outside-Delhi,Mechanical Engineering,OBC,Gender-Neutral,27909,DTU_Round5_2025.pdf
DTU,2025,R5,Round5,Outside-Delhi,Mechanical Engineering,OBC,Girl,51115,DTU_Round5_2025.pdf
DTU,2025,R5,Round5,Outside-Delhi,Mechanical Engineering,SC,Gender-Neutral,130322,DTU_Round5_2025.pdf
DTU,2025,R5,Round5,Outside-Delhi,Mechanical Engineering,ST,Gender-Neutral,206370,DTU_Round5_2025.pdf
DTU,2025,R5,Round5,Outside-Delhi,Mechanical Engineering,General,PwD,414710,DTU_Round5_2025.pdf
DTU,2025,R5,Round5,Outside-Delhi,Mechanical Engineering with specialization in Automotive Engineering,General,Gender-Neutral,14546,DTU_Round5_2025.pdf
DTU,2025,R5,Round5,Outside-Delhi,Mechanical Engineering with specialization in Automotive Engineering,EWS,Gender-Neutral,20968,DTU_Round5_2025.pdf
DTU,2025,R5,Round5,Outside-Delhi,Mechanical Engineering with specialization in Automotive Engineering,OBC,Gender-Neutral,28377,DTU_Round5_2025.pdf
DTU,2025,R5,Round5,Outside-Delhi,Mechanical Engineering with specialization in Automotive Engineering,SC,Gender-Neutral,129461,DTU_Round5_2025.pdf
DTU,2025,R5,Round5,Outside-Delhi,Mechanical Engineering with specialization in Automotive Engineering,ST,Gender-Neutral,243131,DTU_Round5_2025.pdf
DTU,2025,R5,Round5,Outside-Delhi,Mechanical Engineering with specialization in Automotive Engineering,ST,Girl,391598,DTU_Round5_2025.pdf
DTU,2025,R5,Round5,Outside-Delhi,Mechanical Engineering with specialization in Automotive Engineering,General,PwD,505224,DTU_Round5_2025.pdf
DTU,2025,R5,Round5,Outside-Delhi,Engineering Physics,General,Gender-Neutral,14482,DTU_Round5_2025.pdf
DTU,2025,R5,Round5,Outside-Delhi,Engineering Physics,EWS,Gender-Neutral,26469,DTU_Round5_2025.pdf
DTU,2025,R5,Round5,Outside-Delhi,Engineering Physics,OBC,Gender-Neutral,30568,DTU_Round5_2025.pdf
DTU,2025,R5,Round5,Outside-Delhi,Engineering Physics,OBC,Girl,60488,DTU_Round5_2025.pdf
DTU,2025,R5,Round5,Outside-Delhi,Engineering Physics,SC,Gender-Neutral,133584,DTU_Round5_2025.pdf
DTU,2025,R5,Round5,Outside-Delhi,Engineering Physics,ST,Gender-Neutral,245810,DTU_Round5_2025.pdf
DTU,2025,R5,Round5,Outside-Delhi,Engineering Physics,OBC,PwD,1118227,DTU_Round5_2025.pdf
DTU,2025,R5,Round5,Outside-Delhi,Chemical Engineering,General,Gender-Neutral,16697,DTU_Round5_2025.pdf
DTU,2025,R5,Round5,Outside-Delhi,Chemical Engineering,EWS,Gender-Neutral,23651,DTU_Round5_2025.pdf
DTU,2025,R5,Round5,Outside-Delhi,Chemical Engineering,OBC,Gender-Neutral,31248,DTU_Round5_2025.pdf
DTU,2025,R5,Round5,Outside-Delhi,Chemical Engineering,OBC,Girl,59488,DTU_Round5_2025.pdf
DTU,2025,R5,Round5,Outside-Delhi,Chemical Engineering,SC,Gender-Neutral,142624,DTU_Round5_2025.pdf
DTU,2025,R5,Round5,Outside-Delhi,Chemical Engineering,ST,Gender-Neutral,240965,DTU_Round5_2025.pdf
DTU,2025,R5,Round5,Outside-Delhi,Civil Engineering,General,Gender-Neutral,19179,DTU_Round5_2025.pdf
DTU,2025,R5,Round5,Outside-Delhi,Civil Engineering,EWS,Gender-Neutral,26863,DTU_Round5_2025.pdf
DTU,2025,R5,Round5,Outside-Delhi,Civil Engineering,OBC,Gender-Neutral,33304,DTU_Round5_2025.pdf
DTU,2025,R5,Round5,Outside-Delhi,Civil Engineering,SC,Gender-Neutral,140447,DTU_Round5_2025.pdf
DTU,2025,R5,Round5,Outside-Delhi,Civil Engineering,ST,Gender-Neutral,141094,DTU_Round5_2025.pdf
DTU,2025,R5,Round5,Outside-Delhi,Civil Engineering,General,PwD,506657,DTU_Round5_2025.pdf
DTU,2025,R5,Round5,Outside-Delhi,Production & Industrial Engineering,General,Gender-Neutral,18665,DTU_Round5_2025.pdf
DTU,2025,R5,Round5,Outside-Delhi,Production & Industrial Engineering,General,Girl,28229,DTU_Round5_2025.pdf
DTU,2025,R5,Round5,Outside-Delhi,Production & Industrial Engineering,EWS,Gender-Neutral,27458,DTU_Round5_2025.pdf
DTU,2025,R5,Round5,Outside-Delhi,Production & Industrial Engineering,OBC,Gender-Neutral,34091,DTU_Round5_2025.pdf
DTU,2025,R5,Round5,Outside-Delhi,Production & Industrial Engineering,SC,Gender-Neutral,143584,DTU_Round5_2025.pdf
DTU,2025,R5,Round5,Outside-Delhi,Production & Industrial Engineering,ST,Gender-Neutral,217336,DTU_Round5_2025.pdf
DTU,2025,R5,Round5,Outside-Delhi,Environmental Engineering,General,Gender-Neutral,19949,DTU_Round5_2025.pdf
DTU,2025,R5,Round5,Outside-Delhi,Environmental Engineering,General,Girl,29881,DTU_Round5_2025.pdf
DTU,2025,R5,Round5,Outside-Delhi,Environmental Engineering,EWS,Gender-Neutral,28047,DTU_Round5_2025.pdf
DTU,2025,R5,Round5,Outside-Delhi,Environmental Engineering,OBC,Gender-Neutral,34253,DTU_Round5_2025.pdf
DTU,2025,R5,Round5,Outside-Delhi,Environmental Engineering,SC,Gender-Neutral,150918,DTU_Round5_2025.pdf
DTU,2025,R5,Round5,Outside-Delhi,Environmental Engineering,ST,Gender-Neutral,249821,DTU_Round5_2025.pdf
DTU,2025,R5,Round5,Outside-Delhi,Environmental Engineering,OBC,PwD,788516,DTU_Round5_2025.pdf
DTU,2025,R5,Round5,Outside-Delhi,Bio-Technology,General,Gender-Neutral,19876,DTU_Round5_2025.pdf
DTU,2025,R5,Round5,Outside-Delhi,Bio-Technology,General,Girl,23292,DTU_Round5_2025.pdf
DTU,2025,R5,Round5,Outside-Delhi,Bio-Technology,EWS,Gender-Neutral,28900,DTU_Round5_2025.pdf
DTU,2025,R5,Round5,Outside-Delhi,Bio-Technology,OBC,Gender-Neutral,34013,DTU_Round5_2025.pdf
DTU,2025,R5,Round5,Outside-Delhi,Bio-Technology,SC,Gender-Neutral,148018,DTU_Round5_2025.pdf
DTU,2025,R5,Round5,Outside-Delhi,Bio-Technology,ST,Gender-Neutral,251327,DTU_Round5_2025.pdf
DTU,2025,R5,Round5,Outside-Delhi,Computer Science and Engineering,General,Defense-CW,768211,DTU_Round5_2025.pdf
DTU,2025,R5,Round5,Outside-Delhi,Computer Science and Engineering,OBC,Defense-CW,867962,DTU_Round5_2025.pdf
DTU,2025,R5,Round5,Outside-Delhi,Computer Science and Engineering,SC,Defense-CW,405412,DTU_Round5_2025.pdf
DTU,2025,R5,Round5,Outside-Delhi,Computer Science and Engineering,ST,Defense-CW,444900,DTU_Round5_2025.pdf
DTU,2025,R5,Round5,Outside-Delhi,Information Technology (Cyber Security),General,Defense-CW,103647,DTU_Round5_2025.pdf
DTU,2025,R5,Round5,Outside-Delhi,Software Engineering,OBC,Defense-CW,76557,DTU_Round5_2025.pdf
DTU,2025,R5,Round5,Outside-Delhi,Mathematics and Computing,General,Defense-CW,124111,DTU_Round5_2025.pdf
DTU,2025,R5,Round5,Outside-Delhi,Electronics and Communication Engineering,General,Defense-CW,216593,DTU_Round5_2025.pdf
DTU,2025,R5,Round5,Outside-Delhi,Electronics and Communication Engineering,EWS,Defense-CW,88020,DTU_Round5_2025.pdf
DTU,2025,R5,Round5,Outside-Delhi,Electronics and Communication Engineering,SC,Defense-CW,134123,DTU_Round5_2025.pdf
DTU,2025,R5,Round5,Outside-Delhi,Electronics Engineering (VLSI Design and Technology) Electrical Engineering,General,Defense-CW,39858,DTU_Round5_2025.pdf
DTU,2025,R5,Round5,Outside-Delhi,Mechanical Engineering,General,Defense-CW,49836,DTU_Round5_2025.pdf
DTU,2025,R5,Round5,Outside-Delhi,Mechanical Engineering,OBC,Defense-CW,375936,DTU_Round5_2025.pdf
DTU,2025,R5,Round5,Outside-Delhi,Mechanical Engineering,SC,Defense-CW,274465,DTU_Round5_2025.pdf
DTU,2025,R5,Round5,Outside-Delhi,Chemical Engineering Civil Engineering,OBC,Defense-CW,44636,DTU_Round5_2025.pdf
IGDTUW,2025,R1,Round1,Delhi,CSE-AI,General,Gender-Neutral,38234,IGDTUW_Round1_2025.pdf
IGDTUW,2025,R1,Round1,Delhi,CSE,General,Gender-Neutral,42200,IGDTUW_Round1_2025.pdf
IGDTUW,2025,R1,Round1,Delhi,ECE-AI,General,Gender-Neutral,65013,IGDTUW_Round1_2025.pdf
IGDTUW,2025,R1,Round1,Delhi,ECE,General,Gender-Neutral,68722,IGDTUW_Round1_2025.pdf
IGDTUW,2025,R1,Round1,Delhi,IT,General,Gender-Neutral,56271,IGDTUW_Round1_2025.pdf
IGDTUW,2025,R1,Round1,Delhi,AIML,General,Gender-Neutral,49593,IGDTUW_Round1_2025.pdf
IGDTUW,2025,R1,Round1,Delhi,MAE,General,Gender-Neutral,80409,IGDTUW_Round1_2025.pdf
IGDTUW,2025,R1,Round1,Delhi,DMAM,General,Gender-Neutral,83732,IGDTUW_Round1_2025.pdf
IGDTUW,2025,R1,Round1,Delhi,MAC,General,Gender-Neutral,59615,IGDTUW_Round1_2025.pdf
IGDTUW,2025,R1,Round1,Delhi,B.Arch,General,Gender-Neutral,1954,IGDTUW_Round1_2025.pdf
IGDTUW,2025,R1,Round1,Delhi,CSE-AI,General,Defense-CW,51975,IGDTUW_Round1_2025.pdf
IGDTUW,2025,R1,Round1,Delhi,CSE,General,Defense-CW,83075,IGDTUW_Round1_2025.pdf
IGDTUW,2025,R1,Round1,Delhi,ECE-AI,General,Defense-CW,141971,IGDTUW_Round1_2025.pdf
IGDTUW,2025,R1,Round1,Delhi,ECE,General,Defense-CW,122652,IGDTUW_Round1_2025.pdf
IGDTUW,2025,R1,Round1,Delhi,IT,General,Defense-CW,106260,IGDTUW_Round1_2025.pdf
IGDTUW,2025,R1,Round1,Delhi,AIML,General,Defense-CW,106901,IGDTUW_Round1_2025.pdf
IGDTUW,2025,R1,Round1,Delhi,MAE,General,Defense-CW,188819,IGDTUW_Round1_2025.pdf
IGDTUW,2025,R1,Round1,Delhi,DMAM,General,Defense-CW,189095,IGDTUW_Round1_2025.pdf
IGDTUW,2025,R1,Round1,Delhi,MAC,General,Defense-CW,121378,IGDTUW_Round1_2025.pdf
IGDTUW,2025,R1,Round1,Delhi,B.Arch,General,Defense-CW,5547,IGDTUW_Round1_2025.pdf
IGDTUW,2025,R1,Round1,Delhi,CSE-AI,General,PwD,313995,IGDTUW_Round1_2025.pdf
IGDTUW,2025,R1,Round1,Delhi,CSE,General,PwD,193501,IGDTUW_Round1_2025.pdf
IGDTUW,2025,R1,Round1,Delhi,ECE-AI,General,PwD,1037918,IGDTUW_Round1_2025.pdf
IGDTUW,2025,R1,Round1,Delhi,ECE,General,PwD,918000,IGDTUW_Round1_2025.pdf
IGDTUW,2025,R1,Round1,Delhi,IT,General,PwD,518972,IGDTUW_Round1_2025.pdf
IGDTUW,2025,R1,Round1,Delhi,AIML,General,PwD,433013,IGDTUW_Round1_2025.pdf
IGDTUW,2025,R1,Round1,Delhi,MAC,General,PwD,758044,IGDTUW_Round1_2025.pdf
IGDTUW,2025,R1,Round1,Delhi,CSE-AI,SC,Gender-Neutral,336149,IGDTUW_Round1_2025.pdf
IGDTUW,2025,R1,Round1,Delhi,CSE,SC,Gender-Neutral,297159,IGDTUW_Round1_2025.pdf
IGDTUW,2025,R1,Round1,Delhi,ECE-AI,SC,Gender-Neutral,458845,IGDTUW_Round1_2025.pdf
IGDTUW,2025,R1,Round1,Delhi,ECE,SC,Gender-Neutral,403932,IGDTUW_Round1_2025.pdf
IGDTUW,2025,R1,Round1,Delhi,IT,SC,Gender-Neutral,382206,IGDTUW_Round1_2025.pdf
IGDTUW,2025,R1,Round1,Delhi,AIML,SC,Gender-Neutral,384937,IGDTUW_Round1_2025.pdf
IGDTUW,2025,R1,Round1,Delhi,MAE,SC,Gender-Neutral,542305,IGDTUW_Round1_2025.pdf
IGDTUW,2025,R1,Round1,Delhi,DMAM,SC,Gender-Neutral,555126,IGDTUW_Round1_2025.pdf
IGDTUW,2025,R1,Round1,Delhi,MAC,SC,Gender-Neutral,436165,IGDTUW_Round1_2025.pdf
IGDTUW,2025,R1,Round1,Delhi,B.Arch,SC,Gender-Neutral,20599,IGDTUW_Round1_2025.pdf
IGDTUW,2025,R1,Round1,Delhi,CSE-AI,SC,Defense-CW,839253,IGDTUW_Round1_2025.pdf
IGDTUW,2025,R1,Round1,Delhi,CSE,SC,Defense-CW,431428,IGDTUW_Round1_2025.pdf
IGDTUW,2025,R1,Round1,Delhi,CSE-AI,ST,Gender-Neutral,1183864,IGDTUW_Round1_2025.pdf
IGDTUW,2025,R1,Round1,Delhi,CSE,ST,Gender-Neutral,969509,IGDTUW_Round1_2025.pdf
IGDTUW,2025,R1,Round1,Delhi,CSE-AI,OBC,Gender-Neutral,175296,IGDTUW_Round1_2025.pdf
IGDTUW,2025,R1,Round1,Delhi,CSE,OBC,Gender-Neutral,184407,IGDTUW_Round1_2025.pdf
IGDTUW,2025,R1,Round1,Delhi,ECE-AI,OBC,Gender-Neutral,292873,IGDTUW_Round1_2025.pdf
IGDTUW,2025,R1,Round1,Delhi,ECE,OBC,Gender-Neutral,283994,IGDTUW_Round1_2025.pdf
IGDTUW,2025,R1,Round1,Delhi,IT,OBC,Gender-Neutral,233350,IGDTUW_Round1_2025.pdf
IGDTUW,2025,R1,Round1,Delhi,AIML,OBC,Gender-Neutral,248139,IGDTUW_Round1_2025.pdf
IGDTUW,2025,R1,Round1,Delhi,MAE,OBC,Gender-Neutral,356937,IGDTUW_Round1_2025.pdf
IGDTUW,2025,R1,Round1,Delhi,DMAM,OBC,Gender-Neutral,369758,IGDTUW_Round1_2025.pdf
IGDTUW,2025,R1,Round1,Delhi,MAC,OBC,Gender-Neutral,268016,IGDTUW_Round1_2025.pdf
IGDTUW,2025,R1,Round1,Delhi,B.Arch,OBC,Gender-Neutral,12083,IGDTUW_Round1_2025.pdf
IGDTUW,2025,R1,Round1,Delhi,CSE-AI,OBC,Defense-CW,324939,IGDTUW_Round1_2025.pdf
IGDTUW,2025,R1,Round1,Delhi,CSE,OBC,Defense-CW,371303,IGDTUW_Round1_2025.pdf
IGDTUW,2025,R1,Round1,Delhi,ECE-AI,OBC,Defense-CW,423703,IGDTUW_Round1_2025.pdf
IGDTUW,2025,R1,Round1,Delhi,ECE,OBC,Defense-CW,479854,IGDTUW_Round1_2025.pdf
IGDTUW,2025,R1,Round1,Delhi,IT,OBC,Defense-CW,396019,IGDTUW_Round1_2025.pdf
IGDTUW,2025,R1,Round1,Delhi,AIML,OBC,Defense-CW,377508,IGDTUW_Round1_2025.pdf
IGDTUW,2025,R1,Round1,Delhi,MAE,OBC,Defense-CW,491287,IGDTUW_Round1_2025.pdf
IGDTUW,2025,R1,Round1,Delhi,MAC,OBC,Defense-CW,403989,IGDTUW_Round1_2025.pdf
IGDTUW,2025,R1,Round1,Delhi,CSE-AI,OBC,PwD,449212,IGDTUW_Round1_2025.pdf
IGDTUW,2025,R1,Round1,Delhi,CSE-AI,EWS,Gender-Neutral,90813,IGDTUW_Round1_2025.pdf
IGDTUW,2025,R1,Round1,Delhi,CSE,EWS,Gender-Neutral,117689,IGDTUW_Round1_2025.pdf
IGDTUW,2025,R1,Round1,Delhi,ECE-AI,EWS,Gender-Neutral,183883,IGDTUW_Round1_2025.pdf
IGDTUW,2025,R1,Round1,Delhi,ECE,EWS,Gender-Neutral,185801,IGDTUW_Round1_2025.pdf
IGDTUW,2025,R1,Round1,Delhi,IT,EWS,Gender-Neutral,151085,IGDTUW_Round1_2025.pdf
IGDTUW,2025,R1,Round1,Delhi,AIML,EWS,Gender-Neutral,153393,IGDTUW_Round1_2025.pdf
IGDTUW,2025,R1,Round1,Delhi,MAE,EWS,Gender-Neutral,230706,IGDTUW_Round1_2025.pdf
IGDTUW,2025,R1,Round1,Delhi,DMAM,EWS,Gender-Neutral,234313,IGDTUW_Round1_2025.pdf
IGDTUW,2025,R1,Round1,Delhi,MAC,EWS,Gender-Neutral,161353,IGDTUW_Round1_2025.pdf
IGDTUW,2025,R1,Round1,Delhi,B.Arch,EWS,Gender-Neutral,47864,IGDTUW_Round1_2025.pdf
IGDTUW,2025,R1,Round1,Delhi,CSE-AI,EWS,Defense-CW,305236,IGDTUW_Round1_2025.pdf
IGDTUW,2025,R1,Round1,Delhi,CSE,EWS,Defense-CW,297111,IGDTUW_Round1_2025.pdf
IGDTUW,2025,R1,Round1,Delhi,ECE-AI,EWS,Defense-CW,556266,IGDTUW_Round1_2025.pdf
IGDTUW,2025,R1,Round1,Delhi,AIML,EWS,Defense-CW,638944,IGDTUW_Round1_2025.pdf
IGDTUW,2025,R1,Round1,Delhi,MAE,EWS,Defense-CW,238525,IGDTUW_Round1_2025.pdf
IGDTUW,2025,R1,Round1,Outside-Delhi,CSE-AI,General,Gender-Neutral,13526,IGDTUW_Round1_2025.pdf
IGDTUW,2025,R1,Round1,Outside-Delhi,CSE,General,Gender-Neutral,12437,IGDTUW_Round1_2025.pdf
IGDTUW,2025,R1,Round1,Outside-Delhi,ECE-AI,General,Gender-Neutral,18771,IGDTUW_Round1_2025.pdf
IGDTUW,2025,R1,Round1,Outside-Delhi,ECE,General,Gender-Neutral,18919,IGDTUW_Round1_2025.pdf
IGDTUW,2025,R1,Round1,Outside-Delhi,IT,General,Gender-Neutral,16659,IGDTUW_Round1_2025.pdf
IGDTUW,2025,R1,Round1,Outside-Delhi,AIML,General,Gender-Neutral,15577,IGDTUW_Round1_2025.pdf
IGDTUW,2025,R1,Round1,Outside-Delhi,MAE,General,Gender-Neutral,24315,IGDTUW_Round1_2025.pdf
IGDTUW,2025,R1,Round1,Outside-Delhi,DMAM,General,Gender-Neutral,26561,IGDTUW_Round1_2025.pdf
IGDTUW,2025,R1,Round1,Outside-Delhi,MAC,General,Gender-Neutral,16158,IGDTUW_Round1_2025.pdf
IGDTUW,2025,R1,Round1,Outside-Delhi,B.Arch,General,Gender-Neutral,978,IGDTUW_Round1_2025.pdf
IGDTUW,2025,R1,Round1,Outside-Delhi,CSE-AI,General,Gender-Neutral,99379,IGDTUW_Round1_2025.pdf
IGDTUW,2025,R1,Round1,Outside-Delhi,CSE,General,Gender-Neutral,162681,IGDTUW_Round1_2025.pdf
IGDTUW,2025,R1,Round1,Outside-Delhi,ECE-AI,General,Gender-Neutral,170117,IGDTUW_Round1_2025.pdf
IGDTUW,2025,R1,Round1,Outside-Delhi,B.Arch,General,Gender-Neutral,3876,IGDTUW_Round1_2025.pdf
IGDTUW,2025,R1,Round1,Outside-Delhi,CSE-AI,General,Defense-CW,85480,IGDTUW_Round1_2025.pdf
IGDTUW,2025,R1,Round1,Outside-Delhi,CSE,General,Defense-CW,130295,IGDTUW_Round1_2025.pdf
IGDTUW,2025,R1,Round1,Outside-Delhi,ECE,General,Defense-CW,225294,IGDTUW_Round1_2025.pdf
IGDTUW,2025,R1,Round1,Outside-Delhi,IT,General,Defense-CW,156220,IGDTUW_Round1_2025.pdf
IGDTUW,2025,R1,Round1,Outside-Delhi,CSE-AI,SC,Gender-Neutral,104350,IGDTUW_Round1_2025.pdf
IGDTUW,2025,R1,Round1,Outside-Delhi,CSE,SC,Gender-Neutral,85831,IGDTUW_Round1_2025.pdf
IGDTUW,2025,R1,Round1,Outside-Delhi,ECE-AI,SC,Gender-Neutral,134551,IGDTUW_Round1_2025.pdf
IGDTUW,2025,R1,Round1,Outside-Delhi,ECE,SC,Gender-Neutral,114708,IGDTUW_Round1_2025.pdf
IGDTUW,2025,R1,Round1,Outside-Delhi,IT,SC,Gender-Neutral,109922,IGDTUW_Round1_2025.pdf
IGDTUW,2025,R1,Round1,Outside-Delhi,AIML,SC,Gender-Neutral,110509,IGDTUW_Round1_2025.pdf
IGDTUW,2025,R1,Round1,Outside-Delhi,MAE,SC,Gender-Neutral,152859,IGDTUW_Round1_2025.pdf
IGDTUW,2025,R1,Round1,Outside-Delhi,DMAM,SC,Gender-Neutral,158848,IGDTUW_Round1_2025.pdf
IGDTUW,2025,R1,Round1,Outside-Delhi,MAC,SC,Gender-Neutral,136050,IGDTUW_Round1_2025.pdf
IGDTUW,2025,R1,Round1,Outside-Delhi,IT,SC,Defense-CW,181214,IGDTUW_Round1_2025.pdf
IGDTUW,2025,R1,Round1,Outside-Delhi,CSE-AI,ST,Gender-Neutral,240177,IGDTUW_Round1_2025.pdf
IGDTUW,2025,R1,Round1,Outside-Delhi,CSE,ST,Gender-Neutral,183056,IGDTUW_Round1_2025.pdf
IGDTUW,2025,R1,Round1,Outside-Delhi,ECE-AI,ST,Gender-Neutral,253591,IGDTUW_Round1_2025.pdf
IGDTUW,2025,R1,Round1,Outside-Delhi,ECE,ST,Gender-Neutral,259004,IGDTUW_Round1_2025.pdf
IGDTUW,2025,R1,Round1,Outside-Delhi,IT,ST,Gender-Neutral,237746,IGDTUW_Round1_2025.pdf
IGDTUW,2025,R1,Round1,Outside-Delhi,AIML,ST,Gender-Neutral,296100,IGDTUW_Round1_2025.pdf
IGDTUW,2025,R1,Round1,Outside-Delhi,MAE,ST,Gender-Neutral,335642,IGDTUW_Round1_2025.pdf
IGDTUW,2025,R1,Round1,Outside-Delhi,MAC,ST,Gender-Neutral,334514,IGDTUW_Round1_2025.pdf
IGDTUW,2025,R1,Round1,Outside-Delhi,B.Arch,ST,Gender-Neutral,3002,IGDTUW_Round1_2025.pdf
IGDTUW,2025,R1,Round1,Outside-Delhi,CSE-AI,OBC,Gender-Neutral,26283,IGDTUW_Round1_2025.pdf
IGDTUW,2025,R1,Round1,Outside-Delhi,CSE,OBC,Gender-Neutral,21074,IGDTUW_Round1_2025.pdf
IGDTUW,2025,R1,Round1,Outside-Delhi,ECE-AI,OBC,Gender-Neutral,37595,IGDTUW_Round1_2025.pdf
IGDTUW,2025,R1,Round1,Outside-Delhi,ECE,OBC,Gender-Neutral,36977,IGDTUW_Round1_2025.pdf
IGDTUW,2025,R1,Round1,Outside-Delhi,IT,OBC,Gender-Neutral,27866,IGDTUW_Round1_2025.pdf
IGDTUW,2025,R1,Round1,Outside-Delhi,AIML,OBC,Gender-Neutral,31040,IGDTUW_Round1_2025.pdf
IGDTUW,2025,R1,Round1,Outside-Delhi,MAE,OBC,Gender-Neutral,43352,IGDTUW_Round1_2025.pdf
IGDTUW,2025,R1,Round1,Outside-Delhi,DMAM,OBC,Gender-Neutral,44123,IGDTUW_Round1_2025.pdf
IGDTUW,2025,R1,Round1,Outside-Delhi,MAC,OBC,Gender-Neutral,34300,IGDTUW_Round1_2025.pdf
IGDTUW,2025,R1,Round1,Outside-Delhi,B.Arch,OBC,Gender-Neutral,3201,IGDTUW_Round1_2025.pdf
IGDTUW,2025,R1,Round1,Outside-Delhi,CSE-AI,OBC,Gender-Neutral,373417,IGDTUW_Round1_2025.pdf
IGDTUW,2025,R1,Round1,Outside-Delhi,IT,OBC,Gender-Neutral,41430,IGDTUW_Round1_2025.pdf
IGDTUW,2025,R1,Round1,Outside-Delhi,MAE,OBC,Gender-Neutral,53447,IGDTUW_Round1_2025.pdf
IGDTUW,2025,R1,Round1,Outside-Delhi,CSE,OBC,Defense-CW,877504,IGDTUW_Round1_2025.pdf
IGDTUW,2025,R1,Round1,Outside-Delhi,CSE-AI,EWS,Gender-Neutral,19435,IGDTUW_Round1_2025.pdf
IGDTUW,2025,R1,Round1,Outside-Delhi,CSE,EWS,Gender-Neutral,15631,IGDTUW_Round1_2025.pdf
IGDTUW,2025,R1,Round1,Outside-Delhi,ECE-AI,EWS,Gender-Neutral,27550,IGDTUW_Round1_2025.pdf
IGDTUW,2025,R1,Round1,Outside-Delhi,ECE,EWS,Gender-Neutral,28157,IGDTUW_Round1_2025.pdf
IGDTUW,2025,R1,Round1,Outside-Delhi,IT,EWS,Gender-Neutral,22999,IGDTUW_Round1_2025.pdf
IGDTUW,2025,R1,Round1,Outside-Delhi,AIML,EWS,Gender-Neutral,20013,IGDTUW_Round1_2025.pdf
IGDTUW,2025,R1,Round1,Outside-Delhi,MAE,EWS,Gender-Neutral,30639,IGDTUW_Round1_2025.pdf
IGDTUW,2025,R1,Round1,Outside-Delhi,MAC,EWS,Gender-Neutral,26656,IGDTUW_Round1_2025.pdf
IGDTUW,2025,R1,Round1,Outside-Delhi,AIML,EWS,Defense-CW,31262,IGDTUW_Round1_2025.pdf
IGDTUW,2025,R2,Round2,Delhi,CSE-AI,General,Gender-Neutral,38825,IGDTUW_Round2_2025.pdf
IGDTUW,2025,R2,Round2,Delhi,CSE,General,Gender-Neutral,45007,IGDTUW_Round2_2025.pdf
IGDTUW,2025,R2,Round2,Delhi,ECE-AI,General,Gender-Neutral,67159,IGDTUW_Round2_2025.pdf
IGDTUW,2025,R2,Round2,Delhi,ECE,General,Gender-Neutral,69986,IGDTUW_Round2_2025.pdf
IGDTUW,2025,R2,Round2,Delhi,IT,General,Gender-Neutral,58483,IGDTUW_Round2_2025.pdf
IGDTUW,2025,R2,Round2,Delhi,AIML,General,Gender-Neutral,54234,IGDTUW_Round2_2025.pdf
IGDTUW,2025,R2,Round2,Delhi,MAE,General,Gender-Neutral,80880,IGDTUW_Round2_2025.pdf
IGDTUW,2025,R2,Round2,Delhi,DMAM,General,Gender-Neutral,84268,IGDTUW_Round2_2025.pdf
IGDTUW,2025,R2,Round2,Delhi,MAC,General,Gender-Neutral,63345,IGDTUW_Round2_2025.pdf
IGDTUW,2025,R2,Round2,Delhi,B.Arch,General,Gender-Neutral,2262,IGDTUW_Round2_2025.pdf
IGDTUW,2025,R2,Round2,Delhi,CSE-AI,General,Defense-CW,57247,IGDTUW_Round2_2025.pdf
IGDTUW,2025,R2,Round2,Delhi,CSE,General,Defense-CW,83075,IGDTUW_Round2_2025.pdf
IGDTUW,2025,R2,Round2,Delhi,ECE-AI,General,Defense-CW,141971,IGDTUW_Round2_2025.pdf
IGDTUW,2025,R2,Round2,Delhi,ECE,General,Defense-CW,122652,IGDTUW_Round2_2025.pdf
IGDTUW,2025,R2,Round2,Delhi,IT,General,Defense-CW,106260,IGDTUW_Round2_2025.pdf
IGDTUW,2025,R2,Round2,Delhi,AIML,General,Defense-CW,106901,IGDTUW_Round2_2025.pdf
IGDTUW,2025,R2,Round2,Delhi,MAE,General,Defense-CW,188819,IGDTUW_Round2_2025.pdf
IGDTUW,2025,R2,Round2,Delhi,DMAM,General,Defense-CW,189095,IGDTUW_Round2_2025.pdf
IGDTUW,2025,R2,Round2,Delhi,MAC,General,Defense-CW,121378,IGDTUW_Round2_2025.pdf
IGDTUW,2025,R2,Round2,Delhi,B.Arch,General,Defense-CW,5547,IGDTUW_Round2_2025.pdf
IGDTUW,2025,R2,Round2,Delhi,CSE-AI,General,PwD,433013,IGDTUW_Round2_2025.pdf
IGDTUW,2025,R2,Round2,Delhi,CSE,General,PwD,313995,IGDTUW_Round2_2025.pdf
IGDTUW,2025,R2,Round2,Delhi,ECE-AI,General,PwD,1037918,IGDTUW_Round2_2025.pdf
IGDTUW,2025,R2,Round2,Delhi,ECE,General,PwD,918000,IGDTUW_Round2_2025.pdf
IGDTUW,2025,R2,Round2,Delhi,IT,General,PwD,946450,IGDTUW_Round2_2025.pdf
IGDTUW,2025,R2,Round2,Delhi,AIML,General,PwD,518972,IGDTUW_Round2_2025.pdf
IGDTUW,2025,R2,Round2,Delhi,MAC,General,PwD,758044,IGDTUW_Round2_2025.pdf
IGDTUW,2025,R2,Round2,Delhi,B.Arch,General,PwD,5674,IGDTUW_Round2_2025.pdf
IGDTUW,2025,R2,Round2,Delhi,CSE-AI,SC,Gender-Neutral,346554,IGDTUW_Round2_2025.pdf
IGDTUW,2025,R2,Round2,Delhi,CSE,SC,Gender-Neutral,327701,IGDTUW_Round2_2025.pdf
IGDTUW,2025,R2,Round2,Delhi,ECE-AI,SC,Gender-Neutral,477611,IGDTUW_Round2_2025.pdf
IGDTUW,2025,R2,Round2,Delhi,ECE,SC,Gender-Neutral,423369,IGDTUW_Round2_2025.pdf
IGDTUW,2025,R2,Round2,Delhi,IT,SC,Gender-Neutral,383442,IGDTUW_Round2_2025.pdf
IGDTUW,2025,R2,Round2,Delhi,AIML,SC,Gender-Neutral,384937,IGDTUW_Round2_2025.pdf
IGDTUW,2025,R2,Round2,Delhi,MAE,SC,Gender-Neutral,552224,IGDTUW_Round2_2025.pdf
IGDTUW,2025,R2,Round2,Delhi,DMAM,SC,Gender-Neutral,567974,IGDTUW_Round2_2025.pdf
IGDTUW,2025,R2,Round2,Delhi,MAC,SC,Gender-Neutral,455103,IGDTUW_Round2_2025.pdf
IGDTUW,2025,R2,Round2,Delhi,B.Arch,SC,Gender-Neutral,20599,IGDTUW_Round2_2025.pdf
IGDTUW,2025,R2,Round2,Delhi,CSE-AI,ST,Gender-Neutral,1183864,IGDTUW_Round2_2025.pdf
IGDTUW,2025,R2,Round2,Delhi,CSE,ST,Gender-Neutral,969509,IGDTUW_Round2_2025.pdf
IGDTUW,2025,R2,Round2,Delhi,B.Arch,ST,Gender-Neutral,17580,IGDTUW_Round2_2025.pdf
IGDTUW,2025,R2,Round2,Delhi,CSE-AI,OBC,Gender-Neutral,176925,IGDTUW_Round2_2025.pdf
IGDTUW,2025,R2,Round2,Delhi,CSE,OBC,Gender-Neutral,193033,IGDTUW_Round2_2025.pdf
IGDTUW,2025,R2,Round2,Delhi,ECE-AI,OBC,Gender-Neutral,298879,IGDTUW_Round2_2025.pdf
IGDTUW,2025,R2,Round2,Delhi,ECE,OBC,Gender-Neutral,305126,IGDTUW_Round2_2025.pdf
IGDTUW,2025,R2,Round2,Delhi,IT,OBC,Gender-Neutral,248139,IGDTUW_Round2_2025.pdf
IGDTUW,2025,R2,Round2,Delhi,AIML,OBC,Gender-Neutral,256467,IGDTUW_Round2_2025.pdf
IGDTUW,2025,R2,Round2,Delhi,MAE,OBC,Gender-Neutral,366900,IGDTUW_Round2_2025.pdf
IGDTUW,2025,R2,Round2,Delhi,DMAM,OBC,Gender-Neutral,381700,IGDTUW_Round2_2025.pdf
IGDTUW,2025,R2,Round2,Delhi,MAC,OBC,Gender-Neutral,280759,IGDTUW_Round2_2025.pdf
IGDTUW,2025,R2,Round2,Delhi,B.Arch,OBC,Gender-Neutral,13721,IGDTUW_Round2_2025.pdf
IGDTUW,2025,R2,Round2,Delhi,CSE-AI,OBC,Defense-CW,324939,IGDTUW_Round2_2025.pdf
IGDTUW,2025,R2,Round2,Delhi,CSE,OBC,Defense-CW,371303,IGDTUW_Round2_2025.pdf
IGDTUW,2025,R2,Round2,Delhi,ECE-AI,OBC,Defense-CW,423703,IGDTUW_Round2_2025.pdf
IGDTUW,2025,R2,Round2,Delhi,ECE,OBC,Defense-CW,479854,IGDTUW_Round2_2025.pdf
IGDTUW,2025,R2,Round2,Delhi,IT,OBC,Defense-CW,396019,IGDTUW_Round2_2025.pdf
IGDTUW,2025,R2,Round2,Delhi,AIML,OBC,Defense-CW,377508,IGDTUW_Round2_2025.pdf
IGDTUW,2025,R2,Round2,Delhi,MAE,OBC,Defense-CW,491287,IGDTUW_Round2_2025.pdf
IGDTUW,2025,R2,Round2,Delhi,MAC,OBC,Defense-CW,438406,IGDTUW_Round2_2025.pdf
IGDTUW,2025,R2,Round2,Delhi,CSE-AI,EWS,Gender-Neutral,90813,IGDTUW_Round2_2025.pdf
IGDTUW,2025,R2,Round2,Delhi,CSE,EWS,Gender-Neutral,117689,IGDTUW_Round2_2025.pdf
IGDTUW,2025,R2,Round2,Delhi,ECE-AI,EWS,Gender-Neutral,183883,IGDTUW_Round2_2025.pdf
IGDTUW,2025,R2,Round2,Delhi,ECE,EWS,Gender-Neutral,180361,IGDTUW_Round2_2025.pdf
IGDTUW,2025,R2,Round2,Delhi,IT,EWS,Gender-Neutral,151085,IGDTUW_Round2_2025.pdf
IGDTUW,2025,R2,Round2,Delhi,AIML,EWS,Gender-Neutral,135852,IGDTUW_Round2_2025.pdf
IGDTUW,2025,R2,Round2,Delhi,MAE,EWS,Gender-Neutral,230706,IGDTUW_Round2_2025.pdf
IGDTUW,2025,R2,Round2,Delhi,DMAM,EWS,Gender-Neutral,234313,IGDTUW_Round2_2025.pdf
IGDTUW,2025,R2,Round2,Delhi,MAC,EWS,Gender-Neutral,161353,IGDTUW_Round2_2025.pdf
IGDTUW,2025,R2,Round2,Delhi,B.Arch,EWS,Gender-Neutral,26840,IGDTUW_Round2_2025.pdf
IGDTUW,2025,R2,Round2,Delhi,CSE-AI,EWS,Defense-CW,305236,IGDTUW_Round2_2025.pdf
IGDTUW,2025,R2,Round2,Delhi,CSE,EWS,Defense-CW,297111,IGDTUW_Round2_2025.pdf
IGDTUW,2025,R2,Round2,Delhi,ECE-AI,EWS,Defense-CW,556266,IGDTUW_Round2_2025.pdf
IGDTUW,2025,R2,Round2,Delhi,AIML,EWS,Defense-CW,638944,IGDTUW_Round2_2025.pdf
IGDTUW,2025,R2,Round2,Delhi,MAE,EWS,Defense-CW,273427,IGDTUW_Round2_2025.pdf
IGDTUW,2025,R2,Round2,Outside-Delhi,CSE-AI,General,Gender-Neutral,18174,IGDTUW_Round2_2025.pdf
IGDTUW,2025,R2,Round2,Outside-Delhi,CSE,General,Gender-Neutral,15910,IGDTUW_Round2_2025.pdf
IGDTUW,2025,R2,Round2,Outside-Delhi,ECE-AI,General,Gender-Neutral,21709,IGDTUW_Round2_2025.pdf
IGDTUW,2025,R2,Round2,Outside-Delhi,ECE,General,Gender-Neutral,20747,IGDTUW_Round2_2025.pdf
IGDTUW,2025,R2,Round2,Outside-Delhi,IT,General,Gender-Neutral,20220,IGDTUW_Round2_2025.pdf
IGDTUW,2025,R2,Round2,Outside-Delhi,AIML,General,Gender-Neutral,18978,IGDTUW_Round2_2025.pdf
IGDTUW,2025,R2,Round2,Outside-Delhi,MAE,General,Gender-Neutral,25397,IGDTUW_Round2_2025.pdf
IGDTUW,2025,R2,Round2,Outside-Delhi,DMAM,General,Gender-Neutral,26561,IGDTUW_Round2_2025.pdf
IGDTUW,2025,R2,Round2,Outside-Delhi,MAC,General,Gender-Neutral,20823,IGDTUW_Round2_2025.pdf
IGDTUW,2025,R2,Round2,Outside-Delhi,B.Arch,General,Gender-Neutral,978,IGDTUW_Round2_2025.pdf
IGDTUW,2025,R2,Round2,Outside-Delhi,CSE-AI,General,Gender-Neutral,99379,IGDTUW_Round2_2025.pdf
IGDTUW,2025,R2,Round2,Outside-Delhi,CSE,General,Gender-Neutral,162681,IGDTUW_Round2_2025.pdf
IGDTUW,2025,R2,Round2,Outside-Delhi,ECE-AI,General,Gender-Neutral,170117,IGDTUW_Round2_2025.pdf
IGDTUW,2025,R2,Round2,Outside-Delhi,B.Arch,General,Gender-Neutral,4206,IGDTUW_Round2_2025.pdf
IGDTUW,2025,R2,Round2,Outside-Delhi,CSE-AI,General,Defense-CW,156220,IGDTUW_Round2_2025.pdf
IGDTUW,2025,R2,Round2,Outside-Delhi,CSE,General,Defense-CW,130295,IGDTUW_Round2_2025.pdf
IGDTUW,2025,R2,Round2,Outside-Delhi,ECE,General,Defense-CW,183097,IGDTUW_Round2_2025.pdf
IGDTUW,2025,R2,Round2,Outside-Delhi,IT,General,Defense-CW,183061,IGDTUW_Round2_2025.pdf
IGDTUW,2025,R2,Round2,Outside-Delhi,CSE-AI,SC,Gender-Neutral,136050,IGDTUW_Round2_2025.pdf
IGDTUW,2025,R2,Round2,Outside-Delhi,CSE,SC,Gender-Neutral,134724,IGDTUW_Round2_2025.pdf
IGDTUW,2025,R2,Round2,Outside-Delhi,ECE-AI,SC,Gender-Neutral,161918,IGDTUW_Round2_2025.pdf
IGDTUW,2025,R2,Round2,Outside-Delhi,ECE,SC,Gender-Neutral,160586,IGDTUW_Round2_2025.pdf
IGDTUW,2025,R2,Round2,Outside-Delhi,IT,SC,Gender-Neutral,146858,IGDTUW_Round2_2025.pdf
IGDTUW,2025,R2,Round2,Outside-Delhi,AIML,SC,Gender-Neutral,146787,IGDTUW_Round2_2025.pdf
IGDTUW,2025,R2,Round2,Outside-Delhi,MAE,SC,Gender-Neutral,169892,IGDTUW_Round2_2025.pdf
IGDTUW,2025,R2,Round2,Outside-Delhi,DMAM,SC,Gender-Neutral,162387,IGDTUW_Round2_2025.pdf
IGDTUW,2025,R2,Round2,Outside-Delhi,MAC,SC,Gender-Neutral,149182,IGDTUW_Round2_2025.pdf
IGDTUW,2025,R2,Round2,Outside-Delhi,IT,SC,Defense-CW,181214,IGDTUW_Round2_2025.pdf
IGDTUW,2025,R2,Round2,Outside-Delhi,CSE-AI,ST,Gender-Neutral,240177,IGDTUW_Round2_2025.pdf
IGDTUW,2025,R2,Round2,Outside-Delhi,CSE,ST,Gender-Neutral,183056,IGDTUW_Round2_2025.pdf
IGDTUW,2025,R2,Round2,Outside-Delhi,ECE-AI,ST,Gender-Neutral,301035,IGDTUW_Round2_2025.pdf
IGDTUW,2025,R2,Round2,Outside-Delhi,ECE,ST,Gender-Neutral,237746,IGDTUW_Round2_2025.pdf
IGDTUW,2025,R2,Round2,Outside-Delhi,IT,ST,Gender-Neutral,258784,IGDTUW_Round2_2025.pdf
IGDTUW,2025,R2,Round2,Outside-Delhi,AIML,ST,Gender-Neutral,298847,IGDTUW_Round2_2025.pdf
IGDTUW,2025,R2,Round2,Outside-Delhi,MAE,ST,Gender-Neutral,327635,IGDTUW_Round2_2025.pdf
IGDTUW,2025,R2,Round2,Outside-Delhi,MAC,ST,Gender-Neutral,309691,IGDTUW_Round2_2025.pdf
IGDTUW,2025,R2,Round2,Outside-Delhi,B.Arch,ST,Gender-Neutral,3002,IGDTUW_Round2_2025.pdf
IGDTUW,2025,R2,Round2,Outside-Delhi,CSE-AI,OBC,Gender-Neutral,38191,IGDTUW_Round2_2025.pdf
IGDTUW,2025,R2,Round2,Outside-Delhi,CSE,OBC,Gender-Neutral,36346,IGDTUW_Round2_2025.pdf
IGDTUW,2025,R2,Round2,Outside-Delhi,ECE-AI,OBC,Gender-Neutral,44968,IGDTUW_Round2_2025.pdf
IGDTUW,2025,R2,Round2,Outside-Delhi,ECE,OBC,Gender-Neutral,42030,IGDTUW_Round2_2025.pdf
IGDTUW,2025,R2,Round2,Outside-Delhi,IT,OBC,Gender-Neutral,40388,IGDTUW_Round2_2025.pdf
IGDTUW,2025,R2,Round2,Outside-Delhi,AIML,OBC,Gender-Neutral,40552,IGDTUW_Round2_2025.pdf
IGDTUW,2025,R2,Round2,Outside-Delhi,MAE,OBC,Gender-Neutral,50746,IGDTUW_Round2_2025.pdf
IGDTUW,2025,R2,Round2,Outside-Delhi,DMAM,OBC,Gender-Neutral,45492,IGDTUW_Round2_2025.pdf
IGDTUW,2025,R2,Round2,Outside-Delhi,MAC,OBC,Gender-Neutral,41487,IGDTUW_Round2_2025.pdf
IGDTUW,2025,R2,Round2,Outside-Delhi,B.Arch,OBC,Gender-Neutral,3201,IGDTUW_Round2_2025.pdf
IGDTUW,2025,R2,Round2,Outside-Delhi,CSE-AI,OBC,Gender-Neutral,373417,IGDTUW_Round2_2025.pdf
IGDTUW,2025,R2,Round2,Outside-Delhi,IT,OBC,Gender-Neutral,41430,IGDTUW_Round2_2025.pdf
IGDTUW,2025,R2,Round2,Outside-Delhi,MAE,OBC,Gender-Neutral,53447,IGDTUW_Round2_2025.pdf
IGDTUW,2025,R2,Round2,Outside-Delhi,CSE,OBC,Defense-CW,877504,IGDTUW_Round2_2025.pdf
IGDTUW,2025,R2,Round2,Outside-Delhi,ECE-AI,OBC,Defense-CW,696244,IGDTUW_Round2_2025.pdf
IGDTUW,2025,R2,Round2,Outside-Delhi,CSE-AI,EWS,Gender-Neutral,22999,IGDTUW_Round2_2025.pdf
IGDTUW,2025,R2,Round2,Outside-Delhi,CSE,EWS,Gender-Neutral,19435,IGDTUW_Round2_2025.pdf
IGDTUW,2025,R2,Round2,Outside-Delhi,ECE-AI,EWS,Gender-Neutral,29374,IGDTUW_Round2_2025.pdf
IGDTUW,2025,R2,Round2,Outside-Delhi,ECE,EWS,Gender-Neutral,30009,IGDTUW_Round2_2025.pdf
IGDTUW,2025,R2,Round2,Outside-Delhi,IT,EWS,Gender-Neutral,25593,IGDTUW_Round2_2025.pdf
IGDTUW,2025,R2,Round2,Outside-Delhi,AIML,EWS,Gender-Neutral,26656,IGDTUW_Round2_2025.pdf
IGDTUW,2025,R2,Round2,Outside-Delhi,MAE,EWS,Gender-Neutral,35899,IGDTUW_Round2_2025.pdf
IGDTUW,2025,R2,Round2,Outside-Delhi,MAC,EWS,Gender-Neutral,27550,IGDTUW_Round2_2025.pdf
IGDTUW,2025,R2,Round2,Outside-Delhi,AIML,EWS,Defense-CW,31262,IGDTUW_Round2_2025.pdf
IGDTUW,2025,R3,Round3,Delhi,CSE-AI,General,Gender-Neutral,39013,IGDTUW_Round3_2025.pdf
IGDTUW,2025,R3,Round3,Delhi,CSE,General,Gender-Neutral,45325,IGDTUW_Round3_2025.pdf
IGDTUW,2025,R3,Round3,Delhi,ECE-AI,General,Gender-Neutral,67756,IGDTUW_Round3_2025.pdf
IGDTUW,2025,R3,Round3,Delhi,ECE,General,Gender-Neutral,70912,IGDTUW_Round3_2025.pdf
IGDTUW,2025,R3,Round3,Delhi,IT,General,Gender-Neutral,58767,IGDTUW_Round3_2025.pdf
IGDTUW,2025,R3,Round3,Delhi,AIML,General,Gender-Neutral,55305,IGDTUW_Round3_2025.pdf
IGDTUW,2025,R3,Round3,Delhi,MAE,General,Gender-Neutral,82767,IGDTUW_Round3_2025.pdf
IGDTUW,2025,R3,Round3,Delhi,DMAM,General,Gender-Neutral,88223,IGDTUW_Round3_2025.pdf
IGDTUW,2025,R3,Round3,Delhi,MAC,General,Gender-Neutral,63732,IGDTUW_Round3_2025.pdf
IGDTUW,2025,R3,Round3,Delhi,B.Arch,General,Gender-Neutral,2353,IGDTUW_Round3_2025.pdf
IGDTUW,2025,R3,Round3,Delhi,CSE-AI,General,Defense-CW,57247,IGDTUW_Round3_2025.pdf
IGDTUW,2025,R3,Round3,Delhi,CSE,General,Defense-CW,83075,IGDTUW_Round3_2025.pdf
IGDTUW,2025,R3,Round3,Delhi,ECE-AI,General,Defense-CW,141971,IGDTUW_Round3_2025.pdf
IGDTUW,2025,R3,Round3,Delhi,ECE,General,Defense-CW,122652,IGDTUW_Round3_2025.pdf
IGDTUW,2025,R3,Round3,Delhi,IT,General,Defense-CW,106260,IGDTUW_Round3_2025.pdf
IGDTUW,2025,R3,Round3,Delhi,AIML,General,Defense-CW,106901,IGDTUW_Round3_2025.pdf
IGDTUW,2025,R3,Round3,Delhi,MAE,General,Defense-CW,188819,IGDTUW_Round3_2025.pdf
IGDTUW,2025,R3,Round3,Delhi,DMAM,General,Defense-CW,189095,IGDTUW_Round3_2025.pdf
IGDTUW,2025,R3,Round3,Delhi,MAC,General,Defense-CW,121378,IGDTUW_Round3_2025.pdf
IGDTUW,2025,R3,Round3,Delhi,B.Arch,General,Defense-CW,5547,IGDTUW_Round3_2025.pdf
IGDTUW,2025,R3,Round3,Delhi,CSE-AI,General,PwD,433013,IGDTUW_Round3_2025.pdf
IGDTUW,2025,R3,Round3,Delhi,CSE,General,PwD,313995,IGDTUW_Round3_2025.pdf
IGDTUW,2025,R3,Round3,Delhi,ECE-AI,General,PwD,1070615,IGDTUW_Round3_2025.pdf
IGDTUW,2025,R3,Round3,Delhi,ECE,General,PwD,918000,IGDTUW_Round3_2025.pdf
IGDTUW,2025,R3,Round3,Delhi,IT,General,PwD,946450,IGDTUW_Round3_2025.pdf
IGDTUW,2025,R3,Round3,Delhi,AIML,General,PwD,518972,IGDTUW_Round3_2025.pdf
IGDTUW,2025,R3,Round3,Delhi,MAC,General,PwD,758044,IGDTUW_Round3_2025.pdf
IGDTUW,2025,R3,Round3,Delhi,B.Arch,General,PwD,5674,IGDTUW_Round3_2025.pdf
IGDTUW,2025,R3,Round3,Delhi,CSE-AI,SC,Gender-Neutral,349029,IGDTUW_Round3_2025.pdf
IGDTUW,2025,R3,Round3,Delhi,CSE,SC,Gender-Neutral,341245,IGDTUW_Round3_2025.pdf
IGDTUW,2025,R3,Round3,Delhi,ECE-AI,SC,Gender-Neutral,509752,IGDTUW_Round3_2025.pdf
IGDTUW,2025,R3,Round3,Delhi,ECE,SC,Gender-Neutral,423369,IGDTUW_Round3_2025.pdf
IGDTUW,2025,R3,Round3,Delhi,IT,SC,Gender-Neutral,384960,IGDTUW_Round3_2025.pdf
IGDTUW,2025,R3,Round3,Delhi,AIML,SC,Gender-Neutral,385620,IGDTUW_Round3_2025.pdf
IGDTUW,2025,R3,Round3,Delhi,MAE,SC,Gender-Neutral,567974,IGDTUW_Round3_2025.pdf
IGDTUW,2025,R3,Round3,Delhi,DMAM,SC,Gender-Neutral,584269,IGDTUW_Round3_2025.pdf
IGDTUW,2025,R3,Round3,Delhi,MAC,SC,Gender-Neutral,455103,IGDTUW_Round3_2025.pdf
IGDTUW,2025,R3,Round3,Delhi,B.Arch,SC,Gender-Neutral,20599,IGDTUW_Round3_2025.pdf
IGDTUW,2025,R3,Round3,Delhi,CSE-AI,ST,Gender-Neutral,1183864,IGDTUW_Round3_2025.pdf
IGDTUW,2025,R3,Round3,Delhi,CSE,ST,Gender-Neutral,969509,IGDTUW_Round3_2025.pdf
IGDTUW,2025,R3,Round3,Delhi,B.Arch,ST,Gender-Neutral,17580,IGDTUW_Round3_2025.pdf
IGDTUW,2025,R3,Round3,Delhi,CSE-AI,OBC,Gender-Neutral,179465,IGDTUW_Round3_2025.pdf
IGDTUW,2025,R3,Round3,Delhi,CSE,OBC,Gender-Neutral,195997,IGDTUW_Round3_2025.pdf
IGDTUW,2025,R3,Round3,Delhi,ECE-AI,OBC,Gender-Neutral,306209,IGDTUW_Round3_2025.pdf
IGDTUW,2025,R3,Round3,Delhi,ECE,OBC,Gender-Neutral,317456,IGDTUW_Round3_2025.pdf
IGDTUW,2025,R3,Round3,Delhi,IT,OBC,Gender-Neutral,253336,IGDTUW_Round3_2025.pdf
IGDTUW,2025,R3,Round3,Delhi,AIML,OBC,Gender-Neutral,261932,IGDTUW_Round3_2025.pdf
IGDTUW,2025,R3,Round3,Delhi,MAE,OBC,Gender-Neutral,388011,IGDTUW_Round3_2025.pdf
IGDTUW,2025,R3,Round3,Delhi,DMAM,OBC,Gender-Neutral,418997,IGDTUW_Round3_2025.pdf
IGDTUW,2025,R3,Round3,Delhi,MAC,OBC,Gender-Neutral,281858,IGDTUW_Round3_2025.pdf
IGDTUW,2025,R3,Round3,Delhi,B.Arch,OBC,Gender-Neutral,15067,IGDTUW_Round3_2025.pdf
IGDTUW,2025,R3,Round3,Delhi,CSE-AI,OBC,Defense-CW,324939,IGDTUW_Round3_2025.pdf
IGDTUW,2025,R3,Round3,Delhi,CSE,OBC,Defense-CW,371303,IGDTUW_Round3_2025.pdf
IGDTUW,2025,R3,Round3,Delhi,ECE-AI,OBC,Defense-CW,423703,IGDTUW_Round3_2025.pdf
IGDTUW,2025,R3,Round3,Delhi,ECE,OBC,Defense-CW,448138,IGDTUW_Round3_2025.pdf
IGDTUW,2025,R3,Round3,Delhi,IT,OBC,Defense-CW,396019,IGDTUW_Round3_2025.pdf
IGDTUW,2025,R3,Round3,Delhi,AIML,OBC,Defense-CW,377508,IGDTUW_Round3_2025.pdf
IGDTUW,2025,R3,Round3,Delhi,MAE,OBC,Defense-CW,570183,IGDTUW_Round3_2025.pdf
IGDTUW,2025,R3,Round3,Delhi,MAC,OBC,Defense-CW,479854,IGDTUW_Round3_2025.pdf
IGDTUW,2025,R3,Round3,Delhi,CSE-AI,EWS,Gender-Neutral,90813,IGDTUW_Round3_2025.pdf
IGDTUW,2025,R3,Round3,Delhi,CSE,EWS,Gender-Neutral,117689,IGDTUW_Round3_2025.pdf
IGDTUW,2025,R3,Round3,Delhi,ECE-AI,EWS,Gender-Neutral,183883,IGDTUW_Round3_2025.pdf
IGDTUW,2025,R3,Round3,Delhi,ECE,EWS,Gender-Neutral,180361,IGDTUW_Round3_2025.pdf
IGDTUW,2025,R3,Round3,Delhi,IT,EWS,Gender-Neutral,151085,IGDTUW_Round3_2025.pdf
IGDTUW,2025,R3,Round3,Delhi,AIML,EWS,Gender-Neutral,135852,IGDTUW_Round3_2025.pdf
IGDTUW,2025,R3,Round3,Delhi,MAE,EWS,Gender-Neutral,230706,IGDTUW_Round3_2025.pdf
IGDTUW,2025,R3,Round3,Delhi,DMAM,EWS,Gender-Neutral,234313,IGDTUW_Round3_2025.pdf
IGDTUW,2025,R3,Round3,Delhi,MAC,EWS,Gender-Neutral,161353,IGDTUW_Round3_2025.pdf
IGDTUW,2025,R3,Round3,Delhi,B.Arch,EWS,Gender-Neutral,26840,IGDTUW_Round3_2025.pdf
IGDTUW,2025,R3,Round3,Delhi,CSE-AI,EWS,Defense-CW,305236,IGDTUW_Round3_2025.pdf
IGDTUW,2025,R3,Round3,Delhi,CSE,EWS,Defense-CW,297111,IGDTUW_Round3_2025.pdf
IGDTUW,2025,R3,Round3,Delhi,ECE-AI,EWS,Defense-CW,556266,IGDTUW_Round3_2025.pdf
IGDTUW,2025,R3,Round3,Delhi,AIML,EWS,Defense-CW,638944,IGDTUW_Round3_2025.pdf
IGDTUW,2025,R3,Round3,Delhi,MAE,EWS,Defense-CW,273427,IGDTUW_Round3_2025.pdf
IGDTUW,2025,R3,Round3,Outside-Delhi,CSE-AI,General,Gender-Neutral,19558,IGDTUW_Round3_2025.pdf
IGDTUW,2025,R3,Round3,Outside-Delhi,CSE,General,Gender-Neutral,17974,IGDTUW_Round3_2025.pdf
IGDTUW,2025,R3,Round3,Outside-Delhi,ECE-AI,General,Gender-Neutral,23400,IGDTUW_Round3_2025.pdf
IGDTUW,2025,R3,Round3,Outside-Delhi,ECE,General,Gender-Neutral,22432,IGDTUW_Round3_2025.pdf
IGDTUW,2025,R3,Round3,Outside-Delhi,IT,General,Gender-Neutral,21745,IGDTUW_Round3_2025.pdf
IGDTUW,2025,R3,Round3,Outside-Delhi,AIML,General,Gender-Neutral,21208,IGDTUW_Round3_2025.pdf
IGDTUW,2025,R3,Round3,Outside-Delhi,MAE,General,Gender-Neutral,26561,IGDTUW_Round3_2025.pdf
IGDTUW,2025,R3,Round3,Outside-Delhi,DMAM,General,Gender-Neutral,28131,IGDTUW_Round3_2025.pdf
IGDTUW,2025,R3,Round3,Outside-Delhi,MAC,General,Gender-Neutral,22952,IGDTUW_Round3_2025.pdf
IGDTUW,2025,R3,Round3,Outside-Delhi,B.Arch,General,Gender-Neutral,978,IGDTUW_Round3_2025.pdf
IGDTUW,2025,R3,Round3,Outside-Delhi,CSE-AI,General,Gender-Neutral,99379,IGDTUW_Round3_2025.pdf
IGDTUW,2025,R3,Round3,Outside-Delhi,CSE,General,Gender-Neutral,162681,IGDTUW_Round3_2025.pdf
IGDTUW,2025,R3,Round3,Outside-Delhi,ECE-AI,General,Gender-Neutral,170117,IGDTUW_Round3_2025.pdf
IGDTUW,2025,R3,Round3,Outside-Delhi,B.Arch,General,Gender-Neutral,5418,IGDTUW_Round3_2025.pdf
IGDTUW,2025,R3,Round3,Outside-Delhi,CSE-AI,General,Defense-CW,156220,IGDTUW_Round3_2025.pdf
IGDTUW,2025,R3,Round3,Outside-Delhi,CSE,General,Defense-CW,130295,IGDTUW_Round3_2025.pdf
IGDTUW,2025,R3,Round3,Outside-Delhi,ECE,General,Defense-CW,263399,IGDTUW_Round3_2025.pdf
IGDTUW,2025,R3,Round3,Outside-Delhi,IT,General,Defense-CW,183061,IGDTUW_Round3_2025.pdf
IGDTUW,2025,R3,Round3,Outside-Delhi,CSE-AI,SC,Gender-Neutral,149922,IGDTUW_Round3_2025.pdf
IGDTUW,2025,R3,Round3,Outside-Delhi,CSE,SC,Gender-Neutral,146010,IGDTUW_Round3_2025.pdf
IGDTUW,2025,R3,Round3,Outside-Delhi,ECE-AI,SC,Gender-Neutral,173934,IGDTUW_Round3_2025.pdf
IGDTUW,2025,R3,Round3,Outside-Delhi,ECE,SC,Gender-Neutral,172092,IGDTUW_Round3_2025.pdf
IGDTUW,2025,R3,Round3,Outside-Delhi,IT,SC,Gender-Neutral,159820,IGDTUW_Round3_2025.pdf
IGDTUW,2025,R3,Round3,Outside-Delhi,AIML,SC,Gender-Neutral,165378,IGDTUW_Round3_2025.pdf
IGDTUW,2025,R3,Round3,Outside-Delhi,MAE,SC,Gender-Neutral,177188,IGDTUW_Round3_2025.pdf
IGDTUW,2025,R3,Round3,Outside-Delhi,DMAM,SC,Gender-Neutral,185269,IGDTUW_Round3_2025.pdf
IGDTUW,2025,R3,Round3,Outside-Delhi,MAC,SC,Gender-Neutral,171001,IGDTUW_Round3_2025.pdf
IGDTUW,2025,R3,Round3,Outside-Delhi,IT,SC,Defense-CW,181214,IGDTUW_Round3_2025.pdf
IGDTUW,2025,R3,Round3,Outside-Delhi,CSE-AI,ST,Gender-Neutral,240177,IGDTUW_Round3_2025.pdf
IGDTUW,2025,R3,Round3,Outside-Delhi,CSE,ST,Gender-Neutral,183056,IGDTUW_Round3_2025.pdf
IGDTUW,2025,R3,Round3,Outside-Delhi,ECE-AI,ST,Gender-Neutral,339001,IGDTUW_Round3_2025.pdf
IGDTUW,2025,R3,Round3,Outside-Delhi,ECE,ST,Gender-Neutral,335266,IGDTUW_Round3_2025.pdf
IGDTUW,2025,R3,Round3,Outside-Delhi,IT,ST,Gender-Neutral,330448,IGDTUW_Round3_2025.pdf
IGDTUW,2025,R3,Round3,Outside-Delhi,AIML,ST,Gender-Neutral,301035,IGDTUW_Round3_2025.pdf
IGDTUW,2025,R3,Round3,Outside-Delhi,MAE,ST,Gender-Neutral,356418,IGDTUW_Round3_2025.pdf
IGDTUW,2025,R3,Round3,Outside-Delhi,MAC,ST,Gender-Neutral,342860,IGDTUW_Round3_2025.pdf
IGDTUW,2025,R3,Round3,Outside-Delhi,B.Arch,ST,Gender-Neutral,3002,IGDTUW_Round3_2025.pdf
IGDTUW,2025,R3,Round3,Outside-Delhi,CSE-AI,OBC,Gender-Neutral,41417,IGDTUW_Round3_2025.pdf
IGDTUW,2025,R3,Round3,Outside-Delhi,CSE,OBC,Gender-Neutral,39715,IGDTUW_Round3_2025.pdf
IGDTUW,2025,R3,Round3,Outside-Delhi,ECE-AI,OBC,Gender-Neutral,50134,IGDTUW_Round3_2025.pdf
IGDTUW,2025,R3,Round3,Outside-Delhi,ECE,OBC,Gender-Neutral,45122,IGDTUW_Round3_2025.pdf
IGDTUW,2025,R3,Round3,Outside-Delhi,IT,OBC,Gender-Neutral,43695,IGDTUW_Round3_2025.pdf
IGDTUW,2025,R3,Round3,Outside-Delhi,AIML,OBC,Gender-Neutral,44817,IGDTUW_Round3_2025.pdf
IGDTUW,2025,R3,Round3,Outside-Delhi,MAE,OBC,Gender-Neutral,51611,IGDTUW_Round3_2025.pdf
IGDTUW,2025,R3,Round3,Outside-Delhi,DMAM,OBC,Gender-Neutral,54482,IGDTUW_Round3_2025.pdf
IGDTUW,2025,R3,Round3,Outside-Delhi,MAC,OBC,Gender-Neutral,45848,IGDTUW_Round3_2025.pdf
IGDTUW,2025,R3,Round3,Outside-Delhi,B.Arch,OBC,Gender-Neutral,3201,IGDTUW_Round3_2025.pdf
IGDTUW,2025,R3,Round3,Outside-Delhi,CSE-AI,OBC,Gender-Neutral,373417,IGDTUW_Round3_2025.pdf
IGDTUW,2025,R3,Round3,Outside-Delhi,IT,OBC,Gender-Neutral,919670,IGDTUW_Round3_2025.pdf
IGDTUW,2025,R3,Round3,Outside-Delhi,MAE,OBC,Gender-Neutral,53447,IGDTUW_Round3_2025.pdf
IGDTUW,2025,R3,Round3,Outside-Delhi,CSE,OBC,Defense-CW,877504,IGDTUW_Round3_2025.pdf
IGDTUW,2025,R3,Round3,Outside-Delhi,ECE-AI,OBC,Defense-CW,696244,IGDTUW_Round3_2025.pdf
IGDTUW,2025,R3,Round3,Outside-Delhi,CSE-AI,EWS,Gender-Neutral,26656,IGDTUW_Round3_2025.pdf
IGDTUW,2025,R3,Round3,Outside-Delhi,CSE,EWS,Gender-Neutral,22999,IGDTUW_Round3_2025.pdf
IGDTUW,2025,R3,Round3,Outside-Delhi,ECE-AI,EWS,Gender-Neutral,32991,IGDTUW_Round3_2025.pdf
IGDTUW,2025,R3,Round3,Outside-Delhi,ECE,EWS,Gender-Neutral,30298,IGDTUW_Round3_2025.pdf
IGDTUW,2025,R3,Round3,Outside-Delhi,IT,EWS,Gender-Neutral,29387,IGDTUW_Round3_2025.pdf
IGDTUW,2025,R3,Round3,Outside-Delhi,AIML,EWS,Gender-Neutral,30639,IGDTUW_Round3_2025.pdf
IGDTUW,2025,R3,Round3,Outside-Delhi,MAE,EWS,Gender-Neutral,35899,IGDTUW_Round3_2025.pdf
IGDTUW,2025,R3,Round3,Outside-Delhi,MAC,EWS,Gender-Neutral,31319,IGDTUW_Round3_2025.pdf
IGDTUW,2025,R3,Round3,Outside-Delhi,AIML,EWS,Defense-CW,56187,IGDTUW_Round3_2025.pdf
IGDTUW,2025,R4,Round4,Delhi,CSE-AI,General,Gender-Neutral,39100,IGDTUW_Round4_2025.pdf
IGDTUW,2025,R4,Round4,Delhi,CSE,General,Gender-Neutral,45659,IGDTUW_Round4_2025.pdf
IGDTUW,2025,R4,Round4,Delhi,ECE-AI,General,Gender-Neutral,67897,IGDTUW_Round4_2025.pdf
IGDTUW,2025,R4,Round4,Delhi,ECE,General,Gender-Neutral,70912,IGDTUW_Round4_2025.pdf
IGDTUW,2025,R4,Round4,Delhi,IT,General,Gender-Neutral,58837,IGDTUW_Round4_2025.pdf
IGDTUW,2025,R4,Round4,Delhi,AIML,General,Gender-Neutral,55305,IGDTUW_Round4_2025.pdf
IGDTUW,2025,R4,Round4,Delhi,MAE,General,Gender-Neutral,82767,IGDTUW_Round4_2025.pdf
IGDTUW,2025,R4,Round4,Delhi,DMAM,General,Gender-Neutral,88223,IGDTUW_Round4_2025.pdf
IGDTUW,2025,R4,Round4,Delhi,MAC,General,Gender-Neutral,63515,IGDTUW_Round4_2025.pdf
IGDTUW,2025,R4,Round4,Delhi,B.Arch,General,Gender-Neutral,2370,IGDTUW_Round4_2025.pdf
IGDTUW,2025,R4,Round4,Delhi,CSE-AI,General,Defense-CW,57247,IGDTUW_Round4_2025.pdf
IGDTUW,2025,R4,Round4,Delhi,CSE,General,Defense-CW,83075,IGDTUW_Round4_2025.pdf
IGDTUW,2025,R4,Round4,Delhi,ECE-AI,General,Defense-CW,141971,IGDTUW_Round4_2025.pdf
IGDTUW,2025,R4,Round4,Delhi,ECE,General,Defense-CW,122652,IGDTUW_Round4_2025.pdf
IGDTUW,2025,R4,Round4,Delhi,IT,General,Defense-CW,106260,IGDTUW_Round4_2025.pdf
IGDTUW,2025,R4,Round4,Delhi,AIML,General,Defense-CW,106901,IGDTUW_Round4_2025.pdf
IGDTUW,2025,R4,Round4,Delhi,MAE,General,Defense-CW,188819,IGDTUW_Round4_2025.pdf
IGDTUW,2025,R4,Round4,Delhi,DMAM,General,Defense-CW,189095,IGDTUW_Round4_2025.pdf
IGDTUW,2025,R4,Round4,Delhi,MAC,General,Defense-CW,121378,IGDTUW_Round4_2025.pdf
IGDTUW,2025,R4,Round4,Delhi,B.Arch,General,Defense-CW,5547,IGDTUW_Round4_2025.pdf
IGDTUW,2025,R4,Round4,Delhi,CSE-AI,General,PwD,433013,IGDTUW_Round4_2025.pdf
IGDTUW,2025,R4,Round4,Delhi,CSE,General,PwD,313995,IGDTUW_Round4_2025.pdf
IGDTUW,2025,R4,Round4,Delhi,ECE-AI,General,PwD,1070615,IGDTUW_Round4_2025.pdf
IGDTUW,2025,R4,Round4,Delhi,ECE,General,PwD,918000,IGDTUW_Round4_2025.pdf
IGDTUW,2025,R4,Round4,Delhi,IT,General,PwD,946450,IGDTUW_Round4_2025.pdf
IGDTUW,2025,R4,Round4,Delhi,AIML,General,PwD,518972,IGDTUW_Round4_2025.pdf
IGDTUW,2025,R4,Round4,Delhi,MAC,General,PwD,758044,IGDTUW_Round4_2025.pdf
IGDTUW,2025,R4,Round4,Delhi,B.Arch,General,PwD,5674,IGDTUW_Round4_2025.pdf
IGDTUW,2025,R4,Round4,Delhi,CSE-AI,SC,Gender-Neutral,392640,IGDTUW_Round4_2025.pdf
IGDTUW,2025,R4,Round4,Delhi,CSE,SC,Gender-Neutral,369691,IGDTUW_Round4_2025.pdf
IGDTUW,2025,R4,Round4,Delhi,ECE-AI,SC,Gender-Neutral,615100,IGDTUW_Round4_2025.pdf
IGDTUW,2025,R4,Round4,Delhi,ECE,SC,Gender-Neutral,584896,IGDTUW_Round4_2025.pdf
IGDTUW,2025,R4,Round4,Delhi,IT,SC,Gender-Neutral,494818,IGDTUW_Round4_2025.pdf
IGDTUW,2025,R4,Round4,Delhi,AIML,SC,Gender-Neutral,458845,IGDTUW_Round4_2025.pdf
IGDTUW,2025,R4,Round4,Delhi,MAE,SC,Gender-Neutral,727646,IGDTUW_Round4_2025.pdf
IGDTUW,2025,R4,Round4,Delhi,DMAM,SC,Gender-Neutral,761432,IGDTUW_Round4_2025.pdf
IGDTUW,2025,R4,Round4,Delhi,MAC,SC,Gender-Neutral,563697,IGDTUW_Round4_2025.pdf
IGDTUW,2025,R4,Round4,Delhi,B.Arch,SC,Gender-Neutral,21414,IGDTUW_Round4_2025.pdf
IGDTUW,2025,R4,Round4,Delhi,CSE-AI,ST,Gender-Neutral,1183864,IGDTUW_Round4_2025.pdf
IGDTUW,2025,R4,Round4,Delhi,CSE,ST,Gender-Neutral,969509,IGDTUW_Round4_2025.pdf
IGDTUW,2025,R4,Round4,Delhi,B.Arch,ST,Gender-Neutral,17580,IGDTUW_Round4_2025.pdf
IGDTUW,2025,R4,Round4,Delhi,CSE-AI,OBC,Gender-Neutral,184818,IGDTUW_Round4_2025.pdf
IGDTUW,2025,R4,Round4,Delhi,CSE,OBC,Gender-Neutral,199828,IGDTUW_Round4_2025.pdf
IGDTUW,2025,R4,Round4,Delhi,ECE-AI,OBC,Gender-Neutral,317456,IGDTUW_Round4_2025.pdf
IGDTUW,2025,R4,Round4,Delhi,ECE,OBC,Gender-Neutral,329695,IGDTUW_Round4_2025.pdf
IGDTUW,2025,R4,Round4,Delhi,IT,OBC,Gender-Neutral,259799,IGDTUW_Round4_2025.pdf
IGDTUW,2025,R4,Round4,Delhi,AIML,OBC,Gender-Neutral,274831,IGDTUW_Round4_2025.pdf
IGDTUW,2025,R4,Round4,Delhi,MAE,OBC,Gender-Neutral,388011,IGDTUW_Round4_2025.pdf
IGDTUW,2025,R4,Round4,Delhi,DMAM,OBC,Gender-Neutral,428213,IGDTUW_Round4_2025.pdf
IGDTUW,2025,R4,Round4,Delhi,MAC,OBC,Gender-Neutral,305126,IGDTUW_Round4_2025.pdf
IGDTUW,2025,R4,Round4,Delhi,B.Arch,OBC,Gender-Neutral,17341,IGDTUW_Round4_2025.pdf
IGDTUW,2025,R4,Round4,Delhi,CSE-AI,OBC,Gender-Neutral,324939,IGDTUW_Round4_2025.pdf
IGDTUW,2025,R4,Round4,Delhi,CSE,OBC,Gender-Neutral,371303,IGDTUW_Round4_2025.pdf
IGDTUW,2025,R4,Round4,Delhi,ECE-AI,OBC,Gender-Neutral,423703,IGDTUW_Round4_2025.pdf
IGDTUW,2025,R4,Round4,Delhi,ECE,OBC,Gender-Neutral,448138,IGDTUW_Round4_2025.pdf
IGDTUW,2025,R4,Round4,Delhi,IT,OBC,Gender-Neutral,396019,IGDTUW_Round4_2025.pdf
IGDTUW,2025,R4,Round4,Delhi,AIML,OBC,Gender-Neutral,377508,IGDTUW_Round4_2025.pdf
IGDTUW,2025,R4,Round4,Delhi,MAE,OBC,Gender-Neutral,491287,IGDTUW_Round4_2025.pdf
IGDTUW,2025,R4,Round4,Delhi,MAC,OBC,Gender-Neutral,479854,IGDTUW_Round4_2025.pdf
IGDTUW,2025,R4,Round4,Delhi,CSE-AI,EWS,Gender-Neutral,90813,IGDTUW_Round4_2025.pdf
IGDTUW,2025,R4,Round4,Delhi,CSE,EWS,Gender-Neutral,117689,IGDTUW_Round4_2025.pdf
IGDTUW,2025,R4,Round4,Delhi,ECE-AI,EWS,Gender-Neutral,183883,IGDTUW_Round4_2025.pdf
IGDTUW,2025,R4,Round4,Delhi,ECE,EWS,Gender-Neutral,178912,IGDTUW_Round4_2025.pdf
IGDTUW,2025,R4,Round4,Delhi,IT,EWS,Gender-Neutral,151085,IGDTUW_Round4_2025.pdf
IGDTUW,2025,R4,Round4,Delhi,AIML,EWS,Gender-Neutral,135852,IGDTUW_Round4_2025.pdf
IGDTUW,2025,R4,Round4,Delhi,MAE,EWS,Gender-Neutral,230706,IGDTUW_Round4_2025.pdf
IGDTUW,2025,R4,Round4,Delhi,DMAM,EWS,Gender-Neutral,236219,IGDTUW_Round4_2025.pdf
IGDTUW,2025,R4,Round4,Delhi,MAC,EWS,Gender-Neutral,161353,IGDTUW_Round4_2025.pdf
IGDTUW,2025,R4,Round4,Delhi,B.Arch,EWS,Gender-Neutral,26840,IGDTUW_Round4_2025.pdf
IGDTUW,2025,R4,Round4,Delhi,CSE-AI,EWS,Defense-CW,305236,IGDTUW_Round4_2025.pdf
IGDTUW,2025,R4,Round4,Delhi,CSE,EWS,Defense-CW,297111,IGDTUW_Round4_2025.pdf
IGDTUW,2025,R4,Round4,Delhi,ECE-AI,EWS,Defense-CW,556266,IGDTUW_Round4_2025.pdf
IGDTUW,2025,R4,Round4,Delhi,AIML,EWS,Defense-CW,638944,IGDTUW_Round4_2025.pdf
IGDTUW,2025,R4,Round4,Delhi,MAE,EWS,Defense-CW,273427,IGDTUW_Round4_2025.pdf
IGDTUW,2025,R4,Round4,Outside-Delhi,CSE-AI,General,Gender-Neutral,19657,IGDTUW_Round4_2025.pdf
IGDTUW,2025,R4,Round4,Outside-Delhi,CSE,General,Gender-Neutral,17974,IGDTUW_Round4_2025.pdf
IGDTUW,2025,R4,Round4,Outside-Delhi,ECE-AI,General,Gender-Neutral,24591,IGDTUW_Round4_2025.pdf
IGDTUW,2025,R4,Round4,Outside-Delhi,ECE,General,Gender-Neutral,23400,IGDTUW_Round4_2025.pdf
IGDTUW,2025,R4,Round4,Outside-Delhi,IT,General,Gender-Neutral,22432,IGDTUW_Round4_2025.pdf
IGDTUW,2025,R4,Round4,Outside-Delhi,AIML,General,Gender-Neutral,21745,IGDTUW_Round4_2025.pdf
IGDTUW,2025,R4,Round4,Outside-Delhi,MAE,General,Gender-Neutral,27044,IGDTUW_Round4_2025.pdf
IGDTUW,2025,R4,Round4,Outside-Delhi,DMAM,General,Gender-Neutral,29448,IGDTUW_Round4_2025.pdf
IGDTUW,2025,R4,Round4,Outside-Delhi,MAC,General,Gender-Neutral,23380,IGDTUW_Round4_2025.pdf
IGDTUW,2025,R4,Round4,Outside-Delhi,B.Arch,General,Gender-Neutral,1014,IGDTUW_Round4_2025.pdf
IGDTUW,2025,R4,Round4,Outside-Delhi,CSE-AI,General,Defense-CW,99379,IGDTUW_Round4_2025.pdf
IGDTUW,2025,R4,Round4,Outside-Delhi,CSE,General,Defense-CW,162681,IGDTUW_Round4_2025.pdf
IGDTUW,2025,R4,Round4,Outside-Delhi,ECE-AI,General,Defense-CW,170117,IGDTUW_Round4_2025.pdf
IGDTUW,2025,R4,Round4,Outside-Delhi,B.Arch,General,Defense-CW,5527,IGDTUW_Round4_2025.pdf
IGDTUW,2025,R4,Round4,Outside-Delhi,CSE-AI,General,PwD,156220,IGDTUW_Round4_2025.pdf
IGDTUW,2025,R4,Round4,Outside-Delhi,CSE,General,PwD,130295,IGDTUW_Round4_2025.pdf
IGDTUW,2025,R4,Round4,Outside-Delhi,ECE,General,PwD,263399,IGDTUW_Round4_2025.pdf
IGDTUW,2025,R4,Round4,Outside-Delhi,IT,General,PwD,183061,IGDTUW_Round4_2025.pdf
IGDTUW,2025,R4,Round4,Outside-Delhi,CSE-AI,SC,Gender-Neutral,171001,IGDTUW_Round4_2025.pdf
IGDTUW,2025,R4,Round4,Outside-Delhi,CSE,SC,Gender-Neutral,159820,IGDTUW_Round4_2025.pdf
IGDTUW,2025,R4,Round4,Outside-Delhi,ECE-AI,SC,Gender-Neutral,186518,IGDTUW_Round4_2025.pdf
IGDTUW,2025,R4,Round4,Outside-Delhi,ECE,SC,Gender-Neutral,178082,IGDTUW_Round4_2025.pdf
IGDTUW,2025,R4,Round4,Outside-Delhi,IT,SC,Gender-Neutral,173161,IGDTUW_Round4_2025.pdf
IGDTUW,2025,R4,Round4,Outside-Delhi,AIML,SC,Gender-Neutral,181695,IGDTUW_Round4_2025.pdf
IGDTUW,2025,R4,Round4,Outside-Delhi,MAE,SC,Gender-Neutral,189287,IGDTUW_Round4_2025.pdf
IGDTUW,2025,R4,Round4,Outside-Delhi,DMAM,SC,Gender-Neutral,189612,IGDTUW_Round4_2025.pdf
IGDTUW,2025,R4,Round4,Outside-Delhi,MAC,SC,Gender-Neutral,187743,IGDTUW_Round4_2025.pdf
IGDTUW,2025,R4,Round4,Outside-Delhi,IT,SC,Defense-CW,181214,IGDTUW_Round4_2025.pdf
IGDTUW,2025,R4,Round4,Outside-Delhi,CSE-AI,ST,Gender-Neutral,240177,IGDTUW_Round4_2025.pdf
IGDTUW,2025,R4,Round4,Outside-Delhi,CSE,ST,Gender-Neutral,183056,IGDTUW_Round4_2025.pdf
IGDTUW,2025,R4,Round4,Outside-Delhi,ECE-AI,ST,Gender-Neutral,347061,IGDTUW_Round4_2025.pdf
IGDTUW,2025,R4,Round4,Outside-Delhi,ECE,ST,Gender-Neutral,335266,IGDTUW_Round4_2025.pdf
IGDTUW,2025,R4,Round4,Outside-Delhi,IT,ST,Gender-Neutral,298847,IGDTUW_Round4_2025.pdf
IGDTUW,2025,R4,Round4,Outside-Delhi,AIML,ST,Gender-Neutral,301035,IGDTUW_Round4_2025.pdf
IGDTUW,2025,R4,Round4,Outside-Delhi,MAE,ST,Gender-Neutral,363156,IGDTUW_Round4_2025.pdf
IGDTUW,2025,R4,Round4,Outside-Delhi,MAC,ST,Gender-Neutral,356418,IGDTUW_Round4_2025.pdf
IGDTUW,2025,R4,Round4,Outside-Delhi,B.Arch,ST,Gender-Neutral,3002,IGDTUW_Round4_2025.pdf
IGDTUW,2025,R4,Round4,Outside-Delhi,CSE-AI,OBC,Gender-Neutral,41487,IGDTUW_Round4_2025.pdf
IGDTUW,2025,R4,Round4,Outside-Delhi,CSE,OBC,Gender-Neutral,40534,IGDTUW_Round4_2025.pdf
IGDTUW,2025,R4,Round4,Outside-Delhi,ECE-AI,OBC,Gender-Neutral,51611,IGDTUW_Round4_2025.pdf
IGDTUW,2025,R4,Round4,Outside-Delhi,ECE,OBC,Gender-Neutral,50618,IGDTUW_Round4_2025.pdf
IGDTUW,2025,R4,Round4,Outside-Delhi,IT,OBC,Gender-Neutral,48908,IGDTUW_Round4_2025.pdf
IGDTUW,2025,R4,Round4,Outside-Delhi,AIML,OBC,Gender-Neutral,48607,IGDTUW_Round4_2025.pdf
IGDTUW,2025,R4,Round4,Outside-Delhi,MAE,OBC,Gender-Neutral,55610,IGDTUW_Round4_2025.pdf
IGDTUW,2025,R4,Round4,Outside-Delhi,DMAM,OBC,Gender-Neutral,55961,IGDTUW_Round4_2025.pdf
IGDTUW,2025,R4,Round4,Outside-Delhi,MAC,OBC,Gender-Neutral,50763,IGDTUW_Round4_2025.pdf
IGDTUW,2025,R4,Round4,Outside-Delhi,B.Arch,OBC,Gender-Neutral,3120,IGDTUW_Round4_2025.pdf
IGDTUW,2025,R4,Round4,Outside-Delhi,CSE-AI,OBC,Defense-CW,373417,IGDTUW_Round4_2025.pdf
IGDTUW,2025,R4,Round4,Outside-Delhi,MAE,OBC,Defense-CW,56664,IGDTUW_Round4_2025.pdf
IGDTUW,2025,R4,Round4,Outside-Delhi,IT,OBC,Defense-CW,919670,IGDTUW_Round4_2025.pdf
IGDTUW,2025,R4,Round4,Outside-Delhi,CSE,OBC,PwD,877504,IGDTUW_Round4_2025.pdf
IGDTUW,2025,R4,Round4,Outside-Delhi,ECE-AI,OBC,PwD,696244,IGDTUW_Round4_2025.pdf
IGDTUW,2025,R4,Round4,Outside-Delhi,CSE-AI,EWS,Gender-Neutral,29186,IGDTUW_Round4_2025.pdf
IGDTUW,2025,R4,Round4,Outside-Delhi,CSE,EWS,Gender-Neutral,26656,IGDTUW_Round4_2025.pdf
IGDTUW,2025,R4,Round4,Outside-Delhi,ECE-AI,EWS,Gender-Neutral,36953,IGDTUW_Round4_2025.pdf
IGDTUW,2025,R4,Round4,Outside-Delhi,ECE,EWS,Gender-Neutral,32978,IGDTUW_Round4_2025.pdf
IGDTUW,2025,R4,Round4,Outside-Delhi,IT,EWS,Gender-Neutral,30009,IGDTUW_Round4_2025.pdf
IGDTUW,2025,R4,Round4,Outside-Delhi,AIML,EWS,Gender-Neutral,30639,IGDTUW_Round4_2025.pdf
IGDTUW,2025,R4,Round4,Outside-Delhi,MAE,EWS,Gender-Neutral,37700,IGDTUW_Round4_2025.pdf
IGDTUW,2025,R4,Round4,Outside-Delhi,MAC,EWS,Gender-Neutral,31319,IGDTUW_Round4_2025.pdf
IGDTUW,2025,R4,Round4,Outside-Delhi,AIML,EWS,Defense-CW,116909,IGDTUW_Round4_2025.pdf
IGDTUW,2025,R5,Round5,Delhi,CSE-AI,General,Gender-Neutral,44405,IGDTUW_Round5_2025.pdf
IGDTUW,2025,R5,Round5,Delhi,CSE,General,Gender-Neutral,50687,IGDTUW_Round5_2025.pdf
IGDTUW,2025,R5,Round5,Delhi,ECE-AI,General,Gender-Neutral,75759,IGDTUW_Round5_2025.pdf
IGDTUW,2025,R5,Round5,Delhi,ECE,General,Gender-Neutral,79574,IGDTUW_Round5_2025.pdf
IGDTUW,2025,R5,Round5,Delhi,IT,General,Gender-Neutral,64223,IGDTUW_Round5_2025.pdf
IGDTUW,2025,R5,Round5,Delhi,AIML,General,Gender-Neutral,64133,IGDTUW_Round5_2025.pdf
IGDTUW,2025,R5,Round5,Delhi,MAE,General,Gender-Neutral,92818,IGDTUW_Round5_2025.pdf
IGDTUW,2025,R5,Round5,Delhi,DMAM,General,Gender-Neutral,94672,IGDTUW_Round5_2025.pdf
IGDTUW,2025,R5,Round5,Delhi,MAC,General,Gender-Neutral,69001,IGDTUW_Round5_2025.pdf
IGDTUW,2025,R5,Round5,Delhi,B.Arch,General,Gender-Neutral,2977,IGDTUW_Round5_2025.pdf
IGDTUW,2025,R5,Round5,Delhi,CSE-AI,General,Defense-CW,73137,IGDTUW_Round5_2025.pdf
IGDTUW,2025,R5,Round5,Delhi,CSE,General,Defense-CW,103166,IGDTUW_Round5_2025.pdf
IGDTUW,2025,R5,Round5,Delhi,ECE-AI,General,Defense-CW,163090,IGDTUW_Round5_2025.pdf
IGDTUW,2025,R5,Round5,Delhi,ECE,General,Defense-CW,141971,IGDTUW_Round5_2025.pdf
IGDTUW,2025,R5,Round5,Delhi,IT,General,Defense-CW,121378,IGDTUW_Round5_2025.pdf
IGDTUW,2025,R5,Round5,Delhi,AIML,General,Defense-CW,106901,IGDTUW_Round5_2025.pdf
IGDTUW,2025,R5,Round5,Delhi,MAE,General,Defense-CW,188819,IGDTUW_Round5_2025.pdf
IGDTUW,2025,R5,Round5,Delhi,DMAM,General,Defense-CW,189095,IGDTUW_Round5_2025.pdf
IGDTUW,2025,R5,Round5,Delhi,MAC,General,Defense-CW,132749,IGDTUW_Round5_2025.pdf
IGDTUW,2025,R5,Round5,Delhi,B.Arch,General,Defense-CW,5547,IGDTUW_Round5_2025.pdf
IGDTUW,2025,R5,Round5,Delhi,CSE-AI,General,PwD,433013,IGDTUW_Round5_2025.pdf
IGDTUW,2025,R5,Round5,Delhi,CSE,General,PwD,313995,IGDTUW_Round5_2025.pdf
IGDTUW,2025,R5,Round5,Delhi,ECE-AI,General,PwD,1070615,IGDTUW_Round5_2025.pdf
IGDTUW,2025,R5,Round5,Delhi,ECE,General,PwD,1360126,IGDTUW_Round5_2025.pdf
IGDTUW,2025,R5,Round5,Delhi,IT,General,PwD,946450,IGDTUW_Round5_2025.pdf
IGDTUW,2025,R5,Round5,Delhi,AIML,General,PwD,518972,IGDTUW_Round5_2025.pdf
IGDTUW,2025,R5,Round5,Delhi,MAC,General,PwD,758044,IGDTUW_Round5_2025.pdf
IGDTUW,2025,R5,Round5,Delhi,B.Arch,General,PwD,5674,IGDTUW_Round5_2025.pdf
IGDTUW,2025,R5,Round5,Delhi,CSE-AI,SC,Gender-Neutral,413693,IGDTUW_Round5_2025.pdf
IGDTUW,2025,R5,Round5,Delhi,CSE,SC,Gender-Neutral,399917,IGDTUW_Round5_2025.pdf
IGDTUW,2025,R5,Round5,Delhi,ECE-AI,SC,Gender-Neutral,698598,IGDTUW_Round5_2025.pdf
IGDTUW,2025,R5,Round5,Delhi,ECE,SC,Gender-Neutral,597563,IGDTUW_Round5_2025.pdf
IGDTUW,2025,R5,Round5,Delhi,IT,SC,Gender-Neutral,516592,IGDTUW_Round5_2025.pdf
IGDTUW,2025,R5,Round5,Delhi,AIML,SC,Gender-Neutral,470209,IGDTUW_Round5_2025.pdf
IGDTUW,2025,R5,Round5,Delhi,MAE,SC,Gender-Neutral,820634,IGDTUW_Round5_2025.pdf
IGDTUW,2025,R5,Round5,Delhi,DMAM,SC,Gender-Neutral,856293,IGDTUW_Round5_2025.pdf
IGDTUW,2025,R5,Round5,Delhi,MAC,SC,Gender-Neutral,617454,IGDTUW_Round5_2025.pdf
IGDTUW,2025,R5,Round5,Delhi,B.Arch,SC,Gender-Neutral,21675,IGDTUW_Round5_2025.pdf
IGDTUW,2025,R5,Round5,Delhi,CSE-AI,ST,Gender-Neutral,1183864,IGDTUW_Round5_2025.pdf
IGDTUW,2025,R5,Round5,Delhi,CSE,ST,Gender-Neutral,969509,IGDTUW_Round5_2025.pdf
IGDTUW,2025,R5,Round5,Delhi,B.Arch,ST,Gender-Neutral,17580,IGDTUW_Round5_2025.pdf
IGDTUW,2025,R5,Round5,Delhi,CSE-AI,OBC,Gender-Neutral,186225,IGDTUW_Round5_2025.pdf
IGDTUW,2025,R5,Round5,Delhi,CSE,OBC,Gender-Neutral,204747,IGDTUW_Round5_2025.pdf
IGDTUW,2025,R5,Round5,Delhi,ECE-AI,OBC,Gender-Neutral,339542,IGDTUW_Round5_2025.pdf
IGDTUW,2025,R5,Round5,Delhi,ECE,OBC,Gender-Neutral,346713,IGDTUW_Round5_2025.pdf
IGDTUW,2025,R5,Round5,Delhi,IT,OBC,Gender-Neutral,270817,IGDTUW_Round5_2025.pdf
IGDTUW,2025,R5,Round5,Delhi,AIML,OBC,Gender-Neutral,280051,IGDTUW_Round5_2025.pdf
IGDTUW,2025,R5,Round5,Delhi,MAE,OBC,Gender-Neutral,425801,IGDTUW_Round5_2025.pdf
IGDTUW,2025,R5,Round5,Delhi,DMAM,OBC,Gender-Neutral,450146,IGDTUW_Round5_2025.pdf
IGDTUW,2025,R5,Round5,Delhi,MAC,OBC,Gender-Neutral,306445,IGDTUW_Round5_2025.pdf
IGDTUW,2025,R5,Round5,Delhi,B.Arch,OBC,Gender-Neutral,18619,IGDTUW_Round5_2025.pdf
IGDTUW,2025,R5,Round5,Delhi,CSE-AI,OBC,Gender-Neutral,324939,IGDTUW_Round5_2025.pdf
IGDTUW,2025,R5,Round5,Delhi,CSE,OBC,Gender-Neutral,371303,IGDTUW_Round5_2025.pdf
IGDTUW,2025,R5,Round5,Delhi,ECE-AI,OBC,Gender-Neutral,423703,IGDTUW_Round5_2025.pdf
IGDTUW,2025,R5,Round5,Delhi,ECE,OBC,Gender-Neutral,448138,IGDTUW_Round5_2025.pdf
IGDTUW,2025,R5,Round5,Delhi,IT,OBC,Gender-Neutral,396019,IGDTUW_Round5_2025.pdf
IGDTUW,2025,R5,Round5,Delhi,AIML,OBC,Gender-Neutral,377508,IGDTUW_Round5_2025.pdf
IGDTUW,2025,R5,Round5,Delhi,MAE,OBC,Gender-Neutral,491287,IGDTUW_Round5_2025.pdf
IGDTUW,2025,R5,Round5,Delhi,MAC,OBC,Gender-Neutral,479854,IGDTUW_Round5_2025.pdf
IGDTUW,2025,R5,Round5,Delhi,CSE-AI,EWS,Gender-Neutral,90958,IGDTUW_Round5_2025.pdf
IGDTUW,2025,R5,Round5,Delhi,CSE,EWS,Gender-Neutral,118163,IGDTUW_Round5_2025.pdf
IGDTUW,2025,R5,Round5,Delhi,ECE-AI,EWS,Gender-Neutral,183883,IGDTUW_Round5_2025.pdf
IGDTUW,2025,R5,Round5,Delhi,ECE,EWS,Gender-Neutral,192517,IGDTUW_Round5_2025.pdf
IGDTUW,2025,R5,Round5,Delhi,IT,EWS,Gender-Neutral,151085,IGDTUW_Round5_2025.pdf
IGDTUW,2025,R5,Round5,Delhi,AIML,EWS,Gender-Neutral,135852,IGDTUW_Round5_2025.pdf
IGDTUW,2025,R5,Round5,Delhi,MAE,EWS,Gender-Neutral,244309,IGDTUW_Round5_2025.pdf
IGDTUW,2025,R5,Round5,Delhi,DMAM,EWS,Gender-Neutral,245925,IGDTUW_Round5_2025.pdf
IGDTUW,2025,R5,Round5,Delhi,MAC,EWS,Gender-Neutral,163983,IGDTUW_Round5_2025.pdf
IGDTUW,2025,R5,Round5,Delhi,B.Arch,EWS,Gender-Neutral,18377,IGDTUW_Round5_2025.pdf
IGDTUW,2025,R5,Round5,Delhi,CSE-AI,EWS,Defense-CW,305236,IGDTUW_Round5_2025.pdf
IGDTUW,2025,R5,Round5,Delhi,CSE,EWS,Defense-CW,297111,IGDTUW_Round5_2025.pdf
IGDTUW,2025,R5,Round5,Delhi,ECE-AI,EWS,Defense-CW,556266,IGDTUW_Round5_2025.pdf
IGDTUW,2025,R5,Round5,Delhi,AIML,EWS,Defense-CW,638944,IGDTUW_Round5_2025.pdf
IGDTUW,2025,R5,Round5,Delhi,MAE,EWS,Defense-CW,273427,IGDTUW_Round5_2025.pdf
IGDTUW,2025,R5,Round5,Outside-Delhi,CSE-AI,General,Gender-Neutral,23158,IGDTUW_Round5_2025.pdf
IGDTUW,2025,R5,Round5,Outside-Delhi,CSE,General,Gender-Neutral,20667,IGDTUW_Round5_2025.pdf
IGDTUW,2025,R5,Round5,Outside-Delhi,ECE-AI,General,Gender-Neutral,27368,IGDTUW_Round5_2025.pdf
IGDTUW,2025,R5,Round5,Outside-Delhi,ECE,General,Gender-Neutral,27449,IGDTUW_Round5_2025.pdf
IGDTUW,2025,R5,Round5,Outside-Delhi,IT,General,Gender-Neutral,25486,IGDTUW_Round5_2025.pdf
IGDTUW,2025,R5,Round5,Outside-Delhi,AIML,General,Gender-Neutral,25326,IGDTUW_Round5_2025.pdf
IGDTUW,2025,R5,Round5,Outside-Delhi,MAE,General,Gender-Neutral,30228,IGDTUW_Round5_2025.pdf
IGDTUW,2025,R5,Round5,Outside-Delhi,DMAM,General,Gender-Neutral,31577,IGDTUW_Round5_2025.pdf
IGDTUW,2025,R5,Round5,Outside-Delhi,MAC,General,Gender-Neutral,26176,IGDTUW_Round5_2025.pdf
IGDTUW,2025,R5,Round5,Outside-Delhi,B.Arch,General,Gender-Neutral,1129,IGDTUW_Round5_2025.pdf
IGDTUW,2025,R5,Round5,Outside-Delhi,CSE-AI,General,Defense-CW,99379,IGDTUW_Round5_2025.pdf
IGDTUW,2025,R5,Round5,Outside-Delhi,CSE,General,Defense-CW,162681,IGDTUW_Round5_2025.pdf
IGDTUW,2025,R5,Round5,Outside-Delhi,ECE-AI,General,Defense-CW,170117,IGDTUW_Round5_2025.pdf
IGDTUW,2025,R5,Round5,Outside-Delhi,B.Arch,General,Defense-CW,5527,IGDTUW_Round5_2025.pdf
IGDTUW,2025,R5,Round5,Outside-Delhi,CSE-AI,General,PwD,156220,IGDTUW_Round5_2025.pdf
IGDTUW,2025,R5,Round5,Outside-Delhi,CSE,General,PwD,130295,IGDTUW_Round5_2025.pdf
IGDTUW,2025,R5,Round5,Outside-Delhi,ECE,General,PwD,263399,IGDTUW_Round5_2025.pdf
IGDTUW,2025,R5,Round5,Outside-Delhi,IT,General,PwD,183061,IGDTUW_Round5_2025.pdf
IGDTUW,2025,R5,Round5,Outside-Delhi,CSE-AI,SC,Gender-Neutral,171651,IGDTUW_Round5_2025.pdf
IGDTUW,2025,R5,Round5,Outside-Delhi,CSE,SC,Gender-Neutral,159820,IGDTUW_Round5_2025.pdf
IGDTUW,2025,R5,Round5,Outside-Delhi,ECE-AI,SC,Gender-Neutral,190655,IGDTUW_Round5_2025.pdf
IGDTUW,2025,R5,Round5,Outside-Delhi,ECE,SC,Gender-Neutral,189771,IGDTUW_Round5_2025.pdf
IGDTUW,2025,R5,Round5,Outside-Delhi,IT,SC,Gender-Neutral,181040,IGDTUW_Round5_2025.pdf
IGDTUW,2025,R5,Round5,Outside-Delhi,AIML,SC,Gender-Neutral,185443,IGDTUW_Round5_2025.pdf
IGDTUW,2025,R5,Round5,Outside-Delhi,MAE,SC,Gender-Neutral,193338,IGDTUW_Round5_2025.pdf
IGDTUW,2025,R5,Round5,Outside-Delhi,DMAM,SC,Gender-Neutral,206949,IGDTUW_Round5_2025.pdf
IGDTUW,2025,R5,Round5,Outside-Delhi,MAC,SC,Gender-Neutral,190705,IGDTUW_Round5_2025.pdf
IGDTUW,2025,R5,Round5,Outside-Delhi,IT,SC,Defense-CW,181214,IGDTUW_Round5_2025.pdf
IGDTUW,2025,R5,Round5,Outside-Delhi,CSE-AI,ST,Gender-Neutral,240177,IGDTUW_Round5_2025.pdf
IGDTUW,2025,R5,Round5,Outside-Delhi,CSE,ST,Gender-Neutral,298847,IGDTUW_Round5_2025.pdf
IGDTUW,2025,R5,Round5,Outside-Delhi,ECE-AI,ST,Gender-Neutral,362325,IGDTUW_Round5_2025.pdf
IGDTUW,2025,R5,Round5,Outside-Delhi,ECE,ST,Gender-Neutral,237746,IGDTUW_Round5_2025.pdf
IGDTUW,2025,R5,Round5,Outside-Delhi,IT,ST,Gender-Neutral,339001,IGDTUW_Round5_2025.pdf
IGDTUW,2025,R5,Round5,Outside-Delhi,AIML,ST,Gender-Neutral,301035,IGDTUW_Round5_2025.pdf
IGDTUW,2025,R5,Round5,Outside-Delhi,MAE,ST,Gender-Neutral,385313,IGDTUW_Round5_2025.pdf
IGDTUW,2025,R5,Round5,Outside-Delhi,MAC,ST,Gender-Neutral,356418,IGDTUW_Round5_2025.pdf
IGDTUW,2025,R5,Round5,Outside-Delhi,B.Arch,ST,Gender-Neutral,8691,IGDTUW_Round5_2025.pdf
IGDTUW,2025,R5,Round5,Outside-Delhi,CSE-AI,OBC,Gender-Neutral,48607,IGDTUW_Round5_2025.pdf
IGDTUW,2025,R5,Round5,Outside-Delhi,CSE,OBC,Gender-Neutral,44123,IGDTUW_Round5_2025.pdf
IGDTUW,2025,R5,Round5,Outside-Delhi,ECE-AI,OBC,Gender-Neutral,55626,IGDTUW_Round5_2025.pdf
IGDTUW,2025,R5,Round5,Outside-Delhi,ECE,OBC,Gender-Neutral,53744,IGDTUW_Round5_2025.pdf
IGDTUW,2025,R5,Round5,Outside-Delhi,IT,OBC,Gender-Neutral,50746,IGDTUW_Round5_2025.pdf
IGDTUW,2025,R5,Round5,Outside-Delhi,AIML,OBC,Gender-Neutral,51611,IGDTUW_Round5_2025.pdf
IGDTUW,2025,R5,Round5,Outside-Delhi,MAE,OBC,Gender-Neutral,59229,IGDTUW_Round5_2025.pdf
IGDTUW,2025,R5,Round5,Outside-Delhi,DMAM,OBC,Gender-Neutral,57384,IGDTUW_Round5_2025.pdf
IGDTUW,2025,R5,Round5,Outside-Delhi,MAC,OBC,Gender-Neutral,53447,IGDTUW_Round5_2025.pdf
IGDTUW,2025,R5,Round5,Outside-Delhi,B.Arch,OBC,Gender-Neutral,3307,IGDTUW_Round5_2025.pdf
IGDTUW,2025,R5,Round5,Outside-Delhi,CSE-AI,OBC,Defense-CW,373417,IGDTUW_Round5_2025.pdf
IGDTUW,2025,R5,Round5,Outside-Delhi,IT,OBC,Defense-CW,919670,IGDTUW_Round5_2025.pdf
IGDTUW,2025,R5,Round5,Outside-Delhi,MAE,OBC,Defense-CW,68346,IGDTUW_Round5_2025.pdf
IGDTUW,2025,R5,Round5,Outside-Delhi,CSE,OBC,PwD,877504,IGDTUW_Round5_2025.pdf
IGDTUW,2025,R5,Round5,Outside-Delhi,ECE-AI,OBC,PwD,696244,IGDTUW_Round5_2025.pdf
IGDTUW,2025,R5,Round5,Outside-Delhi,CSE-AI,EWS,Gender-Neutral,32454,IGDTUW_Round5_2025.pdf
IGDTUW,2025,R5,Round5,Outside-Delhi,CSE,EWS,Gender-Neutral,29387,IGDTUW_Round5_2025.pdf
IGDTUW,2025,R5,Round5,Outside-Delhi,ECE-AI,EWS,Gender-Neutral,38849,IGDTUW_Round5_2025.pdf
IGDTUW,2025,R5,Round5,Outside-Delhi,ECE,EWS,Gender-Neutral,36953,IGDTUW_Round5_2025.pdf
IGDTUW,2025,R5,Round5,Outside-Delhi,IT,EWS,Gender-Neutral,32978,IGDTUW_Round5_2025.pdf
IGDTUW,2025,R5,Round5,Outside-Delhi,AIML,EWS,Gender-Neutral,33019,IGDTUW_Round5_2025.pdf
IGDTUW,2025,R5,Round5,Outside-Delhi,MAE,EWS,Gender-Neutral,40700,IGDTUW_Round5_2025.pdf
IGDTUW,2025,R5,Round5,Outside-Delhi,MAC,EWS,Gender-Neutral,35532,IGDTUW_Round5_2025.pdf
IGDTUW,2025,R5,Round5,Outside-Delhi,AIML,EWS,Defense-CW,116909,IGDTUW_Round5_2025.pdf
IIITD,2025,R1,Round1,Delhi,CSAM,OBC,Defense-CW,109496,IIITD_Round1_2025.pdf
IIITD,2025,R1,Round1,Delhi,CSAI,OBC,Defense-CW,91530,IIITD_Round1_2025.pdf
IIITD,2025,R1,Round1,Delhi,CSB,OBC,Defense-CW,184820,IIITD_Round1_2025.pdf
IIITD,2025,R1,Round1,Delhi,CSD,OBC,Defense-CW,165058,IIITD_Round1_2025.pdf
IIITD,2025,R1,Round1,Delhi,CSE,OBC,Defense-CW,58795,IIITD_Round1_2025.pdf
IIITD,2025,R1,Round1,Delhi,CSSS,OBC,Defense-CW,199851,IIITD_Round1_2025.pdf
IIITD,2025,R1,Round1,Delhi,ECE,OBC,Defense-CW,208940,IIITD_Round1_2025.pdf
IIITD,2025,R1,Round1,Delhi,EVE,OBC,Defense-CW,270555,IIITD_Round1_2025.pdf
IIITD,2025,R1,Round1,Delhi,CSAM,OBC,Gender-Neutral,77936,IIITD_Round1_2025.pdf
IIITD,2025,R1,Round1,Delhi,CSAI,OBC,Gender-Neutral,33753,IIITD_Round1_2025.pdf
IIITD,2025,R1,Round1,Delhi,CSB,OBC,Gender-Neutral,111060,IIITD_Round1_2025.pdf
IIITD,2025,R1,Round1,Delhi,CSD,OBC,Gender-Neutral,78924,IIITD_Round1_2025.pdf
IIITD,2025,R1,Round1,Delhi,CSEcon,OBC,Gender-Neutral,96040,IIITD_Round1_2025.pdf
IIITD,2025,R1,Round1,Delhi,CSE,OBC,Gender-Neutral,53498,IIITD_Round1_2025.pdf
IIITD,2025,R1,Round1,Delhi,CSSS,OBC,Gender-Neutral,108192,IIITD_Round1_2025.pdf
IIITD,2025,R1,Round1,Delhi,ECE,OBC,Gender-Neutral,111125,IIITD_Round1_2025.pdf
IIITD,2025,R1,Round1,Delhi,EVE,OBC,Gender-Neutral,123511,IIITD_Round1_2025.pdf
IIITD,2025,R1,Round1,Outside-Delhi,CSAM,OBC,Gender-Neutral,10994,IIITD_Round1_2025.pdf
IIITD,2025,R1,Round1,Outside-Delhi,CSAI,OBC,Gender-Neutral,9906,IIITD_Round1_2025.pdf
IIITD,2025,R1,Round1,Outside-Delhi,CSB,OBC,Gender-Neutral,16560,IIITD_Round1_2025.pdf
IIITD,2025,R1,Round1,Outside-Delhi,CSD,OBC,Gender-Neutral,13289,IIITD_Round1_2025.pdf
IIITD,2025,R1,Round1,Outside-Delhi,CSEcon,OBC,Gender-Neutral,10448,IIITD_Round1_2025.pdf
IIITD,2025,R1,Round1,Outside-Delhi,CSE,OBC,Gender-Neutral,8671,IIITD_Round1_2025.pdf
IIITD,2025,R1,Round1,Outside-Delhi,CSSS,OBC,Gender-Neutral,13969,IIITD_Round1_2025.pdf
IIITD,2025,R1,Round1,Outside-Delhi,ECE,OBC,Gender-Neutral,13745,IIITD_Round1_2025.pdf
IIITD,2025,R1,Round1,Outside-Delhi,EVE,OBC,Gender-Neutral,16242,IIITD_Round1_2025.pdf
IIITD,2025,R1,Round1,Delhi,CSAI,EWS,Defense-CW,102477,IIITD_Round1_2025.pdf
IIITD,2025,R1,Round1,Delhi,CSE,EWS,Defense-CW,56259,IIITD_Round1_2025.pdf
IIITD,2025,R1,Round1,Delhi,EVE,EWS,Defense-CW,256763,IIITD_Round1_2025.pdf
IIITD,2025,R1,Round1,Delhi,CSAM,EWS,Gender-Neutral,44339,IIITD_Round1_2025.pdf
IIITD,2025,R1,Round1,Delhi,CSAI,EWS,Gender-Neutral,22897,IIITD_Round1_2025.pdf
IIITD,2025,R1,Round1,Delhi,CSB,EWS,Gender-Neutral,53766,IIITD_Round1_2025.pdf
IIITD,2025,R1,Round1,Delhi,CSD,EWS,Gender-Neutral,46460,IIITD_Round1_2025.pdf
IIITD,2025,R1,Round1,Delhi,CSEcon,EWS,Gender-Neutral,46621,IIITD_Round1_2025.pdf
IIITD,2025,R1,Round1,Delhi,CSE,EWS,Gender-Neutral,33773,IIITD_Round1_2025.pdf
IIITD,2025,R1,Round1,Delhi,CSSS,EWS,Gender-Neutral,53116,IIITD_Round1_2025.pdf
IIITD,2025,R1,Round1,Delhi,ECE,EWS,Gender-Neutral,57242,IIITD_Round1_2025.pdf
IIITD,2025,R1,Round1,Delhi,EVE,EWS,Gender-Neutral,60649,IIITD_Round1_2025.pdf
IIITD,2025,R1,Round1,Outside-Delhi,CSAM,EWS,Gender-Neutral,8557,IIITD_Round1_2025.pdf
IIITD,2025,R1,Round1,Outside-Delhi,CSAI,EWS,Gender-Neutral,5127,IIITD_Round1_2025.pdf
IIITD,2025,R1,Round1,Outside-Delhi,CSB,EWS,Gender-Neutral,10708,IIITD_Round1_2025.pdf
IIITD,2025,R1,Round1,Outside-Delhi,CSD,EWS,Gender-Neutral,6973,IIITD_Round1_2025.pdf
IIITD,2025,R1,Round1,Outside-Delhi,CSE,EWS,Gender-Neutral,5252,IIITD_Round1_2025.pdf
IIITD,2025,R1,Round1,Outside-Delhi,CSSS,EWS,Gender-Neutral,10091,IIITD_Round1_2025.pdf
IIITD,2025,R1,Round1,Outside-Delhi,ECE,EWS,Gender-Neutral,11217,IIITD_Round1_2025.pdf
IIITD,2025,R1,Round1,Outside-Delhi,EVE,EWS,Gender-Neutral,10584,IIITD_Round1_2025.pdf
IIITD,2025,R1,Round1,Delhi,CSAI,EWS,PwD,327036,IIITD_Round1_2025.pdf
IIITD,2025,R1,Round1,Delhi,CSE,EWS,PwD,305705,IIITD_Round1_2025.pdf
IIITD,2025,R1,Round1,Delhi,CSAM,General,Kashmiri-Migrant,23399,IIITD_Round1_2025.pdf
IIITD,2025,R1,Round1,Delhi,CSAI,General,Kashmiri-Migrant,542419,IIITD_Round1_2025.pdf
IIITD,2025,R1,Round1,Delhi,CSB,General,Kashmiri-Migrant,47724,IIITD_Round1_2025.pdf
IIITD,2025,R1,Round1,Delhi,CSD,General,Kashmiri-Migrant,23723,IIITD_Round1_2025.pdf
IIITD,2025,R1,Round1,Delhi,CSEcon,General,Kashmiri-Migrant,24710,IIITD_Round1_2025.pdf
IIITD,2025,R1,Round1,Delhi,CSE,General,Kashmiri-Migrant,20707,IIITD_Round1_2025.pdf
IIITD,2025,R1,Round1,Delhi,CSSS,General,Kashmiri-Migrant,46784,IIITD_Round1_2025.pdf
IIITD,2025,R1,Round1,Delhi,ECE,General,Kashmiri-Migrant,22141,IIITD_Round1_2025.pdf
IIITD,2025,R1,Round1,Delhi,EVE,General,Kashmiri-Migrant,29974,IIITD_Round1_2025.pdf
IIITD,2025,R1,Round1,Delhi,CSAM,General,Defense-CW,90071,IIITD_Round1_2025.pdf
IIITD,2025,R1,Round1,Delhi,CSAI,General,Defense-CW,20334,IIITD_Round1_2025.pdf
IIITD,2025,R1,Round1,Delhi,CSB,General,Defense-CW,41403,IIITD_Round1_2025.pdf
IIITD,2025,R1,Round1,Delhi,CSD,General,Defense-CW,853884,IIITD_Round1_2025.pdf
IIITD,2025,R1,Round1,Delhi,CSEcon,General,Defense-CW,18459,IIITD_Round1_2025.pdf
IIITD,2025,R1,Round1,Delhi,CSE,General,Defense-CW,137744,IIITD_Round1_2025.pdf
IIITD,2025,R1,Round1,Delhi,CSSS,General,Defense-CW,42336,IIITD_Round1_2025.pdf
IIITD,2025,R1,Round1,Delhi,ECE,General,Defense-CW,24086,IIITD_Round1_2025.pdf
IIITD,2025,R1,Round1,Delhi,EVE,General,Defense-CW,43176,IIITD_Round1_2025.pdf
IIITD,2025,R1,Round1,Delhi,CSAM,General,Gender-Neutral,7441,IIITD_Round1_2025.pdf
IIITD,2025,R1,Round1,Delhi,CSAI,General,Gender-Neutral,2699,IIITD_Round1_2025.pdf
IIITD,2025,R1,Round1,Delhi,CSB,General,Gender-Neutral,16098,IIITD_Round1_2025.pdf
IIITD,2025,R1,Round1,Delhi,CSD,General,Gender-Neutral,9594,IIITD_Round1_2025.pdf
IIITD,2025,R1,Round1,Delhi,CSEcon,General,Gender-Neutral,7429,IIITD_Round1_2025.pdf
IIITD,2025,R1,Round1,Delhi,CSE,General,Gender-Neutral,4351,IIITD_Round1_2025.pdf
IIITD,2025,R1,Round1,Delhi,CSSS,General,Gender-Neutral,13365,IIITD_Round1_2025.pdf
IIITD,2025,R1,Round1,Delhi,ECE,General,Gender-Neutral,16960,IIITD_Round1_2025.pdf
IIITD,2025,R1,Round1,Delhi,EVE,General,Gender-Neutral,20531,IIITD_Round1_2025.pdf
IIITD,2025,R1,Round1,Outside-Delhi,CSAM,General,Gender-Neutral,2288,IIITD_Round1_2025.pdf
IIITD,2025,R1,Round1,Outside-Delhi,CSAI,General,Gender-Neutral,1675,IIITD_Round1_2025.pdf
IIITD,2025,R1,Round1,Outside-Delhi,CSB,General,Gender-Neutral,5717,IIITD_Round1_2025.pdf
IIITD,2025,R1,Round1,Outside-Delhi,CSD,General,Gender-Neutral,3898,IIITD_Round1_2025.pdf
IIITD,2025,R1,Round1,Outside-Delhi,CSEcon,General,Gender-Neutral,4855,IIITD_Round1_2025.pdf
IIITD,2025,R1,Round1,Outside-Delhi,CSE,General,Gender-Neutral,1243,IIITD_Round1_2025.pdf
IIITD,2025,R1,Round1,Outside-Delhi,CSSS,General,Gender-Neutral,5397,IIITD_Round1_2025.pdf
IIITD,2025,R1,Round1,Outside-Delhi,ECE,General,Gender-Neutral,3250,IIITD_Round1_2025.pdf
IIITD,2025,R1,Round1,Outside-Delhi,EVE,General,Gender-Neutral,5979,IIITD_Round1_2025.pdf
IIITD,2025,R1,Round1,Delhi,CSAM,General,PwD,191678,IIITD_Round1_2025.pdf
IIITD,2025,R1,Round1,Delhi,CSAI,General,PwD,21984,IIITD_Round1_2025.pdf
IIITD,2025,R1,Round1,Delhi,CSB,General,PwD,346638,IIITD_Round1_2025.pdf
IIITD,2025,R1,Round1,Delhi,CSD,General,PwD,364582,IIITD_Round1_2025.pdf
IIITD,2025,R1,Round1,Delhi,CSEcon,General,PwD,373932,IIITD_Round1_2025.pdf
IIITD,2025,R1,Round1,Delhi,CSE,General,PwD,164943,IIITD_Round1_2025.pdf
IIITD,2025,R1,Round1,Delhi,CSSS,General,PwD,433038,IIITD_Round1_2025.pdf
IIITD,2025,R1,Round1,Delhi,ECE,General,PwD,197313,IIITD_Round1_2025.pdf
IIITD,2025,R1,Round1,Delhi,EVE,General,PwD,458067,IIITD_Round1_2025.pdf
IIITD,2025,R1,Round1,Delhi,CSAM,SC,Defense-CW,550673,IIITD_Round1_2025.pdf
IIITD,2025,R1,Round1,Delhi,CSB,SC,Defense-CW,631388,IIITD_Round1_2025.pdf
IIITD,2025,R1,Round1,Delhi,CSE,SC,Defense-CW,152965,IIITD_Round1_2025.pdf
IIITD,2025,R1,Round1,Delhi,CSAM,SC,Gender-Neutral,165771,IIITD_Round1_2025.pdf
IIITD,2025,R1,Round1,Delhi,CSAI,SC,Gender-Neutral,79830,IIITD_Round1_2025.pdf
IIITD,2025,R1,Round1,Delhi,CSB,SC,Gender-Neutral,199264,IIITD_Round1_2025.pdf
IIITD,2025,R1,Round1,Delhi,CSD,SC,Gender-Neutral,170982,IIITD_Round1_2025.pdf
IIITD,2025,R1,Round1,Delhi,CSEcon,SC,Gender-Neutral,178256,IIITD_Round1_2025.pdf
IIITD,2025,R1,Round1,Delhi,CSE,SC,Gender-Neutral,109168,IIITD_Round1_2025.pdf
IIITD,2025,R1,Round1,Delhi,CSSS,SC,Gender-Neutral,186117,IIITD_Round1_2025.pdf
IIITD,2025,R1,Round1,Delhi,ECE,SC,Gender-Neutral,202142,IIITD_Round1_2025.pdf
IIITD,2025,R1,Round1,Delhi,EVE,SC,Gender-Neutral,249271,IIITD_Round1_2025.pdf
IIITD,2025,R1,Round1,Outside-Delhi,CSAM,SC,Gender-Neutral,49984,IIITD_Round1_2025.pdf
IIITD,2025,R1,Round1,Outside-Delhi,CSAI,SC,Gender-Neutral,29955,IIITD_Round1_2025.pdf
IIITD,2025,R1,Round1,Outside-Delhi,CSB,SC,Gender-Neutral,71309,IIITD_Round1_2025.pdf
IIITD,2025,R1,Round1,Outside-Delhi,CSD,SC,Gender-Neutral,50852,IIITD_Round1_2025.pdf
IIITD,2025,R1,Round1,Outside-Delhi,CSE,SC,Gender-Neutral,44134,IIITD_Round1_2025.pdf
IIITD,2025,R1,Round1,Outside-Delhi,CSSS,SC,Gender-Neutral,68362,IIITD_Round1_2025.pdf
IIITD,2025,R1,Round1,Outside-Delhi,ECE,SC,Gender-Neutral,64321,IIITD_Round1_2025.pdf
IIITD,2025,R1,Round1,Outside-Delhi,EVE,SC,Gender-Neutral,74741,IIITD_Round1_2025.pdf
IIITD,2025,R1,Round1,Delhi,CSE,ST,Defense-CW,476260,IIITD_Round1_2025.pdf
IIITD,2025,R1,Round1,Delhi,CSAM,ST,Gender-Neutral,776601,IIITD_Round1_2025.pdf
IIITD,2025,R1,Round1,Delhi,CSAI,ST,Gender-Neutral,563577,IIITD_Round1_2025.pdf
IIITD,2025,R1,Round1,Delhi,CSB,ST,Gender-Neutral,1133911,IIITD_Round1_2025.pdf
IIITD,2025,R1,Round1,Delhi,CSD,ST,Gender-Neutral,960804,IIITD_Round1_2025.pdf
IIITD,2025,R1,Round1,Delhi,CSEcon,ST,Gender-Neutral,593505,IIITD_Round1_2025.pdf
IIITD,2025,R1,Round1,Delhi,CSE,ST,Gender-Neutral,333378,IIITD_Round1_2025.pdf
IIITD,2025,R1,Round1,Delhi,CSSS,ST,Gender-Neutral,1092371,IIITD_Round1_2025.pdf
IIITD,2025,R1,Round1,Delhi,ECE,ST,Gender-Neutral,830181,IIITD_Round1_2025.pdf
IIITD,2025,R1,Round1,Outside-Delhi,CSAM,ST,Gender-Neutral,119199,IIITD_Round1_2025.pdf
IIITD,2025,R1,Round1,Outside-Delhi,CSAI,ST,Gender-Neutral,104397,IIITD_Round1_2025.pdf
IIITD,2025,R1,Round1,Outside-Delhi,CSB,ST,Gender-Neutral,146363,IIITD_Round1_2025.pdf
IIITD,2025,R1,Round1,Outside-Delhi,CSD,ST,Gender-Neutral,130882,IIITD_Round1_2025.pdf
IIITD,2025,R1,Round1,Outside-Delhi,CSE,ST,Gender-Neutral,19605,IIITD_Round1_2025.pdf
IIITD,2025,R1,Round1,Outside-Delhi,CSSS,ST,Gender-Neutral,162475,IIITD_Round1_2025.pdf
IIITD,2025,R1,Round1,Outside-Delhi,ECE,ST,Gender-Neutral,133390,IIITD_Round1_2025.pdf
IIITD,2025,R1,Round1,Outside-Delhi,EVE,ST,Gender-Neutral,149862,IIITD_Round1_2025.pdf
IIITD,2025,R1,Round1,Delhi,CSE,ST,PwD,1360515,IIITD_Round1_2025.pdf
IIITD,2025,R1,Round1,Delhi,CSE,EWS,Gender-Neutral,27670,IIITD_Round1_2025.pdf
IIITD,2025,R1,Round1,Delhi,CSAM,General,Gender-Neutral,20194,IIITD_Round1_2025.pdf
IIITD,2025,R1,Round1,Delhi,CSAI,General,Gender-Neutral,29567,IIITD_Round1_2025.pdf
IIITD,2025,R1,Round1,Delhi,CSE,General,Gender-Neutral,19158,IIITD_Round1_2025.pdf
IIITD,2025,R1,Round1,Delhi,ECE,General,Gender-Neutral,31355,IIITD_Round1_2025.pdf
IIITD,2025,R1,Round1,Delhi,EVE,General,Gender-Neutral,8096,IIITD_Round1_2025.pdf
IIITD,2025,R1,Round1,Outside-Delhi,CSAM,General,Gender-Neutral,17553,IIITD_Round1_2025.pdf
IIITD,2025,R1,Round1,Outside-Delhi,CSAI,General,Gender-Neutral,15670,IIITD_Round1_2025.pdf
IIITD,2025,R1,Round1,Outside-Delhi,CSEcon,General,Gender-Neutral,19934,IIITD_Round1_2025.pdf
IIITD,2025,R1,Round1,Outside-Delhi,CSE,General,Gender-Neutral,8171,IIITD_Round1_2025.pdf
IIITD,2025,R1,Round1,Delhi,CSE,General,PwD,121136,IIITD_Round1_2025.pdf
IIITD,2025,R2,Round2,Delhi,CSAM,OBC,Defense-CW,141521,IIITD_Round2_2025.pdf
IIITD,2025,R2,Round2,Delhi,CSAI,OBC,Defense-CW,137030,IIITD_Round2_2025.pdf
IIITD,2025,R2,Round2,Delhi,CSB,OBC,Defense-CW,184820,IIITD_Round2_2025.pdf
IIITD,2025,R2,Round2,Delhi,CSD,OBC,Defense-CW,165058,IIITD_Round2_2025.pdf
IIITD,2025,R2,Round2,Delhi,CSE,OBC,Defense-CW,91530,IIITD_Round2_2025.pdf
IIITD,2025,R2,Round2,Delhi,CSSS,OBC,Defense-CW,181575,IIITD_Round2_2025.pdf
IIITD,2025,R2,Round2,Delhi,ECE,OBC,Defense-CW,208940,IIITD_Round2_2025.pdf
IIITD,2025,R2,Round2,Delhi,EVE,OBC,Defense-CW,270555,IIITD_Round2_2025.pdf
IIITD,2025,R2,Round2,Delhi,CSAM,OBC,Gender-Neutral,77936,IIITD_Round2_2025.pdf
IIITD,2025,R2,Round2,Delhi,CSAI,OBC,Gender-Neutral,48749,IIITD_Round2_2025.pdf
IIITD,2025,R2,Round2,Delhi,CSB,OBC,Gender-Neutral,117638,IIITD_Round2_2025.pdf
IIITD,2025,R2,Round2,Delhi,CSD,OBC,Gender-Neutral,83766,IIITD_Round2_2025.pdf
IIITD,2025,R2,Round2,Delhi,CSEcon,OBC,Gender-Neutral,96040,IIITD_Round2_2025.pdf
IIITD,2025,R2,Round2,Delhi,CSE,OBC,Gender-Neutral,63735,IIITD_Round2_2025.pdf
IIITD,2025,R2,Round2,Delhi,CSSS,OBC,Gender-Neutral,122088,IIITD_Round2_2025.pdf
IIITD,2025,R2,Round2,Delhi,ECE,OBC,Gender-Neutral,123511,IIITD_Round2_2025.pdf
IIITD,2025,R2,Round2,Delhi,EVE,OBC,Gender-Neutral,131186,IIITD_Round2_2025.pdf
IIITD,2025,R2,Round2,Outside-Delhi,CSAM,OBC,Gender-Neutral,14245,IIITD_Round2_2025.pdf
IIITD,2025,R2,Round2,Outside-Delhi,CSAI,OBC,Gender-Neutral,13207,IIITD_Round2_2025.pdf
IIITD,2025,R2,Round2,Outside-Delhi,CSB,OBC,Gender-Neutral,18185,IIITD_Round2_2025.pdf
IIITD,2025,R2,Round2,Outside-Delhi,CSD,OBC,Gender-Neutral,16242,IIITD_Round2_2025.pdf
IIITD,2025,R2,Round2,Outside-Delhi,CSEcon,OBC,Gender-Neutral,14637,IIITD_Round2_2025.pdf
IIITD,2025,R2,Round2,Outside-Delhi,CSE,OBC,Gender-Neutral,12144,IIITD_Round2_2025.pdf
IIITD,2025,R2,Round2,Outside-Delhi,CSSS,OBC,Gender-Neutral,17627,IIITD_Round2_2025.pdf
IIITD,2025,R2,Round2,Outside-Delhi,ECE,OBC,Gender-Neutral,17154,IIITD_Round2_2025.pdf
IIITD,2025,R2,Round2,Outside-Delhi,EVE,OBC,Gender-Neutral,19755,IIITD_Round2_2025.pdf
IIITD,2025,R2,Round2,Delhi,CSE,OBC,PwD,1081368,IIITD_Round2_2025.pdf
IIITD,2025,R2,Round2,Delhi,CSAI,EWS,Defense-CW,60647,IIITD_Round2_2025.pdf
IIITD,2025,R2,Round2,Delhi,CSE,EWS,Defense-CW,56259,IIITD_Round2_2025.pdf
IIITD,2025,R2,Round2,Delhi,EVE,EWS,Defense-CW,256763,IIITD_Round2_2025.pdf
IIITD,2025,R2,Round2,Delhi,CSAM,EWS,Gender-Neutral,44570,IIITD_Round2_2025.pdf
IIITD,2025,R2,Round2,Delhi,CSAI,EWS,Gender-Neutral,22897,IIITD_Round2_2025.pdf
IIITD,2025,R2,Round2,Delhi,CSB,EWS,Gender-Neutral,56347,IIITD_Round2_2025.pdf
IIITD,2025,R2,Round2,Delhi,CSD,EWS,Gender-Neutral,51410,IIITD_Round2_2025.pdf
IIITD,2025,R2,Round2,Delhi,CSEcon,EWS,Gender-Neutral,45929,IIITD_Round2_2025.pdf
IIITD,2025,R2,Round2,Delhi,CSE,EWS,Gender-Neutral,34744,IIITD_Round2_2025.pdf
IIITD,2025,R2,Round2,Delhi,CSSS,EWS,Gender-Neutral,58176,IIITD_Round2_2025.pdf
IIITD,2025,R2,Round2,Delhi,ECE,EWS,Gender-Neutral,60861,IIITD_Round2_2025.pdf
IIITD,2025,R2,Round2,Delhi,EVE,EWS,Gender-Neutral,63972,IIITD_Round2_2025.pdf
IIITD,2025,R2,Round2,Outside-Delhi,CSAM,EWS,Gender-Neutral,10659,IIITD_Round2_2025.pdf
IIITD,2025,R2,Round2,Outside-Delhi,CSAI,EWS,Gender-Neutral,9321,IIITD_Round2_2025.pdf
IIITD,2025,R2,Round2,Outside-Delhi,CSB,EWS,Gender-Neutral,11956,IIITD_Round2_2025.pdf
IIITD,2025,R2,Round2,Outside-Delhi,CSD,EWS,Gender-Neutral,10708,IIITD_Round2_2025.pdf
IIITD,2025,R2,Round2,Outside-Delhi,CSE,EWS,Gender-Neutral,8685,IIITD_Round2_2025.pdf
IIITD,2025,R2,Round2,Outside-Delhi,CSSS,EWS,Gender-Neutral,11919,IIITD_Round2_2025.pdf
IIITD,2025,R2,Round2,Outside-Delhi,ECE,EWS,Gender-Neutral,13531,IIITD_Round2_2025.pdf
IIITD,2025,R2,Round2,Outside-Delhi,EVE,EWS,Gender-Neutral,14128,IIITD_Round2_2025.pdf
IIITD,2025,R2,Round2,Delhi,CSAI,EWS,PwD,327036,IIITD_Round2_2025.pdf
IIITD,2025,R2,Round2,Delhi,CSE,EWS,PwD,305705,IIITD_Round2_2025.pdf
IIITD,2025,R2,Round2,Delhi,CSAM,General,Kashmiri-Migrant,23399,IIITD_Round2_2025.pdf
IIITD,2025,R2,Round2,Delhi,CSAI,General,Kashmiri-Migrant,542419,IIITD_Round2_2025.pdf
IIITD,2025,R2,Round2,Delhi,CSB,General,Kashmiri-Migrant,47724,IIITD_Round2_2025.pdf
IIITD,2025,R2,Round2,Delhi,CSD,General,Kashmiri-Migrant,23723,IIITD_Round2_2025.pdf
IIITD,2025,R2,Round2,Delhi,CSEcon,General,Kashmiri-Migrant,24710,IIITD_Round2_2025.pdf
IIITD,2025,R2,Round2,Delhi,CSE,General,Kashmiri-Migrant,20707,IIITD_Round2_2025.pdf
IIITD,2025,R2,Round2,Delhi,CSSS,General,Kashmiri-Migrant,46784,IIITD_Round2_2025.pdf
IIITD,2025,R2,Round2,Delhi,ECE,General,Kashmiri-Migrant,22141,IIITD_Round2_2025.pdf
IIITD,2025,R2,Round2,Delhi,EVE,General,Kashmiri-Migrant,29974,IIITD_Round2_2025.pdf
IIITD,2025,R2,Round2,Delhi,CSAM,General,Defense-CW,90071,IIITD_Round2_2025.pdf
IIITD,2025,R2,Round2,Delhi,CSAI,General,Defense-CW,20334,IIITD_Round2_2025.pdf
IIITD,2025,R2,Round2,Delhi,CSB,General,Defense-CW,41403,IIITD_Round2_2025.pdf
IIITD,2025,R2,Round2,Delhi,CSD,General,Defense-CW,853884,IIITD_Round2_2025.pdf
IIITD,2025,R2,Round2,Delhi,CSEcon,General,Defense-CW,18459,IIITD_Round2_2025.pdf
IIITD,2025,R2,Round2,Delhi,CSE,General,Defense-CW,137744,IIITD_Round2_2025.pdf
IIITD,2025,R2,Round2,Delhi,CSSS,General,Defense-CW,42336,IIITD_Round2_2025.pdf
IIITD,2025,R2,Round2,Delhi,ECE,General,Defense-CW,43176,IIITD_Round2_2025.pdf
IIITD,2025,R2,Round2,Delhi,EVE,General,Defense-CW,47917,IIITD_Round2_2025.pdf
IIITD,2025,R2,Round2,Delhi,CSAM,General,Gender-Neutral,9923,IIITD_Round2_2025.pdf
IIITD,2025,R2,Round2,Delhi,CSAI,General,Gender-Neutral,29567,IIITD_Round2_2025.pdf
IIITD,2025,R2,Round2,Delhi,CSB,General,Gender-Neutral,29428,IIITD_Round2_2025.pdf
IIITD,2025,R2,Round2,Delhi,CSD,General,Gender-Neutral,25837,IIITD_Round2_2025.pdf
IIITD,2025,R2,Round2,Delhi,CSEcon,General,Gender-Neutral,10658,IIITD_Round2_2025.pdf
IIITD,2025,R2,Round2,Delhi,CSE,General,Gender-Neutral,20194,IIITD_Round2_2025.pdf
IIITD,2025,R2,Round2,Delhi,CSSS,General,Gender-Neutral,31355,IIITD_Round2_2025.pdf
IIITD,2025,R2,Round2,Delhi,ECE,General,Gender-Neutral,20168,IIITD_Round2_2025.pdf
IIITD,2025,R2,Round2,Delhi,EVE,General,Gender-Neutral,22051,IIITD_Round2_2025.pdf
IIITD,2025,R2,Round2,Outside-Delhi,CSAM,General,Gender-Neutral,3898,IIITD_Round2_2025.pdf
IIITD,2025,R2,Round2,Outside-Delhi,CSAI,General,Gender-Neutral,17061,IIITD_Round2_2025.pdf
IIITD,2025,R2,Round2,Outside-Delhi,CSB,General,Gender-Neutral,7638,IIITD_Round2_2025.pdf
IIITD,2025,R2,Round2,Outside-Delhi,CSD,General,Gender-Neutral,19934,IIITD_Round2_2025.pdf
IIITD,2025,R2,Round2,Outside-Delhi,CSEcon,General,Gender-Neutral,5623,IIITD_Round2_2025.pdf
IIITD,2025,R2,Round2,Outside-Delhi,CSE,General,Gender-Neutral,17553,IIITD_Round2_2025.pdf
IIITD,2025,R2,Round2,Outside-Delhi,CSSS,General,Gender-Neutral,7456,IIITD_Round2_2025.pdf
IIITD,2025,R2,Round2,Outside-Delhi,ECE,General,Gender-Neutral,5169,IIITD_Round2_2025.pdf
IIITD,2025,R2,Round2,Outside-Delhi,EVE,General,Gender-Neutral,7470,IIITD_Round2_2025.pdf
IIITD,2025,R2,Round2,Delhi,CSAM,General,PwD,191678,IIITD_Round2_2025.pdf
IIITD,2025,R2,Round2,Delhi,CSAI,General,PwD,21984,IIITD_Round2_2025.pdf
IIITD,2025,R2,Round2,Delhi,CSB,General,PwD,346638,IIITD_Round2_2025.pdf
IIITD,2025,R2,Round2,Delhi,CSD,General,PwD,373932,IIITD_Round2_2025.pdf
IIITD,2025,R2,Round2,Delhi,CSEcon,General,PwD,438997,IIITD_Round2_2025.pdf
IIITD,2025,R2,Round2,Delhi,CSE,General,PwD,164943,IIITD_Round2_2025.pdf
IIITD,2025,R2,Round2,Delhi,CSSS,General,PwD,458067,IIITD_Round2_2025.pdf
IIITD,2025,R2,Round2,Delhi,ECE,General,PwD,197313,IIITD_Round2_2025.pdf
IIITD,2025,R2,Round2,Delhi,EVE,General,PwD,440684,IIITD_Round2_2025.pdf
IIITD,2025,R2,Round2,Delhi,CSE,SC,Defense-CW,242191,IIITD_Round2_2025.pdf
IIITD,2025,R2,Round2,Delhi,CSAM,SC,Gender-Neutral,184458,IIITD_Round2_2025.pdf
IIITD,2025,R2,Round2,Delhi,CSAI,SC,Gender-Neutral,147261,IIITD_Round2_2025.pdf
IIITD,2025,R2,Round2,Delhi,CSB,SC,Gender-Neutral,248487,IIITD_Round2_2025.pdf
IIITD,2025,R2,Round2,Delhi,CSD,SC,Gender-Neutral,188698,IIITD_Round2_2025.pdf
IIITD,2025,R2,Round2,Delhi,CSEcon,SC,Gender-Neutral,208521,IIITD_Round2_2025.pdf
IIITD,2025,R2,Round2,Delhi,CSE,SC,Gender-Neutral,161746,IIITD_Round2_2025.pdf
IIITD,2025,R2,Round2,Delhi,CSSS,SC,Gender-Neutral,265473,IIITD_Round2_2025.pdf
IIITD,2025,R2,Round2,Delhi,ECE,SC,Gender-Neutral,212723,IIITD_Round2_2025.pdf
IIITD,2025,R2,Round2,Delhi,EVE,SC,Gender-Neutral,275349,IIITD_Round2_2025.pdf
IIITD,2025,R2,Round2,Outside-Delhi,CSAM,SC,Gender-Neutral,60886,IIITD_Round2_2025.pdf
IIITD,2025,R2,Round2,Outside-Delhi,CSAI,SC,Gender-Neutral,49550,IIITD_Round2_2025.pdf
IIITD,2025,R2,Round2,Outside-Delhi,CSB,SC,Gender-Neutral,71309,IIITD_Round2_2025.pdf
IIITD,2025,R2,Round2,Outside-Delhi,CSD,SC,Gender-Neutral,65377,IIITD_Round2_2025.pdf
IIITD,2025,R2,Round2,Outside-Delhi,CSE,SC,Gender-Neutral,58531,IIITD_Round2_2025.pdf
IIITD,2025,R2,Round2,Outside-Delhi,CSSS,SC,Gender-Neutral,75651,IIITD_Round2_2025.pdf
IIITD,2025,R2,Round2,Outside-Delhi,ECE,SC,Gender-Neutral,77063,IIITD_Round2_2025.pdf
IIITD,2025,R2,Round2,Outside-Delhi,EVE,SC,Gender-Neutral,85420,IIITD_Round2_2025.pdf
IIITD,2025,R2,Round2,Delhi,CSAM,ST,Gender-Neutral,776601,IIITD_Round2_2025.pdf
IIITD,2025,R2,Round2,Delhi,CSAI,ST,Gender-Neutral,563577,IIITD_Round2_2025.pdf
IIITD,2025,R2,Round2,Delhi,CSD,ST,Gender-Neutral,1092371,IIITD_Round2_2025.pdf
IIITD,2025,R2,Round2,Delhi,CSEcon,ST,Gender-Neutral,960804,IIITD_Round2_2025.pdf
IIITD,2025,R2,Round2,Delhi,CSE,ST,Gender-Neutral,564700,IIITD_Round2_2025.pdf
IIITD,2025,R2,Round2,Delhi,CSSS,ST,Gender-Neutral,719369,IIITD_Round2_2025.pdf
IIITD,2025,R2,Round2,Delhi,ECE,ST,Gender-Neutral,830181,IIITD_Round2_2025.pdf
IIITD,2025,R2,Round2,Outside-Delhi,CSAM,ST,Gender-Neutral,144515,IIITD_Round2_2025.pdf
IIITD,2025,R2,Round2,Outside-Delhi,CSAI,ST,Gender-Neutral,125637,IIITD_Round2_2025.pdf
IIITD,2025,R2,Round2,Outside-Delhi,CSB,ST,Gender-Neutral,146363,IIITD_Round2_2025.pdf
IIITD,2025,R2,Round2,Outside-Delhi,CSD,ST,Gender-Neutral,137206,IIITD_Round2_2025.pdf
IIITD,2025,R2,Round2,Outside-Delhi,CSE,ST,Gender-Neutral,78759,IIITD_Round2_2025.pdf
IIITD,2025,R2,Round2,Outside-Delhi,CSSS,ST,Gender-Neutral,145332,IIITD_Round2_2025.pdf
IIITD,2025,R2,Round2,Outside-Delhi,ECE,ST,Gender-Neutral,133390,IIITD_Round2_2025.pdf
IIITD,2025,R2,Round2,Outside-Delhi,EVE,ST,Gender-Neutral,185606,IIITD_Round2_2025.pdf
IIITD,2025,R2,Round2,Delhi,CSE,ST,PwD,1360515,IIITD_Round2_2025.pdf
IIITD,2025,R2,Round2,Delhi,CSAM,General,Gender-Neutral,23962,IIITD_Round2_2025.pdf
IIITD,2025,R2,Round2,Outside-Delhi,CSEcon,General,Gender-Neutral,21313,IIITD_Round2_2025.pdf
IIITD,2025,R2,Round2,Outside-Delhi,ECE,General,Gender-Neutral,14623,IIITD_Round2_2025.pdf
IIITD,2024,R5,Round5,Delhi,CSAI,OBC,Gender-Neutral,70819,IIITD_Round5_2024.pdf
IIITD,2024,R5,Round5,Delhi,CSB,OBC,Gender-Neutral,120851,IIITD_Round5_2024.pdf
IIITD,2024,R5,Round5,Delhi,CSE,OBC,Gender-Neutral,78633,IIITD_Round5_2024.pdf
IIITD,2024,R5,Round5,Delhi,ECE,OBC,Gender-Neutral,132636,IIITD_Round5_2024.pdf
IIITD,2024,R5,Round5,Outside-Delhi,CSAI,OBC,Gender-Neutral,17970,IIITD_Round5_2024.pdf
IIITD,2024,R5,Round5,Outside-Delhi,CSB,OBC,Gender-Neutral,26207,IIITD_Round5_2024.pdf
IIITD,2024,R5,Round5,Outside-Delhi,CSE,OBC,Gender-Neutral,17594,IIITD_Round5_2024.pdf
IIITD,2024,R5,Round5,Outside-Delhi,ECE,OBC,Gender-Neutral,25872,IIITD_Round5_2024.pdf
IIITD,2024,R5,Round5,Delhi,CSAI,EWS,Gender-Neutral,25210,IIITD_Round5_2024.pdf
IIITD,2024,R5,Round5,Delhi,CSB,EWS,Gender-Neutral,48347,IIITD_Round5_2024.pdf
IIITD,2024,R5,Round5,Delhi,CSE,EWS,Gender-Neutral,31877,IIITD_Round5_2024.pdf
IIITD,2024,R5,Round5,Delhi,ECE,EWS,Gender-Neutral,51292,IIITD_Round5_2024.pdf
IIITD,2024,R5,Round5,Outside-Delhi,CSAI,EWS,Gender-Neutral,10748,IIITD_Round5_2024.pdf
IIITD,2024,R5,Round5,Outside-Delhi,CSB,EWS,Gender-Neutral,16781,IIITD_Round5_2024.pdf
IIITD,2024,R5,Round5,Outside-Delhi,CSE,EWS,Gender-Neutral,14251,IIITD_Round5_2024.pdf
IIITD,2024,R5,Round5,Outside-Delhi,ECE,EWS,Gender-Neutral,17464,IIITD_Round5_2024.pdf
IIITD,2024,R5,Round5,Delhi,CSAI,General,Kashmiri-Migrant,150678,IIITD_Round5_2024.pdf
IIITD,2024,R5,Round5,Delhi,CSB,General,Kashmiri-Migrant,46816,IIITD_Round5_2024.pdf
IIITD,2024,R5,Round5,Delhi,CSE,General,Kashmiri-Migrant,121036,IIITD_Round5_2024.pdf
IIITD,2024,R5,Round5,Delhi,ECE,General,Kashmiri-Migrant,81442,IIITD_Round5_2024.pdf
IIITD,2024,R5,Round5,Delhi,CSAI,General,Gender-Neutral,8952,IIITD_Round5_2024.pdf
IIITD,2024,R5,Round5,Delhi,CSB,General,Gender-Neutral,28006,IIITD_Round5_2024.pdf
IIITD,2024,R5,Round5,Delhi,CSE,General,Gender-Neutral,12595,IIITD_Round5_2024.pdf
IIITD,2024,R5,Round5,Delhi,ECE,General,Gender-Neutral,28529,IIITD_Round5_2024.pdf
IIITD,2024,R5,Round5,Outside-Delhi,CSAI,General,Gender-Neutral,7865,IIITD_Round5_2024.pdf
IIITD,2024,R5,Round5,Outside-Delhi,CSB,General,Gender-Neutral,10174,IIITD_Round5_2024.pdf
IIITD,2024,R5,Round5,Outside-Delhi,CSE,General,Gender-Neutral,6695,IIITD_Round5_2024.pdf
IIITD,2024,R5,Round5,Outside-Delhi,ECE,General,Gender-Neutral,10559,IIITD_Round5_2024.pdf
IIITD,2024,R5,Round5,Delhi,CSAI,General,PwD,83476,IIITD_Round5_2024.pdf
IIITD,2024,R5,Round5,Delhi,CSE,General,PwD,304157,IIITD_Round5_2024.pdf
IIITD,2024,R5,Round5,Delhi,CSAI,SC,Gender-Neutral,156240,IIITD_Round5_2024.pdf
IIITD,2024,R5,Round5,Delhi,CSB,SC,Gender-Neutral,345521,IIITD_Round5_2024.pdf
IIITD,2024,R5,Round5,Delhi,CSE,SC,Gender-Neutral,178150,IIITD_Round5_2024.pdf
IIITD,2024,R5,Round5,Delhi,ECE,SC,Gender-Neutral,327480,IIITD_Round5_2024.pdf
IIITD,2024,R5,Round5,Outside-Delhi,CSAI,SC,Gender-Neutral,66859,IIITD_Round5_2024.pdf
IIITD,2024,R5,Round5,Outside-Delhi,CSB,SC,Gender-Neutral,108531,IIITD_Round5_2024.pdf
IIITD,2024,R5,Round5,Outside-Delhi,CSE,SC,Gender-Neutral,93441,IIITD_Round5_2024.pdf
IIITD,2024,R5,Round5,Outside-Delhi,ECE,SC,Gender-Neutral,125926,IIITD_Round5_2024.pdf
IIITD,2024,R5,Round5,Delhi,CSAI,ST,Gender-Neutral,822638,IIITD_Round5_2024.pdf
IIITD,2024,R5,Round5,Delhi,CSE,ST,Gender-Neutral,928342,IIITD_Round5_2024.pdf
IIITD,2024,R5,Round5,Outside-Delhi,CSAI,ST,Gender-Neutral,133028,IIITD_Round5_2024.pdf
IIITD,2024,R5,Round5,Outside-Delhi,CSB,ST,Gender-Neutral,372673,IIITD_Round5_2024.pdf
IIITD,2024,R5,Round5,Outside-Delhi,CSE,ST,Gender-Neutral,142256,IIITD_Round5_2024.pdf
IIITD,2024,R5,Round5,Outside-Delhi,ECE,ST,Gender-Neutral,145213,IIITD_Round5_2024.pdf
IIITD,2024,R5,Round5,Outside-Delhi,CSAI,OBC,Gender-Neutral,27433,IIITD_Round5_2024.pdf
IIITD,2024,R5,Round5,Outside-Delhi,CSE,OBC,Gender-Neutral,22675,IIITD_Round5_2024.pdf
IIITD,2024,R5,Round5,Delhi,CSAI,General,Gender-Neutral,21112,IIITD_Round5_2024.pdf
IIITD,2024,R5,Round5,Delhi,CSB,General,Gender-Neutral,39589,IIITD_Round5_2024.pdf
IIITD,2024,R5,Round5,Outside-Delhi,CSE,General,Gender-Neutral,18496,IIITD_Round5_2024.pdf
IIITD,2025,R5,Round5,Delhi,CSAM,OBC,Defense-CW,141521,IIITD_Round5_2025.pdf
IIITD,2025,R5,Round5,Delhi,CSAI,OBC,Defense-CW,137030,IIITD_Round5_2025.pdf
IIITD,2025,R5,Round5,Delhi,CSB,OBC,Defense-CW,184820,IIITD_Round5_2025.pdf
IIITD,2025,R5,Round5,Delhi,CSD,OBC,Defense-CW,165058,IIITD_Round5_2025.pdf
IIITD,2025,R5,Round5,Delhi,CSE,OBC,Defense-CW,91530,IIITD_Round5_2025.pdf
IIITD,2025,R5,Round5,Delhi,CSSS,OBC,Defense-CW,212447,IIITD_Round5_2025.pdf
IIITD,2025,R5,Round5,Delhi,EVE,OBC,Defense-CW,270555,IIITD_Round5_2025.pdf
IIITD,2025,R5,Round5,Delhi,ECE,OBC,Defense-CW,208940,IIITD_Round5_2025.pdf
IIITD,2025,R5,Round5,Delhi,CSAM,OBC,Gender-Neutral,90365,IIITD_Round5_2025.pdf
IIITD,2025,R5,Round5,Delhi,CSAI,OBC,Gender-Neutral,62315,IIITD_Round5_2025.pdf
IIITD,2025,R5,Round5,Delhi,CSB,OBC,Gender-Neutral,123914,IIITD_Round5_2025.pdf
IIITD,2025,R5,Round5,Delhi,CSD,OBC,Gender-Neutral,102170,IIITD_Round5_2025.pdf
IIITD,2025,R5,Round5,Delhi,CSEcon,OBC,Gender-Neutral,100923,IIITD_Round5_2025.pdf
IIITD,2025,R5,Round5,Delhi,CSE,OBC,Gender-Neutral,75387,IIITD_Round5_2025.pdf
IIITD,2025,R5,Round5,Delhi,CSSS,OBC,Gender-Neutral,132644,IIITD_Round5_2025.pdf
IIITD,2025,R5,Round5,Delhi,EVE,OBC,Gender-Neutral,152383,IIITD_Round5_2025.pdf
IIITD,2025,R5,Round5,Delhi,ECE,OBC,Gender-Neutral,140257,IIITD_Round5_2025.pdf
IIITD,2025,R5,Round5,Outside-Delhi,CSAM,OBC,Gender-Neutral,18432,IIITD_Round5_2025.pdf
IIITD,2025,R5,Round5,Outside-Delhi,CSAI,OBC,Gender-Neutral,16311,IIITD_Round5_2025.pdf
IIITD,2025,R5,Round5,Outside-Delhi,CSB,OBC,Gender-Neutral,25772,IIITD_Round5_2025.pdf
IIITD,2025,R5,Round5,Outside-Delhi,CSD,OBC,Gender-Neutral,18685,IIITD_Round5_2025.pdf
IIITD,2025,R5,Round5,Outside-Delhi,CSEcon,OBC,Gender-Neutral,16543,IIITD_Round5_2025.pdf
IIITD,2025,R5,Round5,Outside-Delhi,CSE,OBC,Gender-Neutral,15254,IIITD_Round5_2025.pdf
IIITD,2025,R5,Round5,Outside-Delhi,CSSS,OBC,Gender-Neutral,23472,IIITD_Round5_2025.pdf
IIITD,2025,R5,Round5,Outside-Delhi,EVE,OBC,Gender-Neutral,23639,IIITD_Round5_2025.pdf
IIITD,2025,R5,Round5,Outside-Delhi,ECE,OBC,Gender-Neutral,22252,IIITD_Round5_2025.pdf
IIITD,2025,R5,Round5,Delhi,CSAI,EWS,Defense-CW,60647,IIITD_Round5_2025.pdf
IIITD,2025,R5,Round5,Delhi,CSE,EWS,Defense-CW,56259,IIITD_Round5_2025.pdf
IIITD,2025,R5,Round5,Delhi,EVE,EWS,Defense-CW,256763,IIITD_Round5_2025.pdf
IIITD,2025,R5,Round5,Delhi,CSAM,EWS,Gender-Neutral,45317,IIITD_Round5_2025.pdf
IIITD,2025,R5,Round5,Delhi,CSAI,EWS,Gender-Neutral,39621,IIITD_Round5_2025.pdf
IIITD,2025,R5,Round5,Delhi,CSB,EWS,Gender-Neutral,65682,IIITD_Round5_2025.pdf
IIITD,2025,R5,Round5,Delhi,CSD,EWS,Gender-Neutral,53334,IIITD_Round5_2025.pdf
IIITD,2025,R5,Round5,Delhi,CSEcon,EWS,Gender-Neutral,49638,IIITD_Round5_2025.pdf
IIITD,2025,R5,Round5,Delhi,CSE,EWS,Gender-Neutral,37923,IIITD_Round5_2025.pdf
IIITD,2025,R5,Round5,Delhi,CSSS,EWS,Gender-Neutral,75946,IIITD_Round5_2025.pdf
IIITD,2025,R5,Round5,Delhi,EVE,EWS,Gender-Neutral,78531,IIITD_Round5_2025.pdf
IIITD,2025,R5,Round5,Delhi,ECE,EWS,Gender-Neutral,67351,IIITD_Round5_2025.pdf
IIITD,2025,R5,Round5,Outside-Delhi,CSAM,EWS,Gender-Neutral,12304,IIITD_Round5_2025.pdf
IIITD,2025,R5,Round5,Outside-Delhi,CSAI,EWS,Gender-Neutral,10708,IIITD_Round5_2025.pdf
IIITD,2025,R5,Round5,Outside-Delhi,CSB,EWS,Gender-Neutral,20369,IIITD_Round5_2025.pdf
IIITD,2025,R5,Round5,Outside-Delhi,CSD,EWS,Gender-Neutral,19321,IIITD_Round5_2025.pdf
IIITD,2025,R5,Round5,Outside-Delhi,CSE,EWS,Gender-Neutral,11823,IIITD_Round5_2025.pdf
IIITD,2025,R5,Round5,Outside-Delhi,CSSS,EWS,Gender-Neutral,20013,IIITD_Round5_2025.pdf
IIITD,2025,R5,Round5,Outside-Delhi,EVE,EWS,Gender-Neutral,21235,IIITD_Round5_2025.pdf
IIITD,2025,R5,Round5,Outside-Delhi,ECE,EWS,Gender-Neutral,19800,IIITD_Round5_2025.pdf
IIITD,2025,R5,Round5,Delhi,CSAI,EWS,PwD,653065,IIITD_Round5_2025.pdf
IIITD,2025,R5,Round5,Delhi,CSE,EWS,PwD,305705,IIITD_Round5_2025.pdf
IIITD,2025,R5,Round5,Delhi,CSAM,General,Kashmiri-Migrant,24002,IIITD_Round5_2025.pdf
IIITD,2025,R5,Round5,Delhi,CSAI,General,Kashmiri-Migrant,542419,IIITD_Round5_2025.pdf
IIITD,2025,R5,Round5,Delhi,CSB,General,Kashmiri-Migrant,47724,IIITD_Round5_2025.pdf
IIITD,2025,R5,Round5,Delhi,CSD,General,Kashmiri-Migrant,23723,IIITD_Round5_2025.pdf
IIITD,2025,R5,Round5,Delhi,CSEcon,General,Kashmiri-Migrant,24710,IIITD_Round5_2025.pdf
IIITD,2025,R5,Round5,Delhi,CSE,General,Kashmiri-Migrant,20707,IIITD_Round5_2025.pdf
IIITD,2025,R5,Round5,Delhi,CSSS,General,Kashmiri-Migrant,46784,IIITD_Round5_2025.pdf
IIITD,2025,R5,Round5,Delhi,EVE,General,Kashmiri-Migrant,48498,IIITD_Round5_2025.pdf
IIITD,2025,R5,Round5,Delhi,ECE,General,Kashmiri-Migrant,76443,IIITD_Round5_2025.pdf
IIITD,2025,R5,Round5,Delhi,CSAM,General,Defense-CW,90071,IIITD_Round5_2025.pdf
IIITD,2025,R5,Round5,Delhi,CSAI,General,Defense-CW,20334,IIITD_Round5_2025.pdf
IIITD,2025,R5,Round5,Delhi,CSB,General,Defense-CW,41403,IIITD_Round5_2025.pdf
IIITD,2025,R5,Round5,Delhi,CSD,General,Defense-CW,853884,IIITD_Round5_2025.pdf
IIITD,2025,R5,Round5,Delhi,CSEcon,General,Defense-CW,18459,IIITD_Round5_2025.pdf
IIITD,2025,R5,Round5,Delhi,CSE,General,Defense-CW,137744,IIITD_Round5_2025.pdf
IIITD,2025,R5,Round5,Delhi,CSSS,General,Defense-CW,42336,IIITD_Round5_2025.pdf
IIITD,2025,R5,Round5,Delhi,EVE,General,Defense-CW,55596,IIITD_Round5_2025.pdf
IIITD,2025,R5,Round5,Delhi,ECE,General,Defense-CW,47917,IIITD_Round5_2025.pdf
IIITD,2025,R5,Round5,Delhi,CSAM,General,Gender-Neutral,15152,IIITD_Round5_2025.pdf
IIITD,2025,R5,Round5,Delhi,CSAI,General,Gender-Neutral,7009,IIITD_Round5_2025.pdf
IIITD,2025,R5,Round5,Delhi,CSB,General,Gender-Neutral,23012,IIITD_Round5_2025.pdf
IIITD,2025,R5,Round5,Delhi,CSD,General,Gender-Neutral,17205,IIITD_Round5_2025.pdf
IIITD,2025,R5,Round5,Delhi,CSEcon,General,Gender-Neutral,15165,IIITD_Round5_2025.pdf
IIITD,2025,R5,Round5,Delhi,CSE,General,Gender-Neutral,10557,IIITD_Round5_2025.pdf
IIITD,2025,R5,Round5,Delhi,CSSS,General,Gender-Neutral,23202,IIITD_Round5_2025.pdf
IIITD,2025,R5,Round5,Delhi,EVE,General,Gender-Neutral,28282,IIITD_Round5_2025.pdf
IIITD,2025,R5,Round5,Delhi,ECE,General,Gender-Neutral,25106,IIITD_Round5_2025.pdf
IIITD,2025,R5,Round5,Outside-Delhi,CSAM,General,Gender-Neutral,8661,IIITD_Round5_2025.pdf
IIITD,2025,R5,Round5,Outside-Delhi,CSAI,General,Gender-Neutral,7378,IIITD_Round5_2025.pdf
IIITD,2025,R5,Round5,Outside-Delhi,CSB,General,Gender-Neutral,17892,IIITD_Round5_2025.pdf
IIITD,2025,R5,Round5,Outside-Delhi,CSD,General,Gender-Neutral,14128,IIITD_Round5_2025.pdf
IIITD,2025,R5,Round5,Outside-Delhi,CSEcon,General,Gender-Neutral,8493,IIITD_Round5_2025.pdf
IIITD,2025,R5,Round5,Outside-Delhi,CSE,General,Gender-Neutral,7752,IIITD_Round5_2025.pdf
IIITD,2025,R5,Round5,Outside-Delhi,CSSS,General,Gender-Neutral,15879,IIITD_Round5_2025.pdf
IIITD,2025,R5,Round5,Outside-Delhi,EVE,General,Gender-Neutral,12955,IIITD_Round5_2025.pdf
IIITD,2025,R5,Round5,Outside-Delhi,ECE,General,Gender-Neutral,9688,IIITD_Round5_2025.pdf
IIITD,2025,R5,Round5,Delhi,CSAM,General,PwD,191678,IIITD_Round5_2025.pdf
IIITD,2025,R5,Round5,Delhi,CSAI,General,PwD,21984,IIITD_Round5_2025.pdf
IIITD,2025,R5,Round5,Delhi,CSB,General,PwD,346638,IIITD_Round5_2025.pdf
IIITD,2025,R5,Round5,Delhi,CSD,General,PwD,373932,IIITD_Round5_2025.pdf
IIITD,2025,R5,Round5,Delhi,CSEcon,General,PwD,458067,IIITD_Round5_2025.pdf
IIITD,2025,R5,Round5,Delhi,CSE,General,PwD,179690,IIITD_Round5_2025.pdf
IIITD,2025,R5,Round5,Delhi,CSSS,General,PwD,460750,IIITD_Round5_2025.pdf
IIITD,2025,R5,Round5,Delhi,EVE,General,PwD,605730,IIITD_Round5_2025.pdf
IIITD,2025,R5,Round5,Delhi,ECE,General,PwD,197313,IIITD_Round5_2025.pdf
IIITD,2025,R5,Round5,Delhi,CSAM,SC,Gender-Neutral,249362,IIITD_Round5_2025.pdf
IIITD,2025,R5,Round5,Delhi,CSAI,SC,Gender-Neutral,162056,IIITD_Round5_2025.pdf
IIITD,2025,R5,Round5,Delhi,CSB,SC,Gender-Neutral,341245,IIITD_Round5_2025.pdf
IIITD,2025,R5,Round5,Delhi,CSD,SC,Gender-Neutral,213016,IIITD_Round5_2025.pdf
IIITD,2025,R5,Round5,Delhi,CSEcon,SC,Gender-Neutral,265473,IIITD_Round5_2025.pdf
IIITD,2025,R5,Round5,Delhi,CSE,SC,Gender-Neutral,179714,IIITD_Round5_2025.pdf
IIITD,2025,R5,Round5,Delhi,CSSS,SC,Gender-Neutral,343561,IIITD_Round5_2025.pdf
IIITD,2025,R5,Round5,Delhi,EVE,SC,Gender-Neutral,407699,IIITD_Round5_2025.pdf
IIITD,2025,R5,Round5,Delhi,ECE,SC,Gender-Neutral,353099,IIITD_Round5_2025.pdf
IIITD,2025,R5,Round5,Outside-Delhi,CSAM,SC,Gender-Neutral,80551,IIITD_Round5_2025.pdf
IIITD,2025,R5,Round5,Outside-Delhi,CSAI,SC,Gender-Neutral,58531,IIITD_Round5_2025.pdf
IIITD,2025,R5,Round5,Outside-Delhi,CSB,SC,Gender-Neutral,85420,IIITD_Round5_2025.pdf
IIITD,2025,R5,Round5,Outside-Delhi,CSD,SC,Gender-Neutral,95474,IIITD_Round5_2025.pdf
IIITD,2025,R5,Round5,Outside-Delhi,CSE,SC,Gender-Neutral,76383,IIITD_Round5_2025.pdf
IIITD,2025,R5,Round5,Outside-Delhi,CSSS,SC,Gender-Neutral,118125,IIITD_Round5_2025.pdf
IIITD,2025,R5,Round5,Outside-Delhi,EVE,SC,Gender-Neutral,157663,IIITD_Round5_2025.pdf
IIITD,2025,R5,Round5,Outside-Delhi,ECE,SC,Gender-Neutral,108031,IIITD_Round5_2025.pdf
IIITD,2025,R5,Round5,Delhi,CSAI,ST,Gender-Neutral,664373,IIITD_Round5_2025.pdf
IIITD,2025,R5,Round5,Delhi,CSD,ST,Gender-Neutral,719369,IIITD_Round5_2025.pdf
IIITD,2025,R5,Round5,Delhi,CSE,ST,Gender-Neutral,579692,IIITD_Round5_2025.pdf
IIITD,2025,R5,Round5,Outside-Delhi,CSAM,ST,Gender-Neutral,209981,IIITD_Round5_2025.pdf
IIITD,2025,R5,Round5,Outside-Delhi,CSAI,ST,Gender-Neutral,145332,IIITD_Round5_2025.pdf
IIITD,2025,R5,Round5,Outside-Delhi,CSB,ST,Gender-Neutral,146363,IIITD_Round5_2025.pdf
IIITD,2025,R5,Round5,Outside-Delhi,CSE,ST,Gender-Neutral,133390,IIITD_Round5_2025.pdf
IIITD,2025,R5,Round5,Outside-Delhi,CSSS,ST,Gender-Neutral,169173,IIITD_Round5_2025.pdf
IIITD,2025,R5,Round5,Outside-Delhi,ECE,ST,Gender-Neutral,190847,IIITD_Round5_2025.pdf
IIITD,2025,R5,Round5,Delhi,CSE,ST,PwD,1360520,IIITD_Round5_2025.pdf
IIITD,2025,R5,Round5,Delhi,CSAM,General,Gender-Neutral,29428,IIITD_Round5_2025.pdf
IIITD,2025,R5,Round5,Delhi,CSAI,General,Gender-Neutral,29567,IIITD_Round5_2025.pdf
IIITD,2025,R5,Round5,Delhi,CSB,General,Gender-Neutral,37702,IIITD_Round5_2025.pdf
IIITD,2025,R5,Round5,Delhi,CSD,General,Gender-Neutral,31355,IIITD_Round5_2025.pdf
IIITD,2025,R5,Round5,Delhi,CSE,General,Gender-Neutral,8096,IIITD_Round5_2025.pdf
IIITD,2025,R5,Round5,Delhi,CSSS,General,Gender-Neutral,39529,IIITD_Round5_2025.pdf
IIITD,2025,R5,Round5,Outside-Delhi,CSAI,General,Gender-Neutral,19934,IIITD_Round5_2025.pdf
IIITD,2025,R5,Round5,Outside-Delhi,CSEcon,General,Gender-Neutral,8171,IIITD_Round5_2025.pdf
IIITD,2025,R5,Round5,Outside-Delhi,CSE,General,Gender-Neutral,28263,IIITD_Round5_2025.pdf
IIITD,2025,R5,Round5,Outside-Delhi,CSSS,General,Gender-Neutral,14623,IIITD_Round5_2025.pdf
IIITD,2025,R5,Round5,Delhi,CSEcon,General,PwD,121136,IIITD_Round5_2025.pdf
NSUT,2025,R1,Round1,Delhi,Branch CSAI,General,Gender-Neutral,2922,NSUT_Round1_2025.pdf
NSUT,2025,R1,Round1,Delhi,Branch CSAI,EWS,Gender-Neutral,16481,NSUT_Round1_2025.pdf
NSUT,2025,R1,Round1,Delhi,Branch CSAI,OBC,Gender-Neutral,19550,NSUT_Round1_2025.pdf
NSUT,2025,R1,Round1,Delhi,Branch CSAI,SC,Gender-Neutral,62948,NSUT_Round1_2025.pdf
NSUT,2025,R1,Round1,Delhi,Branch CSAI,ST,Gender-Neutral,160822,NSUT_Round1_2025.pdf
NSUT,2025,R1,Round1,Delhi,Branch CSAI,General,Girl,6083,NSUT_Round1_2025.pdf
NSUT,2025,R1,Round1,Delhi,Branch CSAI,EWS,Girl,20528,NSUT_Round1_2025.pdf
NSUT,2025,R1,Round1,Delhi,Branch CSAI,OBC,Girl,52469,NSUT_Round1_2025.pdf
NSUT,2025,R1,Round1,Delhi,Branch CSAI,SC,Girl,130046,NSUT_Round1_2025.pdf
NSUT,2025,R1,Round1,Delhi,Branch CSAI,ST,Girl,333820,NSUT_Round1_2025.pdf
NSUT,2025,R1,Round1,Delhi,Branch CSAI,General,Defense-CW,398179,NSUT_Round1_2025.pdf
NSUT,2025,R1,Round1,Delhi,Branch CSAI,OBC,Defense-CW,83144,NSUT_Round1_2025.pdf
NSUT,2025,R1,Round1,Delhi,Branch CSAI,SC,Defense-CW,229299,NSUT_Round1_2025.pdf
NSUT,2025,R1,Round1,Delhi,Branch CSAI,ST,Defense-CW,759031,NSUT_Round1_2025.pdf
NSUT,2025,R1,Round1,Delhi,Branch CSAI,General,PwD,146747,NSUT_Round1_2025.pdf
NSUT,2025,R1,Round1,Delhi,Branch CSAI,EWS,PwD,298614,NSUT_Round1_2025.pdf
NSUT,2025,R1,Round1,Delhi,Branch CSAI,OBC,PwD,254032,NSUT_Round1_2025.pdf
NSUT,2025,R1,Round1,Delhi,Branch CSAI,SC,PwD,1410918,NSUT_Round1_2025.pdf
NSUT,2025,R1,Round1,Delhi,CSE,General,Gender-Neutral,4889,NSUT_Round1_2025.pdf
NSUT,2025,R1,Round1,Delhi,CSE,EWS,Gender-Neutral,22463,NSUT_Round1_2025.pdf
NSUT,2025,R1,Round1,Delhi,CSE,OBC,Gender-Neutral,37497,NSUT_Round1_2025.pdf
NSUT,2025,R1,Round1,Delhi,CSE,SC,Gender-Neutral,85621,NSUT_Round1_2025.pdf
NSUT,2025,R1,Round1,Delhi,CSE,ST,Gender-Neutral,263490,NSUT_Round1_2025.pdf
NSUT,2025,R1,Round1,Delhi,CSE,General,Girl,8565,NSUT_Round1_2025.pdf
NSUT,2025,R1,Round1,Delhi,CSE,EWS,Girl,34000,NSUT_Round1_2025.pdf
NSUT,2025,R1,Round1,Delhi,CSE,OBC,Girl,52261,NSUT_Round1_2025.pdf
NSUT,2025,R1,Round1,Delhi,CSE,SC,Girl,137182,NSUT_Round1_2025.pdf
NSUT,2025,R1,Round1,Delhi,CSE,ST,Girl,350102,NSUT_Round1_2025.pdf
NSUT,2025,R1,Round1,Delhi,CSE,General,Defense-CW,640484,NSUT_Round1_2025.pdf
NSUT,2025,R1,Round1,Delhi,CSE,EWS,Defense-CW,60647,NSUT_Round1_2025.pdf
NSUT,2025,R1,Round1,Delhi,CSE,OBC,Defense-CW,87660,NSUT_Round1_2025.pdf
NSUT,2025,R1,Round1,Delhi,CSE,SC,Defense-CW,210630,NSUT_Round1_2025.pdf
NSUT,2025,R1,Round1,Delhi,CSE,General,PwD,115948,NSUT_Round1_2025.pdf
NSUT,2025,R1,Round1,Delhi,CSE,EWS,PwD,195752,NSUT_Round1_2025.pdf
NSUT,2025,R1,Round1,Delhi,CSE,OBC,PwD,322633,NSUT_Round1_2025.pdf
NSUT,2025,R1,Round1,Delhi,CSE,ST,PwD,410087,NSUT_Round1_2025.pdf
NSUT,2025,R1,Round1,Delhi,CSE,ST,PwD,476338,NSUT_Round1_2025.pdf
NSUT,2025,R1,Round1,Delhi,CSDS,General,Gender-Neutral,6844,NSUT_Round1_2025.pdf
NSUT,2025,R1,Round1,Delhi,CSDS,EWS,Gender-Neutral,25315,NSUT_Round1_2025.pdf
NSUT,2025,R1,Round1,Delhi,CSDS,OBC,Gender-Neutral,45515,NSUT_Round1_2025.pdf
NSUT,2025,R1,Round1,Delhi,CSDS,SC,Gender-Neutral,94381,NSUT_Round1_2025.pdf
NSUT,2025,R1,Round1,Delhi,CSDS,ST,Gender-Neutral,326835,NSUT_Round1_2025.pdf
NSUT,2025,R1,Round1,Delhi,CSDS,General,Girl,9766,NSUT_Round1_2025.pdf
NSUT,2025,R1,Round1,Delhi,CSDS,EWS,Girl,45275,NSUT_Round1_2025.pdf
NSUT,2025,R1,Round1,Delhi,CSDS,OBC,Girl,70087,NSUT_Round1_2025.pdf
NSUT,2025,R1,Round1,Delhi,CSDS,SC,Girl,139357,NSUT_Round1_2025.pdf
NSUT,2025,R1,Round1,Delhi,CSDS,General,Defense-CW,90762,NSUT_Round1_2025.pdf
NSUT,2025,R1,Round1,Delhi,CSDS,OBC,Defense-CW,89301,NSUT_Round1_2025.pdf
NSUT,2025,R1,Round1,Delhi,CSDS,General,PwD,155404,NSUT_Round1_2025.pdf
NSUT,2025,R1,Round1,Delhi,CSDS,OBC,PwD,454326,NSUT_Round1_2025.pdf
NSUT,2025,R1,Round1,Delhi,IT,General,Gender-Neutral,9845,NSUT_Round1_2025.pdf
NSUT,2025,R1,Round1,Delhi,IT,EWS,Gender-Neutral,36194,NSUT_Round1_2025.pdf
NSUT,2025,R1,Round1,Delhi,IT,OBC,Gender-Neutral,60098,NSUT_Round1_2025.pdf
NSUT,2025,R1,Round1,Delhi,IT,SC,Gender-Neutral,128048,NSUT_Round1_2025.pdf
NSUT,2025,R1,Round1,Delhi,IT,ST,Gender-Neutral,495846,NSUT_Round1_2025.pdf
NSUT,2025,R1,Round1,Delhi,IT,General,Girl,12380,NSUT_Round1_2025.pdf
NSUT,2025,R1,Round1,Delhi,IT,EWS,Girl,59499,NSUT_Round1_2025.pdf
NSUT,2025,R1,Round1,Delhi,IT,OBC,Girl,84549,NSUT_Round1_2025.pdf
NSUT,2025,R1,Round1,Delhi,IT,SC,Girl,166900,NSUT_Round1_2025.pdf
NSUT,2025,R1,Round1,Delhi,IT,ST,Girl,569433,NSUT_Round1_2025.pdf
NSUT,2025,R1,Round1,Delhi,IT,General,Defense-CW,445902,NSUT_Round1_2025.pdf
NSUT,2025,R1,Round1,Delhi,IT,EWS,Defense-CW,127854,NSUT_Round1_2025.pdf
NSUT,2025,R1,Round1,Delhi,IT,OBC,Defense-CW,139393,NSUT_Round1_2025.pdf
NSUT,2025,R1,Round1,Delhi,IT,General,PwD,209008,NSUT_Round1_2025.pdf
NSUT,2025,R1,Round1,Delhi,ITNS,General,Gender-Neutral,12399,NSUT_Round1_2025.pdf
NSUT,2025,R1,Round1,Delhi,ITNS,EWS,Gender-Neutral,42618,NSUT_Round1_2025.pdf
NSUT,2025,R1,Round1,Delhi,ITNS,OBC,Gender-Neutral,72927,NSUT_Round1_2025.pdf
NSUT,2025,R1,Round1,Delhi,ITNS,SC,Gender-Neutral,153567,NSUT_Round1_2025.pdf
NSUT,2025,R1,Round1,Delhi,ITNS,ST,Gender-Neutral,581014,NSUT_Round1_2025.pdf
NSUT,2025,R1,Round1,Delhi,ITNS,General,Girl,14625,NSUT_Round1_2025.pdf
NSUT,2025,R1,Round1,Delhi,ITNS,EWS,Girl,51563,NSUT_Round1_2025.pdf
NSUT,2025,R1,Round1,Delhi,ITNS,OBC,Girl,93797,NSUT_Round1_2025.pdf
NSUT,2025,R1,Round1,Delhi,ITNS,SC,Girl,175636,NSUT_Round1_2025.pdf
NSUT,2025,R1,Round1,Delhi,ITNS,ST,Girl,680357,NSUT_Round1_2025.pdf
NSUT,2025,R1,Round1,Delhi,ITNS,General,Defense-CW,92363,NSUT_Round1_2025.pdf
NSUT,2025,R1,Round1,Delhi,ITNS,SC,Defense-CW,394754,NSUT_Round1_2025.pdf
NSUT,2025,R1,Round1,Delhi,ITNS,General,PwD,270448,NSUT_Round1_2025.pdf
NSUT,2025,R1,Round1,Delhi,MAC,General,Gender-Neutral,13639,NSUT_Round1_2025.pdf
NSUT,2025,R1,Round1,Delhi,MAC,EWS,Gender-Neutral,45577,NSUT_Round1_2025.pdf
NSUT,2025,R1,Round1,Delhi,MAC,OBC,Gender-Neutral,79469,NSUT_Round1_2025.pdf
NSUT,2025,R1,Round1,Delhi,MAC,SC,Gender-Neutral,172848,NSUT_Round1_2025.pdf
NSUT,2025,R1,Round1,Delhi,MAC,ST,Gender-Neutral,666401,NSUT_Round1_2025.pdf
NSUT,2025,R1,Round1,Delhi,MAC,General,Girl,17161,NSUT_Round1_2025.pdf
NSUT,2025,R1,Round1,Delhi,MAC,EWS,Girl,80751,NSUT_Round1_2025.pdf
NSUT,2025,R1,Round1,Delhi,MAC,OBC,Girl,117079,NSUT_Round1_2025.pdf
NSUT,2025,R1,Round1,Delhi,MAC,SC,Girl,203922,NSUT_Round1_2025.pdf
NSUT,2025,R1,Round1,Delhi,MAC,General,Defense-CW,15523,NSUT_Round1_2025.pdf
NSUT,2025,R1,Round1,Delhi,MAC,SC,Defense-CW,712098,NSUT_Round1_2025.pdf
NSUT,2025,R1,Round1,Delhi,MAC,General,PwD,353540,NSUT_Round1_2025.pdf
NSUT,2025,R1,Round1,Delhi,ECE,General,Gender-Neutral,18031,NSUT_Round1_2025.pdf
NSUT,2025,R1,Round1,Delhi,ECE,EWS,Gender-Neutral,54686,NSUT_Round1_2025.pdf
NSUT,2025,R1,Round1,Delhi,ECE,OBC,Gender-Neutral,103771,NSUT_Round1_2025.pdf
NSUT,2025,R1,Round1,Delhi,ECE,SC,Gender-Neutral,196760,NSUT_Round1_2025.pdf
NSUT,2025,R1,Round1,Delhi,ECE,ST,Gender-Neutral,740980,NSUT_Round1_2025.pdf
NSUT,2025,R1,Round1,Delhi,ECE,General,Girl,27800,NSUT_Round1_2025.pdf
NSUT,2025,R1,Round1,Delhi,ECE,EWS,Girl,86184,NSUT_Round1_2025.pdf
NSUT,2025,R1,Round1,Delhi,ECE,OBC,Girl,163950,NSUT_Round1_2025.pdf
NSUT,2025,R1,Round1,Delhi,ECE,SC,Girl,276893,NSUT_Round1_2025.pdf
NSUT,2025,R1,Round1,Delhi,ECE,General,Defense-CW,31778,NSUT_Round1_2025.pdf
NSUT,2025,R1,Round1,Delhi,ECE,EWS,Defense-CW,159072,NSUT_Round1_2025.pdf
NSUT,2025,R1,Round1,Delhi,ECE,OBC,Defense-CW,188916,NSUT_Round1_2025.pdf
NSUT,2025,R1,Round1,Delhi,ECE,SC,Defense-CW,950487,NSUT_Round1_2025.pdf
NSUT,2025,R1,Round1,Delhi,ECE,General,PwD,369551,NSUT_Round1_2025.pdf
NSUT,2025,R1,Round1,Delhi,ECE,EWS,PwD,653065,NSUT_Round1_2025.pdf
NSUT,2025,R1,Round1,Delhi,EVDT,General,Gender-Neutral,20142,NSUT_Round1_2025.pdf
NSUT,2025,R1,Round1,Delhi,EVDT,EWS,Gender-Neutral,59210,NSUT_Round1_2025.pdf
NSUT,2025,R1,Round1,Delhi,EVDT,OBC,Gender-Neutral,107750,NSUT_Round1_2025.pdf
NSUT,2025,R1,Round1,Delhi,EVDT,SC,Gender-Neutral,204457,NSUT_Round1_2025.pdf
NSUT,2025,R1,Round1,Delhi,EVDT,ST,Gender-Neutral,1258832,NSUT_Round1_2025.pdf
NSUT,2025,R1,Round1,Delhi,EVDT,General,Girl,28221,NSUT_Round1_2025.pdf
NSUT,2025,R1,Round1,Delhi,EVDT,EWS,Girl,94776,NSUT_Round1_2025.pdf
NSUT,2025,R1,Round1,Delhi,EVDT,OBC,Girl,184498,NSUT_Round1_2025.pdf
NSUT,2025,R1,Round1,Delhi,EVDT,SC,Girl,282842,NSUT_Round1_2025.pdf
NSUT,2025,R1,Round1,Delhi,EVDT,General,Defense-CW,686998,NSUT_Round1_2025.pdf
NSUT,2025,R1,Round1,Delhi,EVDT,OBC,Defense-CW,237741,NSUT_Round1_2025.pdf
NSUT,2025,R1,Round1,Delhi,EVDT,General,PwD,498724,NSUT_Round1_2025.pdf
NSUT,2025,R1,Round1,Delhi,EE,General,Gender-Neutral,26555,NSUT_Round1_2025.pdf
NSUT,2025,R1,Round1,Delhi,EE,EWS,Gender-Neutral,75946,NSUT_Round1_2025.pdf
NSUT,2025,R1,Round1,Delhi,EE,OBC,Gender-Neutral,136007,NSUT_Round1_2025.pdf
NSUT,2025,R1,Round1,Delhi,EE,SC,Gender-Neutral,239225,NSUT_Round1_2025.pdf
NSUT,2025,R1,Round1,Delhi,EE,ST,Gender-Neutral,1248079,NSUT_Round1_2025.pdf
NSUT,2025,R1,Round1,Delhi,EE,General,Girl,43802,NSUT_Round1_2025.pdf
NSUT,2025,R1,Round1,Delhi,EE,EWS,Girl,149315,NSUT_Round1_2025.pdf
NSUT,2025,R1,Round1,Delhi,EE,OBC,Girl,259659,NSUT_Round1_2025.pdf
NSUT,2025,R1,Round1,Delhi,EE,SC,Girl,392640,NSUT_Round1_2025.pdf
NSUT,2025,R1,Round1,Delhi,EE,General,Defense-CW,82207,NSUT_Round1_2025.pdf
NSUT,2025,R1,Round1,Delhi,EE,EWS,Defense-CW,202816,NSUT_Round1_2025.pdf
NSUT,2025,R1,Round1,Delhi,EE,OBC,Defense-CW,313629,NSUT_Round1_2025.pdf
NSUT,2025,R1,Round1,Delhi,EE,General,PwD,615543,NSUT_Round1_2025.pdf
NSUT,2025,R1,Round1,Delhi,ICE,General,Gender-Neutral,31856,NSUT_Round1_2025.pdf
NSUT,2025,R1,Round1,Delhi,ICE,EWS,Gender-Neutral,81138,NSUT_Round1_2025.pdf
NSUT,2025,R1,Round1,Delhi,ICE,OBC,Gender-Neutral,151909,NSUT_Round1_2025.pdf
NSUT,2025,R1,Round1,Delhi,ICE,SC,Gender-Neutral,275349,NSUT_Round1_2025.pdf
NSUT,2025,R1,Round1,Delhi,ICE,General,Girl,68101,NSUT_Round1_2025.pdf
NSUT,2025,R1,Round1,Delhi,ICE,EWS,Girl,202641,NSUT_Round1_2025.pdf
NSUT,2025,R1,Round1,Delhi,ICE,OBC,Girl,314621,NSUT_Round1_2025.pdf
NSUT,2025,R1,Round1,Delhi,ICE,SC,Girl,484836,NSUT_Round1_2025.pdf
NSUT,2025,R1,Round1,Delhi,ICE,General,Defense-CW,88060,NSUT_Round1_2025.pdf
NSUT,2025,R1,Round1,Delhi,ICE,EWS,Defense-CW,254388,NSUT_Round1_2025.pdf
NSUT,2025,R1,Round1,Delhi,ICE,OBC,Defense-CW,384882,NSUT_Round1_2025.pdf
NSUT,2025,R1,Round1,Delhi,ICE,General,PwD,1053928,NSUT_Round1_2025.pdf
NSUT,2025,R1,Round1,Delhi,ME,General,Gender-Neutral,39529,NSUT_Round1_2025.pdf
NSUT,2025,R1,Round1,Delhi,ME,EWS,Gender-Neutral,106112,NSUT_Round1_2025.pdf
NSUT,2025,R1,Round1,Delhi,ME,OBC,Gender-Neutral,175628,NSUT_Round1_2025.pdf
NSUT,2025,R1,Round1,Delhi,ME,SC,Gender-Neutral,303294,NSUT_Round1_2025.pdf
NSUT,2025,R1,Round1,Delhi,ME,ST,Gender-Neutral,904236,NSUT_Round1_2025.pdf
NSUT,2025,R1,Round1,Delhi,ME,General,Girl,74049,NSUT_Round1_2025.pdf
NSUT,2025,R1,Round1,Delhi,ME,EWS,Girl,205964,NSUT_Round1_2025.pdf
NSUT,2025,R1,Round1,Delhi,ME,OBC,Girl,329782,NSUT_Round1_2025.pdf
NSUT,2025,R1,Round1,Delhi,ME,SC,Girl,508592,NSUT_Round1_2025.pdf
NSUT,2025,R1,Round1,Delhi,ME,General,Defense-CW,107682,NSUT_Round1_2025.pdf
NSUT,2025,R1,Round1,Delhi,ME,EWS,Defense-CW,332856,NSUT_Round1_2025.pdf
NSUT,2025,R1,Round1,Delhi,ME,OBC,Defense-CW,451813,NSUT_Round1_2025.pdf
NSUT,2025,R1,Round1,Delhi,ME,General,PwD,852538,NSUT_Round1_2025.pdf
NSUT,2025,R1,Round1,Delhi,BT,General,Gender-Neutral,48858,NSUT_Round1_2025.pdf
NSUT,2025,R1,Round1,Delhi,BT,EWS,Gender-Neutral,121042,NSUT_Round1_2025.pdf
NSUT,2025,R1,Round1,Delhi,BT,OBC,Gender-Neutral,206804,NSUT_Round1_2025.pdf
NSUT,2025,R1,Round1,Delhi,BT,SC,Gender-Neutral,350025,NSUT_Round1_2025.pdf
NSUT,2025,R1,Round1,Delhi,BT,General,Girl,73559,NSUT_Round1_2025.pdf
NSUT,2025,R1,Round1,Delhi,BT,EWS,Girl,201548,NSUT_Round1_2025.pdf
NSUT,2025,R1,Round1,Delhi,BT,OBC,Girl,316852,NSUT_Round1_2025.pdf
NSUT,2025,R1,Round1,Delhi,BT,SC,Girl,393845,NSUT_Round1_2025.pdf
NSUT,2025,R1,Round1,Delhi,BT,General,Defense-CW,125218,NSUT_Round1_2025.pdf
NSUT,2025,R1,Round1,Delhi,BT,OBC,Defense-CW,353020,NSUT_Round1_2025.pdf
NSUT,2025,R1,Round1,Delhi,BT,General,PwD,1448255,NSUT_Round1_2025.pdf
NSUT,2025,R1,Round1,Delhi,CSDA*,General,Gender-Neutral,14563,NSUT_Round1_2025.pdf
NSUT,2025,R1,Round1,Delhi,CSDA*,EWS,Gender-Neutral,47072,NSUT_Round1_2025.pdf
NSUT,2025,R1,Round1,Delhi,CSDA*,OBC,Gender-Neutral,83766,NSUT_Round1_2025.pdf
NSUT,2025,R1,Round1,Delhi,CSDA*,SC,Gender-Neutral,150103,NSUT_Round1_2025.pdf
NSUT,2025,R1,Round1,Delhi,CSDA*,ST,Gender-Neutral,560317,NSUT_Round1_2025.pdf
NSUT,2025,R1,Round1,Delhi,CSDA*,General,Girl,25254,NSUT_Round1_2025.pdf
NSUT,2025,R1,Round1,Delhi,CSDA*,EWS,Girl,92043,NSUT_Round1_2025.pdf
NSUT,2025,R1,Round1,Delhi,CSDA*,OBC,Girl,97154,NSUT_Round1_2025.pdf
NSUT,2025,R1,Round1,Delhi,CSDA*,SC,Girl,271886,NSUT_Round1_2025.pdf
NSUT,2025,R1,Round1,Delhi,CSDA*,ST,Girl,810016,NSUT_Round1_2025.pdf
NSUT,2025,R1,Round1,Delhi,CSDA*,General,Defense-CW,20017,NSUT_Round1_2025.pdf
NSUT,2025,R1,Round1,Delhi,CSDA*,OBC,Defense-CW,211511,NSUT_Round1_2025.pdf
NSUT,2025,R1,Round1,Delhi,CSDA*,General,PwD,191803,NSUT_Round1_2025.pdf
NSUT,2025,R1,Round1,Delhi,CSDA*,EWS,PwD,641169,NSUT_Round1_2025.pdf
NSUT,2025,R1,Round1,Delhi,CIOT*,General,Gender-Neutral,19774,NSUT_Round1_2025.pdf
NSUT,2025,R1,Round1,Delhi,CIOT*,EWS,Gender-Neutral,51569,NSUT_Round1_2025.pdf
NSUT,2025,R1,Round1,Delhi,CIOT*,OBC,Gender-Neutral,101206,NSUT_Round1_2025.pdf
NSUT,2025,R1,Round1,Delhi,CIOT*,SC,Gender-Neutral,196666,NSUT_Round1_2025.pdf
NSUT,2025,R1,Round1,Delhi,CIOT*,ST,Gender-Neutral,839309,NSUT_Round1_2025.pdf
NSUT,2025,R1,Round1,Delhi,CIOT*,General,Girl,42807,NSUT_Round1_2025.pdf
NSUT,2025,R1,Round1,Delhi,CIOT*,EWS,Girl,115204,NSUT_Round1_2025.pdf
NSUT,2025,R1,Round1,Delhi,CIOT*,OBC,Girl,147461,NSUT_Round1_2025.pdf
NSUT,2025,R1,Round1,Delhi,CIOT*,SC,Girl,273024,NSUT_Round1_2025.pdf
NSUT,2025,R1,Round1,Delhi,CIOT*,ST,Girl,1239050,NSUT_Round1_2025.pdf
NSUT,2025,R1,Round1,Delhi,CIOT*,General,Defense-CW,48060,NSUT_Round1_2025.pdf
NSUT,2025,R1,Round1,Delhi,CIOT*,EWS,Defense-CW,185420,NSUT_Round1_2025.pdf
NSUT,2025,R1,Round1,Delhi,CIOT*,SC,Defense-CW,415350,NSUT_Round1_2025.pdf
NSUT,2025,R1,Round1,Delhi,CIOT*,General,PwD,255186,NSUT_Round1_2025.pdf
NSUT,2025,R1,Round1,Delhi,ECAM*,General,Gender-Neutral,23989,NSUT_Round1_2025.pdf
NSUT,2025,R1,Round1,Delhi,ECAM*,EWS,Gender-Neutral,69454,NSUT_Round1_2025.pdf
NSUT,2025,R1,Round1,Delhi,ECAM*,OBC,Gender-Neutral,125626,NSUT_Round1_2025.pdf
NSUT,2025,R1,Round1,Delhi,ECAM*,SC,Gender-Neutral,229733,NSUT_Round1_2025.pdf
NSUT,2025,R1,Round1,Delhi,ECAM*,ST,Gender-Neutral,1171733,NSUT_Round1_2025.pdf
NSUT,2025,R1,Round1,Delhi,ECAM*,General,Girl,57247,NSUT_Round1_2025.pdf
NSUT,2025,R1,Round1,Delhi,ECAM*,EWS,Girl,163983,NSUT_Round1_2025.pdf
NSUT,2025,R1,Round1,Delhi,ECAM*,OBC,Girl,252762,NSUT_Round1_2025.pdf
NSUT,2025,R1,Round1,Delhi,ECAM*,SC,Girl,392552,NSUT_Round1_2025.pdf
NSUT,2025,R1,Round1,Delhi,ECAM*,General,Defense-CW,71270,NSUT_Round1_2025.pdf
NSUT,2025,R1,Round1,Delhi,ECAM*,EWS,Defense-CW,262562,NSUT_Round1_2025.pdf
NSUT,2025,R1,Round1,Delhi,ECAM*,OBC,Defense-CW,265906,NSUT_Round1_2025.pdf
NSUT,2025,R1,Round1,Delhi,ECAM*,General,PwD,495124,NSUT_Round1_2025.pdf
NSUT,2025,R1,Round1,Delhi,MEEV**,General,Gender-Neutral,43563,NSUT_Round1_2025.pdf
NSUT,2025,R1,Round1,Delhi,MEEV**,EWS,Gender-Neutral,118438,NSUT_Round1_2025.pdf
NSUT,2025,R1,Round1,Delhi,MEEV**,OBC,Gender-Neutral,186325,NSUT_Round1_2025.pdf
NSUT,2025,R1,Round1,Delhi,MEEV**,SC,Gender-Neutral,317058,NSUT_Round1_2025.pdf
NSUT,2025,R1,Round1,Delhi,MEEV**,ST,Gender-Neutral,1176855,NSUT_Round1_2025.pdf
NSUT,2025,R1,Round1,Delhi,MEEV**,General,Girl,79513,NSUT_Round1_2025.pdf
NSUT,2025,R1,Round1,Delhi,MEEV**,EWS,Girl,187881,NSUT_Round1_2025.pdf
NSUT,2025,R1,Round1,Delhi,MEEV**,OBC,Girl,366660,NSUT_Round1_2025.pdf
NSUT,2025,R1,Round1,Delhi,MEEV**,SC,Girl,471462,NSUT_Round1_2025.pdf
NSUT,2025,R1,Round1,Delhi,MEEV**,General,Defense-CW,108582,NSUT_Round1_2025.pdf
NSUT,2025,R1,Round1,Delhi,MEEV**,OBC,Defense-CW,370256,NSUT_Round1_2025.pdf
NSUT,2025,R1,Round1,Delhi,MEEV**,General,PwD,1301768,NSUT_Round1_2025.pdf
NSUT,2025,R1,Round1,Delhi,CE**,General,Gender-Neutral,50646,NSUT_Round1_2025.pdf
NSUT,2025,R1,Round1,Delhi,CE**,EWS,Gender-Neutral,120514,NSUT_Round1_2025.pdf
NSUT,2025,R1,Round1,Delhi,CE**,OBC,Gender-Neutral,207591,NSUT_Round1_2025.pdf
NSUT,2025,R1,Round1,Delhi,CE**,SC,Gender-Neutral,340402,NSUT_Round1_2025.pdf
NSUT,2025,R1,Round1,Delhi,CE**,ST,Gender-Neutral,649681,NSUT_Round1_2025.pdf
NSUT,2025,R1,Round1,Delhi,CE**,General,Girl,85250,NSUT_Round1_2025.pdf
NSUT,2025,R1,Round1,Delhi,CE**,EWS,Girl,185114,NSUT_Round1_2025.pdf
NSUT,2025,R1,Round1,Delhi,CE**,OBC,Girl,377127,NSUT_Round1_2025.pdf
NSUT,2025,R1,Round1,Delhi,CE**,SC,Girl,494818,NSUT_Round1_2025.pdf
NSUT,2025,R1,Round1,Delhi,CE**,ST,Girl,836299,NSUT_Round1_2025.pdf
NSUT,2025,R1,Round1,Delhi,CE**,General,Defense-CW,119871,NSUT_Round1_2025.pdf
NSUT,2025,R1,Round1,Delhi,GI**,General,Gender-Neutral,51755,NSUT_Round1_2025.pdf
NSUT,2025,R1,Round1,Delhi,GI**,EWS,Gender-Neutral,125883,NSUT_Round1_2025.pdf
NSUT,2025,R1,Round1,Delhi,GI**,OBC,Gender-Neutral,215711,NSUT_Round1_2025.pdf
NSUT,2025,R1,Round1,Delhi,GI**,SC,Gender-Neutral,353903,NSUT_Round1_2025.pdf
NSUT,2025,R1,Round1,Delhi,GI**,General,Girl,85847,NSUT_Round1_2025.pdf
NSUT,2025,R1,Round1,Delhi,GI**,EWS,Girl,235810,NSUT_Round1_2025.pdf
NSUT,2025,R1,Round1,Delhi,GI**,OBC,Girl,378872,NSUT_Round1_2025.pdf
NSUT,2025,R1,Round1,Delhi,GI**,SC,Girl,509968,NSUT_Round1_2025.pdf
NSUT,2025,R1,Round1,Delhi,GI**,General,Defense-CW,139896,NSUT_Round1_2025.pdf
NSUT,2025,R1,Round1,Delhi,GI**,OBC,Defense-CW,488170,NSUT_Round1_2025.pdf
NSUT,2025,R1,Round1,Delhi,B.Arch.**,General,Gender-Neutral,1386,NSUT_Round1_2025.pdf
NSUT,2025,R1,Round1,Delhi,B.Arch.**,EWS,Gender-Neutral,15323,NSUT_Round1_2025.pdf
NSUT,2025,R1,Round1,Delhi,B.Arch.**,OBC,Gender-Neutral,8106,NSUT_Round1_2025.pdf
NSUT,2025,R1,Round1,Delhi,B.Arch.**,SC,Gender-Neutral,6543,NSUT_Round1_2025.pdf
NSUT,2025,R1,Round1,Delhi,B.Arch.**,ST,Gender-Neutral,17580,NSUT_Round1_2025.pdf
NSUT,2025,R1,Round1,Delhi,B.Arch.**,General,Defense-CW,7200,NSUT_Round1_2025.pdf
NSUT,2025,R1,Round1,Delhi,B.Arch.**,OBC,Defense-CW,8813,NSUT_Round1_2025.pdf
NSUT,2025,R1,Round1,Outside-Delhi,Branch CSAI,General,Gender-Neutral,2092,NSUT_Round1_2025.pdf
NSUT,2025,R1,Round1,Outside-Delhi,Branch CSAI,EWS,Gender-Neutral,5940,NSUT_Round1_2025.pdf
NSUT,2025,R1,Round1,Outside-Delhi,Branch CSAI,OBC,Gender-Neutral,8213,NSUT_Round1_2025.pdf
NSUT,2025,R1,Round1,Outside-Delhi,Branch CSAI,SC,Gender-Neutral,81809,NSUT_Round1_2025.pdf
NSUT,2025,R1,Round1,Outside-Delhi,Branch CSAI,ST,Gender-Neutral,81809,NSUT_Round1_2025.pdf
NSUT,2025,R1,Round1,Outside-Delhi,Branch CSAI,General,Girl,3100,NSUT_Round1_2025.pdf
NSUT,2025,R1,Round1,Outside-Delhi,Branch CSAI,EWS,Girl,7408,NSUT_Round1_2025.pdf
NSUT,2025,R1,Round1,Outside-Delhi,Branch CSAI,OBC,Girl,8822,NSUT_Round1_2025.pdf
NSUT,2025,R1,Round1,Outside-Delhi,Branch CSAI,General,Defense-CW,39666,NSUT_Round1_2025.pdf
NSUT,2025,R1,Round1,Outside-Delhi,CSE,General,Gender-Neutral,2612,NSUT_Round1_2025.pdf
NSUT,2025,R1,Round1,Outside-Delhi,CSE,EWS,Gender-Neutral,5100,NSUT_Round1_2025.pdf
NSUT,2025,R1,Round1,Outside-Delhi,CSE,OBC,Gender-Neutral,8982,NSUT_Round1_2025.pdf
NSUT,2025,R1,Round1,Outside-Delhi,CSE,SC,Gender-Neutral,84138,NSUT_Round1_2025.pdf
NSUT,2025,R1,Round1,Outside-Delhi,CSE,ST,Gender-Neutral,84138,NSUT_Round1_2025.pdf
NSUT,2025,R1,Round1,Outside-Delhi,CSE,General,Girl,3299,NSUT_Round1_2025.pdf
NSUT,2025,R1,Round1,Outside-Delhi,CSE,OBC,Girl,12736,NSUT_Round1_2025.pdf
NSUT,2025,R1,Round1,Outside-Delhi,CSE,SC,Girl,45459,NSUT_Round1_2025.pdf
NSUT,2025,R1,Round1,Outside-Delhi,CSE,General,Defense-CW,782499,NSUT_Round1_2025.pdf
NSUT,2025,R1,Round1,Outside-Delhi,CSE,EWS,Defense-CW,56383,NSUT_Round1_2025.pdf
NSUT,2025,R1,Round1,Outside-Delhi,CSE,General,PwD,38558,NSUT_Round1_2025.pdf
NSUT,2025,R1,Round1,Outside-Delhi,CSE,OBC,PwD,175269,NSUT_Round1_2025.pdf
NSUT,2025,R1,Round1,Outside-Delhi,CSE,SC,PwD,196515,NSUT_Round1_2025.pdf
NSUT,2025,R1,Round1,Outside-Delhi,CSDS,General,Gender-Neutral,3161,NSUT_Round1_2025.pdf
NSUT,2025,R1,Round1,Outside-Delhi,CSDS,EWS,Gender-Neutral,6008,NSUT_Round1_2025.pdf
NSUT,2025,R1,Round1,Outside-Delhi,CSDS,OBC,Gender-Neutral,9441,NSUT_Round1_2025.pdf
NSUT,2025,R1,Round1,Outside-Delhi,CSDS,SC,Gender-Neutral,90737,NSUT_Round1_2025.pdf
NSUT,2025,R1,Round1,Outside-Delhi,CSDS,ST,Gender-Neutral,90737,NSUT_Round1_2025.pdf
NSUT,2025,R1,Round1,Outside-Delhi,CSDS,EWS,Girl,9612,NSUT_Round1_2025.pdf
NSUT,2025,R1,Round1,Outside-Delhi,CSDS,SC,Girl,65195,NSUT_Round1_2025.pdf
NSUT,2025,R1,Round1,Outside-Delhi,IT,General,Gender-Neutral,4013,NSUT_Round1_2025.pdf
NSUT,2025,R1,Round1,Outside-Delhi,IT,EWS,Gender-Neutral,7024,NSUT_Round1_2025.pdf
NSUT,2025,R1,Round1,Outside-Delhi,IT,OBC,Gender-Neutral,12369,NSUT_Round1_2025.pdf
NSUT,2025,R1,Round1,Outside-Delhi,IT,SC,Gender-Neutral,122527,NSUT_Round1_2025.pdf
NSUT,2025,R1,Round1,Outside-Delhi,IT,ST,Gender-Neutral,122527,NSUT_Round1_2025.pdf
NSUT,2025,R1,Round1,Outside-Delhi,IT,General,Girl,5059,NSUT_Round1_2025.pdf
NSUT,2025,R1,Round1,Outside-Delhi,IT,OBC,Girl,13470,NSUT_Round1_2025.pdf
NSUT,2025,R1,Round1,Outside-Delhi,IT,SC,Girl,85292,NSUT_Round1_2025.pdf
NSUT,2025,R1,Round1,Outside-Delhi,IT,OBC,Defense-CW,34677,NSUT_Round1_2025.pdf
NSUT,2025,R1,Round1,Outside-Delhi,IT,General,PwD,83599,NSUT_Round1_2025.pdf
NSUT,2025,R1,Round1,Outside-Delhi,ITNS,General,Gender-Neutral,4773,NSUT_Round1_2025.pdf
NSUT,2025,R1,Round1,Outside-Delhi,ITNS,EWS,Gender-Neutral,7503,NSUT_Round1_2025.pdf
NSUT,2025,R1,Round1,Outside-Delhi,ITNS,OBC,Gender-Neutral,12775,NSUT_Round1_2025.pdf
NSUT,2025,R1,Round1,Outside-Delhi,ITNS,SC,Gender-Neutral,125637,NSUT_Round1_2025.pdf
NSUT,2025,R1,Round1,Outside-Delhi,ITNS,ST,Gender-Neutral,125637,NSUT_Round1_2025.pdf
NSUT,2025,R1,Round1,Outside-Delhi,ITNS,General,Girl,6587,NSUT_Round1_2025.pdf
NSUT,2025,R1,Round1,Outside-Delhi,ITNS,ST,Girl,216309,NSUT_Round1_2025.pdf
NSUT,2025,R1,Round1,Outside-Delhi,MAC,General,Gender-Neutral,4181,NSUT_Round1_2025.pdf
NSUT,2025,R1,Round1,Outside-Delhi,MAC,EWS,Gender-Neutral,9255,NSUT_Round1_2025.pdf
NSUT,2025,R1,Round1,Outside-Delhi,MAC,OBC,Gender-Neutral,13421,NSUT_Round1_2025.pdf
NSUT,2025,R1,Round1,Outside-Delhi,MAC,SC,Gender-Neutral,133524,NSUT_Round1_2025.pdf
NSUT,2025,R1,Round1,Outside-Delhi,MAC,ST,Gender-Neutral,133524,NSUT_Round1_2025.pdf
NSUT,2025,R1,Round1,Outside-Delhi,MAC,General,Girl,4322,NSUT_Round1_2025.pdf
NSUT,2025,R1,Round1,Outside-Delhi,MAC,OBC,Girl,14201,NSUT_Round1_2025.pdf
NSUT,2025,R1,Round1,Outside-Delhi,ECE,General,Gender-Neutral,5540,NSUT_Round1_2025.pdf
NSUT,2025,R1,Round1,Outside-Delhi,ECE,EWS,Gender-Neutral,11369,NSUT_Round1_2025.pdf
NSUT,2025,R1,Round1,Outside-Delhi,ECE,OBC,Gender-Neutral,15623,NSUT_Round1_2025.pdf
NSUT,2025,R1,Round1,Outside-Delhi,ECE,SC,Gender-Neutral,124359,NSUT_Round1_2025.pdf
NSUT,2025,R1,Round1,Outside-Delhi,ECE,ST,Gender-Neutral,124359,NSUT_Round1_2025.pdf
NSUT,2025,R1,Round1,Outside-Delhi,ECE,General,Girl,7599,NSUT_Round1_2025.pdf
NSUT,2025,R1,Round1,Outside-Delhi,ECE,EWS,Girl,13331,NSUT_Round1_2025.pdf
NSUT,2025,R1,Round1,Outside-Delhi,ECE,OBC,Girl,21501,NSUT_Round1_2025.pdf
NSUT,2025,R1,Round1,Outside-Delhi,ECE,SC,Girl,97521,NSUT_Round1_2025.pdf
NSUT,2025,R1,Round1,Outside-Delhi,ECE,ST,Girl,237172,NSUT_Round1_2025.pdf
NSUT,2025,R1,Round1,Outside-Delhi,ECE,General,PwD,127567,NSUT_Round1_2025.pdf
NSUT,2025,R1,Round1,Outside-Delhi,ECE,EWS,PwD,507505,NSUT_Round1_2025.pdf
NSUT,2025,R1,Round1,Outside-Delhi,ECE,OBC,PwD,333118,NSUT_Round1_2025.pdf
NSUT,2025,R1,Round1,Outside-Delhi,EVDT,General,Gender-Neutral,6389,NSUT_Round1_2025.pdf
NSUT,2025,R1,Round1,Outside-Delhi,EVDT,EWS,Gender-Neutral,12507,NSUT_Round1_2025.pdf
NSUT,2025,R1,Round1,Outside-Delhi,EVDT,OBC,Gender-Neutral,16007,NSUT_Round1_2025.pdf
NSUT,2025,R1,Round1,Outside-Delhi,EVDT,SC,Gender-Neutral,162769,NSUT_Round1_2025.pdf
NSUT,2025,R1,Round1,Outside-Delhi,EVDT,ST,Gender-Neutral,162769,NSUT_Round1_2025.pdf
NSUT,2025,R1,Round1,Outside-Delhi,EVDT,General,Girl,8486,NSUT_Round1_2025.pdf
NSUT,2025,R1,Round1,Outside-Delhi,EVDT,OBC,Girl,24737,NSUT_Round1_2025.pdf
NSUT,2025,R1,Round1,Outside-Delhi,EE,General,Gender-Neutral,7456,NSUT_Round1_2025.pdf
NSUT,2025,R1,Round1,Outside-Delhi,EE,EWS,Gender-Neutral,14288,NSUT_Round1_2025.pdf
NSUT,2025,R1,Round1,Outside-Delhi,EE,OBC,Gender-Neutral,18481,NSUT_Round1_2025.pdf
NSUT,2025,R1,Round1,Outside-Delhi,EE,SC,Gender-Neutral,166647,NSUT_Round1_2025.pdf
NSUT,2025,R1,Round1,Outside-Delhi,EE,ST,Gender-Neutral,166647,NSUT_Round1_2025.pdf
NSUT,2025,R1,Round1,Outside-Delhi,EE,General,Girl,9205,NSUT_Round1_2025.pdf
NSUT,2025,R1,Round1,Outside-Delhi,EE,OBC,Girl,24991,NSUT_Round1_2025.pdf
NSUT,2025,R1,Round1,Outside-Delhi,EE,ST,Girl,247867,NSUT_Round1_2025.pdf
NSUT,2025,R1,Round1,Outside-Delhi,EE,General,Defense-CW,38726,NSUT_Round1_2025.pdf
NSUT,2025,R1,Round1,Outside-Delhi,EE,OBC,Defense-CW,144979,NSUT_Round1_2025.pdf
NSUT,2025,R1,Round1,Outside-Delhi,ICE,General,Gender-Neutral,8803,NSUT_Round1_2025.pdf
NSUT,2025,R1,Round1,Outside-Delhi,ICE,EWS,Gender-Neutral,15406,NSUT_Round1_2025.pdf
NSUT,2025,R1,Round1,Outside-Delhi,ICE,OBC,Gender-Neutral,20647,NSUT_Round1_2025.pdf
NSUT,2025,R1,Round1,Outside-Delhi,ICE,SC,Gender-Neutral,168476,NSUT_Round1_2025.pdf
NSUT,2025,R1,Round1,Outside-Delhi,ICE,ST,Gender-Neutral,168476,NSUT_Round1_2025.pdf
NSUT,2025,R1,Round1,Outside-Delhi,ICE,General,Girl,14793,NSUT_Round1_2025.pdf
NSUT,2025,R1,Round1,Outside-Delhi,ICE,OBC,Girl,29811,NSUT_Round1_2025.pdf
NSUT,2025,R1,Round1,Outside-Delhi,ICE,SC,Girl,118125,NSUT_Round1_2025.pdf
NSUT,2025,R1,Round1,Outside-Delhi,ICE,General,Defense-CW,45285,NSUT_Round1_2025.pdf
NSUT,2025,R1,Round1,Outside-Delhi,ICE,ST,Defense-CW,444900,NSUT_Round1_2025.pdf
NSUT,2025,R1,Round1,Outside-Delhi,ICE,General,PwD,175182,NSUT_Round1_2025.pdf
NSUT,2025,R1,Round1,Outside-Delhi,ICE,OBC,PwD,625093,NSUT_Round1_2025.pdf
NSUT,2025,R1,Round1,Outside-Delhi,ME,General,Gender-Neutral,10182,NSUT_Round1_2025.pdf
NSUT,2025,R1,Round1,Outside-Delhi,ME,EWS,Gender-Neutral,18558,NSUT_Round1_2025.pdf
NSUT,2025,R1,Round1,Outside-Delhi,ME,OBC,Gender-Neutral,23847,NSUT_Round1_2025.pdf
NSUT,2025,R1,Round1,Outside-Delhi,ME,SC,Gender-Neutral,168205,NSUT_Round1_2025.pdf
NSUT,2025,R1,Round1,Outside-Delhi,ME,ST,Gender-Neutral,168205,NSUT_Round1_2025.pdf
NSUT,2025,R1,Round1,Outside-Delhi,ME,General,Girl,16148,NSUT_Round1_2025.pdf
NSUT,2025,R1,Round1,Outside-Delhi,ME,EWS,Girl,26989,NSUT_Round1_2025.pdf
NSUT,2025,R1,Round1,Outside-Delhi,ME,OBC,Girl,37414,NSUT_Round1_2025.pdf
NSUT,2025,R1,Round1,Outside-Delhi,ME,SC,Girl,137557,NSUT_Round1_2025.pdf
NSUT,2025,R1,Round1,Outside-Delhi,ME,SC,Defense-CW,164177,NSUT_Round1_2025.pdf
NSUT,2025,R1,Round1,Outside-Delhi,ME,General,PwD,226581,NSUT_Round1_2025.pdf
NSUT,2025,R1,Round1,Outside-Delhi,ME,OBC,PwD,663853,NSUT_Round1_2025.pdf
NSUT,2025,R1,Round1,Outside-Delhi,BT,General,Gender-Neutral,12513,NSUT_Round1_2025.pdf
NSUT,2025,R1,Round1,Outside-Delhi,BT,EWS,Gender-Neutral,20270,NSUT_Round1_2025.pdf
NSUT,2025,R1,Round1,Outside-Delhi,BT,OBC,Gender-Neutral,26763,NSUT_Round1_2025.pdf
NSUT,2025,R1,Round1,Outside-Delhi,BT,SC,Gender-Neutral,185683,NSUT_Round1_2025.pdf
NSUT,2025,R1,Round1,Outside-Delhi,BT,ST,Gender-Neutral,185683,NSUT_Round1_2025.pdf
NSUT,2025,R1,Round1,Outside-Delhi,BT,General,Girl,21844,NSUT_Round1_2025.pdf
NSUT,2025,R1,Round1,Outside-Delhi,BT,OBC,Girl,43437,NSUT_Round1_2025.pdf
NSUT,2025,R1,Round1,Outside-Delhi,BT,SC,Defense-CW,213364,NSUT_Round1_2025.pdf
NSUT,2025,R1,Round1,Outside-Delhi,CSDA*,General,Gender-Neutral,4229,NSUT_Round1_2025.pdf
NSUT,2025,R1,Round1,Outside-Delhi,CSDA*,EWS,Gender-Neutral,7709,NSUT_Round1_2025.pdf
NSUT,2025,R1,Round1,Outside-Delhi,CSDA*,OBC,Gender-Neutral,13000,NSUT_Round1_2025.pdf
NSUT,2025,R1,Round1,Outside-Delhi,CSDA*,SC,Gender-Neutral,130409,NSUT_Round1_2025.pdf
NSUT,2025,R1,Round1,Outside-Delhi,CSDA*,ST,Gender-Neutral,130409,NSUT_Round1_2025.pdf
NSUT,2025,R1,Round1,Outside-Delhi,CSDA*,OBC,Girl,20004,NSUT_Round1_2025.pdf
NSUT,2025,R1,Round1,Outside-Delhi,CSDA*,SC,Girl,75267,NSUT_Round1_2025.pdf
NSUT,2025,R1,Round1,Outside-Delhi,CSDA*,General,PwD,70279,NSUT_Round1_2025.pdf
NSUT,2025,R1,Round1,Outside-Delhi,CIOT*,General,Gender-Neutral,5145,NSUT_Round1_2025.pdf
NSUT,2025,R1,Round1,Outside-Delhi,CIOT*,EWS,Gender-Neutral,9928,NSUT_Round1_2025.pdf
NSUT,2025,R1,Round1,Outside-Delhi,CIOT*,OBC,Gender-Neutral,15419,NSUT_Round1_2025.pdf
NSUT,2025,R1,Round1,Outside-Delhi,CIOT*,SC,Gender-Neutral,136448,NSUT_Round1_2025.pdf
NSUT,2025,R1,Round1,Outside-Delhi,CIOT*,ST,Gender-Neutral,136448,NSUT_Round1_2025.pdf
NSUT,2025,R1,Round1,Outside-Delhi,CIOT*,General,Girl,7686,NSUT_Round1_2025.pdf
NSUT,2025,R1,Round1,Outside-Delhi,CIOT*,OBC,Girl,21525,NSUT_Round1_2025.pdf
NSUT,2025,R1,Round1,Outside-Delhi,ECAM*,General,Gender-Neutral,6427,NSUT_Round1_2025.pdf
NSUT,2025,R1,Round1,Outside-Delhi,ECAM*,EWS,Gender-Neutral,11953,NSUT_Round1_2025.pdf
NSUT,2025,R1,Round1,Outside-Delhi,ECAM*,OBC,Gender-Neutral,17175,NSUT_Round1_2025.pdf
NSUT,2025,R1,Round1,Outside-Delhi,ECAM*,SC,Gender-Neutral,140305,NSUT_Round1_2025.pdf
NSUT,2025,R1,Round1,Outside-Delhi,ECAM*,ST,Gender-Neutral,140305,NSUT_Round1_2025.pdf
NSUT,2025,R1,Round1,Outside-Delhi,ECAM*,General,Girl,13440,NSUT_Round1_2025.pdf
NSUT,2025,R1,Round1,Outside-Delhi,ECAM*,EWS,Girl,13986,NSUT_Round1_2025.pdf
NSUT,2025,R1,Round1,Outside-Delhi,ECAM*,OBC,Girl,25568,NSUT_Round1_2025.pdf
NSUT,2025,R1,Round1,Outside-Delhi,ECAM*,ST,Girl,275428,NSUT_Round1_2025.pdf
NSUT,2025,R1,Round1,Outside-Delhi,ECAM*,General,Defense-CW,203290,NSUT_Round1_2025.pdf
NSUT,2025,R1,Round1,Outside-Delhi,ECAM*,EWS,Defense-CW,88647,NSUT_Round1_2025.pdf
NSUT,2025,R1,Round1,Outside-Delhi,ECAM*,OBC,PwD,592591,NSUT_Round1_2025.pdf
NSUT,2025,R1,Round1,Outside-Delhi,ECAM*,SC,PwD,843231,NSUT_Round1_2025.pdf
NSUT,2025,R1,Round1,Outside-Delhi,MEEV**,General,Gender-Neutral,10281,NSUT_Round1_2025.pdf
NSUT,2025,R1,Round1,Outside-Delhi,MEEV**,EWS,Gender-Neutral,19189,NSUT_Round1_2025.pdf
NSUT,2025,R1,Round1,Outside-Delhi,MEEV**,OBC,Gender-Neutral,22906,NSUT_Round1_2025.pdf
NSUT,2025,R1,Round1,Outside-Delhi,MEEV**,SC,Gender-Neutral,166861,NSUT_Round1_2025.pdf
NSUT,2025,R1,Round1,Outside-Delhi,MEEV**,ST,Gender-Neutral,166861,NSUT_Round1_2025.pdf
NSUT,2025,R1,Round1,Outside-Delhi,MEEV**,General,Girl,17956,NSUT_Round1_2025.pdf
NSUT,2025,R1,Round1,Outside-Delhi,MEEV**,OBC,Girl,39715,NSUT_Round1_2025.pdf
NSUT,2025,R1,Round1,Outside-Delhi,CE**,General,Gender-Neutral,12457,NSUT_Round1_2025.pdf
NSUT,2025,R1,Round1,Outside-Delhi,CE**,EWS,Gender-Neutral,20213,NSUT_Round1_2025.pdf
NSUT,2025,R1,Round1,Outside-Delhi,CE**,OBC,Gender-Neutral,26760,NSUT_Round1_2025.pdf
NSUT,2025,R1,Round1,Outside-Delhi,CE**,General,Girl,26311,NSUT_Round1_2025.pdf
NSUT,2025,R1,Round1,Outside-Delhi,CE**,EWS,Girl,31197,NSUT_Round1_2025.pdf
NSUT,2025,R1,Round1,Outside-Delhi,CE**,OBC,Defense-CW,33624,NSUT_Round1_2025.pdf
NSUT,2025,R1,Round1,Outside-Delhi,GI**,General,Gender-Neutral,12892,NSUT_Round1_2025.pdf
NSUT,2025,R1,Round1,Outside-Delhi,GI**,OBC,Gender-Neutral,27397,NSUT_Round1_2025.pdf
NSUT,2025,R1,Round1,Outside-Delhi,GI**,SC,Gender-Neutral,169731,NSUT_Round1_2025.pdf
NSUT,2025,R1,Round1,Outside-Delhi,GI**,ST,Gender-Neutral,169731,NSUT_Round1_2025.pdf
NSUT,2025,R1,Round1,Outside-Delhi,GI**,General,Girl,22998,NSUT_Round1_2025.pdf
NSUT,2025,R1,Round1,Outside-Delhi,B.Arch.**,General,Gender-Neutral,63,NSUT_Round1_2025.pdf
NSUT,2025,R1,Round1,Outside-Delhi,B.Arch.**,EWS,Gender-Neutral,3732,NSUT_Round1_2025.pdf
NSUT,2025,R1,Round1,Outside-Delhi,B.Arch.**,OBC,Gender-Neutral,792,NSUT_Round1_2025.pdf
NSUT,2025,R1,Round1,Outside-Delhi,B.Arch.**,SC,Gender-Neutral,2203,NSUT_Round1_2025.pdf
NSUT,Revised_2025,R1,Round1,Delhi,Branch CSAI,General,Gender-Neutral,2922,NSUT_Round1_Revised_2025.pdf
NSUT,Revised_2025,R1,Round1,Delhi,Branch CSAI,EWS,Gender-Neutral,16481,NSUT_Round1_Revised_2025.pdf
NSUT,Revised_2025,R1,Round1,Delhi,Branch CSAI,OBC,Gender-Neutral,19550,NSUT_Round1_Revised_2025.pdf
NSUT,Revised_2025,R1,Round1,Delhi,Branch CSAI,SC,Gender-Neutral,62948,NSUT_Round1_Revised_2025.pdf
NSUT,Revised_2025,R1,Round1,Delhi,Branch CSAI,ST,Gender-Neutral,160822,NSUT_Round1_Revised_2025.pdf
NSUT,Revised_2025,R1,Round1,Delhi,Branch CSAI,General,Girl,6083,NSUT_Round1_Revised_2025.pdf
NSUT,Revised_2025,R1,Round1,Delhi,Branch CSAI,EWS,Girl,20528,NSUT_Round1_Revised_2025.pdf
NSUT,Revised_2025,R1,Round1,Delhi,Branch CSAI,OBC,Girl,52469,NSUT_Round1_Revised_2025.pdf
NSUT,Revised_2025,R1,Round1,Delhi,Branch CSAI,SC,Girl,130046,NSUT_Round1_Revised_2025.pdf
NSUT,Revised_2025,R1,Round1,Delhi,Branch CSAI,ST,Girl,333820,NSUT_Round1_Revised_2025.pdf
NSUT,Revised_2025,R1,Round1,Delhi,Branch CSAI,General,Defense-CW,398179,NSUT_Round1_Revised_2025.pdf
NSUT,Revised_2025,R1,Round1,Delhi,Branch CSAI,OBC,Defense-CW,83144,NSUT_Round1_Revised_2025.pdf
NSUT,Revised_2025,R1,Round1,Delhi,Branch CSAI,SC,Defense-CW,229299,NSUT_Round1_Revised_2025.pdf
NSUT,Revised_2025,R1,Round1,Delhi,Branch CSAI,ST,Defense-CW,759031,NSUT_Round1_Revised_2025.pdf
NSUT,Revised_2025,R1,Round1,Delhi,Branch CSAI,General,PwD,146747,NSUT_Round1_Revised_2025.pdf
NSUT,Revised_2025,R1,Round1,Delhi,Branch CSAI,EWS,PwD,298614,NSUT_Round1_Revised_2025.pdf
NSUT,Revised_2025,R1,Round1,Delhi,Branch CSAI,OBC,PwD,254032,NSUT_Round1_Revised_2025.pdf
NSUT,Revised_2025,R1,Round1,Delhi,Branch CSAI,SC,PwD,1410918,NSUT_Round1_Revised_2025.pdf
NSUT,Revised_2025,R1,Round1,Delhi,CSE,General,Gender-Neutral,4889,NSUT_Round1_Revised_2025.pdf
NSUT,Revised_2025,R1,Round1,Delhi,CSE,EWS,Gender-Neutral,22463,NSUT_Round1_Revised_2025.pdf
NSUT,Revised_2025,R1,Round1,Delhi,CSE,OBC,Gender-Neutral,37497,NSUT_Round1_Revised_2025.pdf
NSUT,Revised_2025,R1,Round1,Delhi,CSE,SC,Gender-Neutral,85621,NSUT_Round1_Revised_2025.pdf
NSUT,Revised_2025,R1,Round1,Delhi,CSE,ST,Gender-Neutral,263490,NSUT_Round1_Revised_2025.pdf
NSUT,Revised_2025,R1,Round1,Delhi,CSE,General,Girl,8565,NSUT_Round1_Revised_2025.pdf
NSUT,Revised_2025,R1,Round1,Delhi,CSE,EWS,Girl,34000,NSUT_Round1_Revised_2025.pdf
NSUT,Revised_2025,R1,Round1,Delhi,CSE,OBC,Girl,52261,NSUT_Round1_Revised_2025.pdf
NSUT,Revised_2025,R1,Round1,Delhi,CSE,SC,Girl,137182,NSUT_Round1_Revised_2025.pdf
NSUT,Revised_2025,R1,Round1,Delhi,CSE,ST,Girl,350102,NSUT_Round1_Revised_2025.pdf
NSUT,Revised_2025,R1,Round1,Delhi,CSE,General,Defense-CW,640484,NSUT_Round1_Revised_2025.pdf
NSUT,Revised_2025,R1,Round1,Delhi,CSE,EWS,Defense-CW,60647,NSUT_Round1_Revised_2025.pdf
NSUT,Revised_2025,R1,Round1,Delhi,CSE,OBC,Defense-CW,87660,NSUT_Round1_Revised_2025.pdf
NSUT,Revised_2025,R1,Round1,Delhi,CSE,SC,Defense-CW,210630,NSUT_Round1_Revised_2025.pdf
NSUT,Revised_2025,R1,Round1,Delhi,CSE,General,PwD,115948,NSUT_Round1_Revised_2025.pdf
NSUT,Revised_2025,R1,Round1,Delhi,CSE,EWS,PwD,195752,NSUT_Round1_Revised_2025.pdf
NSUT,Revised_2025,R1,Round1,Delhi,CSE,OBC,PwD,322633,NSUT_Round1_Revised_2025.pdf
NSUT,Revised_2025,R1,Round1,Delhi,CSE,ST,PwD,410087,NSUT_Round1_Revised_2025.pdf
NSUT,Revised_2025,R1,Round1,Delhi,CSE,ST,PwD,476338,NSUT_Round1_Revised_2025.pdf
NSUT,Revised_2025,R1,Round1,Delhi,CSDS,General,Gender-Neutral,6844,NSUT_Round1_Revised_2025.pdf
NSUT,Revised_2025,R1,Round1,Delhi,CSDS,EWS,Gender-Neutral,25315,NSUT_Round1_Revised_2025.pdf
NSUT,Revised_2025,R1,Round1,Delhi,CSDS,OBC,Gender-Neutral,45515,NSUT_Round1_Revised_2025.pdf
NSUT,Revised_2025,R1,Round1,Delhi,CSDS,SC,Gender-Neutral,94381,NSUT_Round1_Revised_2025.pdf
NSUT,Revised_2025,R1,Round1,Delhi,CSDS,ST,Gender-Neutral,326835,NSUT_Round1_Revised_2025.pdf
NSUT,Revised_2025,R1,Round1,Delhi,CSDS,General,Girl,9766,NSUT_Round1_Revised_2025.pdf
NSUT,Revised_2025,R1,Round1,Delhi,CSDS,EWS,Girl,45275,NSUT_Round1_Revised_2025.pdf
NSUT,Revised_2025,R1,Round1,Delhi,CSDS,OBC,Girl,70087,NSUT_Round1_Revised_2025.pdf
NSUT,Revised_2025,R1,Round1,Delhi,CSDS,SC,Girl,139357,NSUT_Round1_Revised_2025.pdf
NSUT,Revised_2025,R1,Round1,Delhi,CSDS,General,Defense-CW,90762,NSUT_Round1_Revised_2025.pdf
NSUT,Revised_2025,R1,Round1,Delhi,CSDS,OBC,Defense-CW,89301,NSUT_Round1_Revised_2025.pdf
NSUT,Revised_2025,R1,Round1,Delhi,CSDS,General,PwD,155404,NSUT_Round1_Revised_2025.pdf
NSUT,Revised_2025,R1,Round1,Delhi,CSDS,OBC,PwD,454326,NSUT_Round1_Revised_2025.pdf
NSUT,Revised_2025,R1,Round1,Delhi,IT,General,Gender-Neutral,9845,NSUT_Round1_Revised_2025.pdf
NSUT,Revised_2025,R1,Round1,Delhi,IT,EWS,Gender-Neutral,36194,NSUT_Round1_Revised_2025.pdf
NSUT,Revised_2025,R1,Round1,Delhi,IT,OBC,Gender-Neutral,60098,NSUT_Round1_Revised_2025.pdf
NSUT,Revised_2025,R1,Round1,Delhi,IT,SC,Gender-Neutral,128048,NSUT_Round1_Revised_2025.pdf
NSUT,Revised_2025,R1,Round1,Delhi,IT,ST,Gender-Neutral,495846,NSUT_Round1_Revised_2025.pdf
NSUT,Revised_2025,R1,Round1,Delhi,IT,General,Girl,12380,NSUT_Round1_Revised_2025.pdf
NSUT,Revised_2025,R1,Round1,Delhi,IT,EWS,Girl,59499,NSUT_Round1_Revised_2025.pdf
NSUT,Revised_2025,R1,Round1,Delhi,IT,OBC,Girl,84549,NSUT_Round1_Revised_2025.pdf
NSUT,Revised_2025,R1,Round1,Delhi,IT,SC,Girl,166900,NSUT_Round1_Revised_2025.pdf
NSUT,Revised_2025,R1,Round1,Delhi,IT,ST,Girl,569433,NSUT_Round1_Revised_2025.pdf
NSUT,Revised_2025,R1,Round1,Delhi,IT,General,Defense-CW,445902,NSUT_Round1_Revised_2025.pdf
NSUT,Revised_2025,R1,Round1,Delhi,IT,EWS,Defense-CW,127854,NSUT_Round1_Revised_2025.pdf
NSUT,Revised_2025,R1,Round1,Delhi,IT,OBC,Defense-CW,139393,NSUT_Round1_Revised_2025.pdf
NSUT,Revised_2025,R1,Round1,Delhi,IT,General,PwD,209008,NSUT_Round1_Revised_2025.pdf
NSUT,Revised_2025,R1,Round1,Delhi,ITNS,General,Gender-Neutral,12399,NSUT_Round1_Revised_2025.pdf
NSUT,Revised_2025,R1,Round1,Delhi,ITNS,EWS,Gender-Neutral,42618,NSUT_Round1_Revised_2025.pdf
NSUT,Revised_2025,R1,Round1,Delhi,ITNS,OBC,Gender-Neutral,72927,NSUT_Round1_Revised_2025.pdf
NSUT,Revised_2025,R1,Round1,Delhi,ITNS,SC,Gender-Neutral,153567,NSUT_Round1_Revised_2025.pdf
NSUT,Revised_2025,R1,Round1,Delhi,ITNS,ST,Gender-Neutral,581014,NSUT_Round1_Revised_2025.pdf
NSUT,Revised_2025,R1,Round1,Delhi,ITNS,General,Girl,14625,NSUT_Round1_Revised_2025.pdf
NSUT,Revised_2025,R1,Round1,Delhi,ITNS,EWS,Girl,51563,NSUT_Round1_Revised_2025.pdf
NSUT,Revised_2025,R1,Round1,Delhi,ITNS,OBC,Girl,93797,NSUT_Round1_Revised_2025.pdf
NSUT,Revised_2025,R1,Round1,Delhi,ITNS,SC,Girl,175636,NSUT_Round1_Revised_2025.pdf
NSUT,Revised_2025,R1,Round1,Delhi,ITNS,ST,Girl,680357,NSUT_Round1_Revised_2025.pdf
NSUT,Revised_2025,R1,Round1,Delhi,ITNS,General,Defense-CW,92363,NSUT_Round1_Revised_2025.pdf
NSUT,Revised_2025,R1,Round1,Delhi,ITNS,SC,Defense-CW,394754,NSUT_Round1_Revised_2025.pdf
NSUT,Revised_2025,R1,Round1,Delhi,ITNS,General,PwD,270448,NSUT_Round1_Revised_2025.pdf
NSUT,Revised_2025,R1,Round1,Delhi,MAC,General,Gender-Neutral,13639,NSUT_Round1_Revised_2025.pdf
NSUT,Revised_2025,R1,Round1,Delhi,MAC,EWS,Gender-Neutral,45577,NSUT_Round1_Revised_2025.pdf
NSUT,Revised_2025,R1,Round1,Delhi,MAC,OBC,Gender-Neutral,79469,NSUT_Round1_Revised_2025.pdf
NSUT,Revised_2025,R1,Round1,Delhi,MAC,SC,Gender-Neutral,172848,NSUT_Round1_Revised_2025.pdf
NSUT,Revised_2025,R1,Round1,Delhi,MAC,ST,Gender-Neutral,666401,NSUT_Round1_Revised_2025.pdf
NSUT,Revised_2025,R1,Round1,Delhi,MAC,General,Girl,17161,NSUT_Round1_Revised_2025.pdf
NSUT,Revised_2025,R1,Round1,Delhi,MAC,EWS,Girl,80751,NSUT_Round1_Revised_2025.pdf
NSUT,Revised_2025,R1,Round1,Delhi,MAC,OBC,Girl,117079,NSUT_Round1_Revised_2025.pdf
NSUT,Revised_2025,R1,Round1,Delhi,MAC,SC,Girl,203922,NSUT_Round1_Revised_2025.pdf
NSUT,Revised_2025,R1,Round1,Delhi,MAC,General,Defense-CW,15523,NSUT_Round1_Revised_2025.pdf
NSUT,Revised_2025,R1,Round1,Delhi,MAC,SC,Defense-CW,712098,NSUT_Round1_Revised_2025.pdf
NSUT,Revised_2025,R1,Round1,Delhi,MAC,General,PwD,353540,NSUT_Round1_Revised_2025.pdf
NSUT,Revised_2025,R1,Round1,Delhi,ECE,General,Gender-Neutral,18031,NSUT_Round1_Revised_2025.pdf
NSUT,Revised_2025,R1,Round1,Delhi,ECE,EWS,Gender-Neutral,54686,NSUT_Round1_Revised_2025.pdf
NSUT,Revised_2025,R1,Round1,Delhi,ECE,OBC,Gender-Neutral,103771,NSUT_Round1_Revised_2025.pdf
NSUT,Revised_2025,R1,Round1,Delhi,ECE,SC,Gender-Neutral,196760,NSUT_Round1_Revised_2025.pdf
NSUT,Revised_2025,R1,Round1,Delhi,ECE,ST,Gender-Neutral,740980,NSUT_Round1_Revised_2025.pdf
NSUT,Revised_2025,R1,Round1,Delhi,ECE,General,Girl,27800,NSUT_Round1_Revised_2025.pdf
NSUT,Revised_2025,R1,Round1,Delhi,ECE,EWS,Girl,86184,NSUT_Round1_Revised_2025.pdf
NSUT,Revised_2025,R1,Round1,Delhi,ECE,OBC,Girl,163950,NSUT_Round1_Revised_2025.pdf
NSUT,Revised_2025,R1,Round1,Delhi,ECE,SC,Girl,276893,NSUT_Round1_Revised_2025.pdf
NSUT,Revised_2025,R1,Round1,Delhi,ECE,General,Defense-CW,31778,NSUT_Round1_Revised_2025.pdf
NSUT,Revised_2025,R1,Round1,Delhi,ECE,EWS,Defense-CW,159072,NSUT_Round1_Revised_2025.pdf
NSUT,Revised_2025,R1,Round1,Delhi,ECE,OBC,Defense-CW,188916,NSUT_Round1_Revised_2025.pdf
NSUT,Revised_2025,R1,Round1,Delhi,ECE,SC,Defense-CW,950487,NSUT_Round1_Revised_2025.pdf
NSUT,Revised_2025,R1,Round1,Delhi,ECE,General,PwD,369551,NSUT_Round1_Revised_2025.pdf
NSUT,Revised_2025,R1,Round1,Delhi,ECE,EWS,PwD,653065,NSUT_Round1_Revised_2025.pdf
NSUT,Revised_2025,R1,Round1,Delhi,EVDT,General,Gender-Neutral,20142,NSUT_Round1_Revised_2025.pdf
NSUT,Revised_2025,R1,Round1,Delhi,EVDT,EWS,Gender-Neutral,59210,NSUT_Round1_Revised_2025.pdf
NSUT,Revised_2025,R1,Round1,Delhi,EVDT,OBC,Gender-Neutral,107750,NSUT_Round1_Revised_2025.pdf
NSUT,Revised_2025,R1,Round1,Delhi,EVDT,SC,Gender-Neutral,204457,NSUT_Round1_Revised_2025.pdf
NSUT,Revised_2025,R1,Round1,Delhi,EVDT,ST,Gender-Neutral,1258832,NSUT_Round1_Revised_2025.pdf
NSUT,Revised_2025,R1,Round1,Delhi,EVDT,General,Girl,28221,NSUT_Round1_Revised_2025.pdf
NSUT,Revised_2025,R1,Round1,Delhi,EVDT,EWS,Girl,94776,NSUT_Round1_Revised_2025.pdf
NSUT,Revised_2025,R1,Round1,Delhi,EVDT,OBC,Girl,184498,NSUT_Round1_Revised_2025.pdf
NSUT,Revised_2025,R1,Round1,Delhi,EVDT,SC,Girl,282842,NSUT_Round1_Revised_2025.pdf
NSUT,Revised_2025,R1,Round1,Delhi,EVDT,General,Defense-CW,686998,NSUT_Round1_Revised_2025.pdf
NSUT,Revised_2025,R1,Round1,Delhi,EVDT,OBC,Defense-CW,237741,NSUT_Round1_Revised_2025.pdf
NSUT,Revised_2025,R1,Round1,Delhi,EVDT,General,PwD,498724,NSUT_Round1_Revised_2025.pdf
NSUT,Revised_2025,R1,Round1,Delhi,EE,General,Gender-Neutral,26555,NSUT_Round1_Revised_2025.pdf
NSUT,Revised_2025,R1,Round1,Delhi,EE,EWS,Gender-Neutral,75946,NSUT_Round1_Revised_2025.pdf
NSUT,Revised_2025,R1,Round1,Delhi,EE,OBC,Gender-Neutral,136007,NSUT_Round1_Revised_2025.pdf
NSUT,Revised_2025,R1,Round1,Delhi,EE,SC,Gender-Neutral,239225,NSUT_Round1_Revised_2025.pdf
NSUT,Revised_2025,R1,Round1,Delhi,EE,ST,Gender-Neutral,1248079,NSUT_Round1_Revised_2025.pdf
NSUT,Revised_2025,R1,Round1,Delhi,EE,General,Girl,43802,NSUT_Round1_Revised_2025.pdf
NSUT,Revised_2025,R1,Round1,Delhi,EE,EWS,Girl,149315,NSUT_Round1_Revised_2025.pdf
NSUT,Revised_2025,R1,Round1,Delhi,EE,OBC,Girl,259659,NSUT_Round1_Revised_2025.pdf
NSUT,Revised_2025,R1,Round1,Delhi,EE,SC,Girl,392640,NSUT_Round1_Revised_2025.pdf
NSUT,Revised_2025,R1,Round1,Delhi,EE,General,Defense-CW,82207,NSUT_Round1_Revised_2025.pdf
NSUT,Revised_2025,R1,Round1,Delhi,EE,EWS,Defense-CW,202816,NSUT_Round1_Revised_2025.pdf
NSUT,Revised_2025,R1,Round1,Delhi,EE,OBC,Defense-CW,313629,NSUT_Round1_Revised_2025.pdf
NSUT,Revised_2025,R1,Round1,Delhi,EE,General,PwD,615543,NSUT_Round1_Revised_2025.pdf
NSUT,Revised_2025,R1,Round1,Delhi,ICE,General,Gender-Neutral,31856,NSUT_Round1_Revised_2025.pdf
NSUT,Revised_2025,R1,Round1,Delhi,ICE,EWS,Gender-Neutral,81138,NSUT_Round1_Revised_2025.pdf
NSUT,Revised_2025,R1,Round1,Delhi,ICE,OBC,Gender-Neutral,151909,NSUT_Round1_Revised_2025.pdf
NSUT,Revised_2025,R1,Round1,Delhi,ICE,SC,Gender-Neutral,275349,NSUT_Round1_Revised_2025.pdf
NSUT,Revised_2025,R1,Round1,Delhi,ICE,General,Girl,68101,NSUT_Round1_Revised_2025.pdf
NSUT,Revised_2025,R1,Round1,Delhi,ICE,EWS,Girl,202641,NSUT_Round1_Revised_2025.pdf
NSUT,Revised_2025,R1,Round1,Delhi,ICE,OBC,Girl,314621,NSUT_Round1_Revised_2025.pdf
NSUT,Revised_2025,R1,Round1,Delhi,ICE,SC,Girl,484836,NSUT_Round1_Revised_2025.pdf
NSUT,Revised_2025,R1,Round1,Delhi,ICE,General,Defense-CW,88060,NSUT_Round1_Revised_2025.pdf
NSUT,Revised_2025,R1,Round1,Delhi,ICE,EWS,Defense-CW,254388,NSUT_Round1_Revised_2025.pdf
NSUT,Revised_2025,R1,Round1,Delhi,ICE,OBC,Defense-CW,384882,NSUT_Round1_Revised_2025.pdf
NSUT,Revised_2025,R1,Round1,Delhi,ICE,General,PwD,1053928,NSUT_Round1_Revised_2025.pdf
NSUT,Revised_2025,R1,Round1,Delhi,ME,General,Gender-Neutral,39529,NSUT_Round1_Revised_2025.pdf
NSUT,Revised_2025,R1,Round1,Delhi,ME,EWS,Gender-Neutral,106112,NSUT_Round1_Revised_2025.pdf
NSUT,Revised_2025,R1,Round1,Delhi,ME,OBC,Gender-Neutral,175628,NSUT_Round1_Revised_2025.pdf
NSUT,Revised_2025,R1,Round1,Delhi,ME,SC,Gender-Neutral,303294,NSUT_Round1_Revised_2025.pdf
NSUT,Revised_2025,R1,Round1,Delhi,ME,ST,Gender-Neutral,904236,NSUT_Round1_Revised_2025.pdf
NSUT,Revised_2025,R1,Round1,Delhi,ME,General,Girl,74049,NSUT_Round1_Revised_2025.pdf
NSUT,Revised_2025,R1,Round1,Delhi,ME,EWS,Girl,205964,NSUT_Round1_Revised_2025.pdf
NSUT,Revised_2025,R1,Round1,Delhi,ME,OBC,Girl,329782,NSUT_Round1_Revised_2025.pdf
NSUT,Revised_2025,R1,Round1,Delhi,ME,SC,Girl,508592,NSUT_Round1_Revised_2025.pdf
NSUT,Revised_2025,R1,Round1,Delhi,ME,General,Defense-CW,107682,NSUT_Round1_Revised_2025.pdf
NSUT,Revised_2025,R1,Round1,Delhi,ME,EWS,Defense-CW,332856,NSUT_Round1_Revised_2025.pdf
NSUT,Revised_2025,R1,Round1,Delhi,ME,OBC,Defense-CW,451813,NSUT_Round1_Revised_2025.pdf
NSUT,Revised_2025,R1,Round1,Delhi,ME,General,PwD,852538,NSUT_Round1_Revised_2025.pdf
NSUT,Revised_2025,R1,Round1,Delhi,BT,General,Gender-Neutral,48858,NSUT_Round1_Revised_2025.pdf
NSUT,Revised_2025,R1,Round1,Delhi,BT,EWS,Gender-Neutral,121042,NSUT_Round1_Revised_2025.pdf
NSUT,Revised_2025,R1,Round1,Delhi,BT,OBC,Gender-Neutral,206804,NSUT_Round1_Revised_2025.pdf
NSUT,Revised_2025,R1,Round1,Delhi,BT,SC,Gender-Neutral,350025,NSUT_Round1_Revised_2025.pdf
NSUT,Revised_2025,R1,Round1,Delhi,BT,General,Girl,73559,NSUT_Round1_Revised_2025.pdf
NSUT,Revised_2025,R1,Round1,Delhi,BT,EWS,Girl,201548,NSUT_Round1_Revised_2025.pdf
NSUT,Revised_2025,R1,Round1,Delhi,BT,OBC,Girl,316852,NSUT_Round1_Revised_2025.pdf
NSUT,Revised_2025,R1,Round1,Delhi,BT,SC,Girl,393845,NSUT_Round1_Revised_2025.pdf
NSUT,Revised_2025,R1,Round1,Delhi,BT,General,Defense-CW,125218,NSUT_Round1_Revised_2025.pdf
NSUT,Revised_2025,R1,Round1,Delhi,BT,OBC,Defense-CW,353020,NSUT_Round1_Revised_2025.pdf
NSUT,Revised_2025,R1,Round1,Delhi,BT,General,PwD,1448255,NSUT_Round1_Revised_2025.pdf
NSUT,Revised_2025,R1,Round1,Delhi,CSDA*,General,Gender-Neutral,14563,NSUT_Round1_Revised_2025.pdf
NSUT,Revised_2025,R1,Round1,Delhi,CSDA*,EWS,Gender-Neutral,47072,NSUT_Round1_Revised_2025.pdf
NSUT,Revised_2025,R1,Round1,Delhi,CSDA*,OBC,Gender-Neutral,83766,NSUT_Round1_Revised_2025.pdf
NSUT,Revised_2025,R1,Round1,Delhi,CSDA*,SC,Gender-Neutral,150103,NSUT_Round1_Revised_2025.pdf
NSUT,Revised_2025,R1,Round1,Delhi,CSDA*,ST,Gender-Neutral,560317,NSUT_Round1_Revised_2025.pdf
NSUT,Revised_2025,R1,Round1,Delhi,CSDA*,General,Girl,25254,NSUT_Round1_Revised_2025.pdf
NSUT,Revised_2025,R1,Round1,Delhi,CSDA*,EWS,Girl,92043,NSUT_Round1_Revised_2025.pdf
NSUT,Revised_2025,R1,Round1,Delhi,CSDA*,OBC,Girl,97154,NSUT_Round1_Revised_2025.pdf
NSUT,Revised_2025,R1,Round1,Delhi,CSDA*,SC,Girl,271886,NSUT_Round1_Revised_2025.pdf
NSUT,Revised_2025,R1,Round1,Delhi,CSDA*,ST,Girl,810016,NSUT_Round1_Revised_2025.pdf
NSUT,Revised_2025,R1,Round1,Delhi,CSDA*,General,Defense-CW,20017,NSUT_Round1_Revised_2025.pdf
NSUT,Revised_2025,R1,Round1,Delhi,CSDA*,OBC,Defense-CW,211511,NSUT_Round1_Revised_2025.pdf
NSUT,Revised_2025,R1,Round1,Delhi,CSDA*,General,PwD,191803,NSUT_Round1_Revised_2025.pdf
NSUT,Revised_2025,R1,Round1,Delhi,CSDA*,EWS,PwD,641169,NSUT_Round1_Revised_2025.pdf
NSUT,Revised_2025,R1,Round1,Delhi,CIOT*,General,Gender-Neutral,19774,NSUT_Round1_Revised_2025.pdf
NSUT,Revised_2025,R1,Round1,Delhi,CIOT*,EWS,Gender-Neutral,51569,NSUT_Round1_Revised_2025.pdf
NSUT,Revised_2025,R1,Round1,Delhi,CIOT*,OBC,Gender-Neutral,101206,NSUT_Round1_Revised_2025.pdf
NSUT,Revised_2025,R1,Round1,Delhi,CIOT*,SC,Gender-Neutral,196666,NSUT_Round1_Revised_2025.pdf
NSUT,Revised_2025,R1,Round1,Delhi,CIOT*,ST,Gender-Neutral,839309,NSUT_Round1_Revised_2025.pdf
NSUT,Revised_2025,R1,Round1,Delhi,CIOT*,General,Girl,42807,NSUT_Round1_Revised_2025.pdf
NSUT,Revised_2025,R1,Round1,Delhi,CIOT*,EWS,Girl,115204,NSUT_Round1_Revised_2025.pdf
NSUT,Revised_2025,R1,Round1,Delhi,CIOT*,OBC,Girl,147461,NSUT_Round1_Revised_2025.pdf
NSUT,Revised_2025,R1,Round1,Delhi,CIOT*,SC,Girl,273024,NSUT_Round1_Revised_2025.pdf
NSUT,Revised_2025,R1,Round1,Delhi,CIOT*,ST,Girl,1239050,NSUT_Round1_Revised_2025.pdf
NSUT,Revised_2025,R1,Round1,Delhi,CIOT*,General,Defense-CW,48060,NSUT_Round1_Revised_2025.pdf
NSUT,Revised_2025,R1,Round1,Delhi,CIOT*,EWS,Defense-CW,185420,NSUT_Round1_Revised_2025.pdf
NSUT,Revised_2025,R1,Round1,Delhi,CIOT*,SC,Defense-CW,415350,NSUT_Round1_Revised_2025.pdf
NSUT,Revised_2025,R1,Round1,Delhi,CIOT*,General,PwD,255186,NSUT_Round1_Revised_2025.pdf
NSUT,Revised_2025,R1,Round1,Delhi,ECAM*,General,Gender-Neutral,23989,NSUT_Round1_Revised_2025.pdf
NSUT,Revised_2025,R1,Round1,Delhi,ECAM*,EWS,Gender-Neutral,69454,NSUT_Round1_Revised_2025.pdf
NSUT,Revised_2025,R1,Round1,Delhi,ECAM*,OBC,Gender-Neutral,125626,NSUT_Round1_Revised_2025.pdf
NSUT,Revised_2025,R1,Round1,Delhi,ECAM*,SC,Gender-Neutral,229733,NSUT_Round1_Revised_2025.pdf
NSUT,Revised_2025,R1,Round1,Delhi,ECAM*,ST,Gender-Neutral,1171733,NSUT_Round1_Revised_2025.pdf
NSUT,Revised_2025,R1,Round1,Delhi,ECAM*,General,Girl,57247,NSUT_Round1_Revised_2025.pdf
NSUT,Revised_2025,R1,Round1,Delhi,ECAM*,EWS,Girl,163983,NSUT_Round1_Revised_2025.pdf
NSUT,Revised_2025,R1,Round1,Delhi,ECAM*,OBC,Girl,252762,NSUT_Round1_Revised_2025.pdf
NSUT,Revised_2025,R1,Round1,Delhi,ECAM*,SC,Girl,392552,NSUT_Round1_Revised_2025.pdf
NSUT,Revised_2025,R1,Round1,Delhi,ECAM*,General,Defense-CW,71270,NSUT_Round1_Revised_2025.pdf
NSUT,Revised_2025,R1,Round1,Delhi,ECAM*,EWS,Defense-CW,262562,NSUT_Round1_Revised_2025.pdf
NSUT,Revised_2025,R1,Round1,Delhi,ECAM*,OBC,Defense-CW,265906,NSUT_Round1_Revised_2025.pdf
NSUT,Revised_2025,R1,Round1,Delhi,ECAM*,General,PwD,495124,NSUT_Round1_Revised_2025.pdf
NSUT,Revised_2025,R1,Round1,Delhi,MEEV**,General,Gender-Neutral,43563,NSUT_Round1_Revised_2025.pdf
NSUT,Revised_2025,R1,Round1,Delhi,MEEV**,EWS,Gender-Neutral,118438,NSUT_Round1_Revised_2025.pdf
NSUT,Revised_2025,R1,Round1,Delhi,MEEV**,OBC,Gender-Neutral,186325,NSUT_Round1_Revised_2025.pdf
NSUT,Revised_2025,R1,Round1,Delhi,MEEV**,SC,Gender-Neutral,317058,NSUT_Round1_Revised_2025.pdf
NSUT,Revised_2025,R1,Round1,Delhi,MEEV**,ST,Gender-Neutral,1176855,NSUT_Round1_Revised_2025.pdf
NSUT,Revised_2025,R1,Round1,Delhi,MEEV**,General,Girl,79513,NSUT_Round1_Revised_2025.pdf
NSUT,Revised_2025,R1,Round1,Delhi,MEEV**,EWS,Girl,187881,NSUT_Round1_Revised_2025.pdf
NSUT,Revised_2025,R1,Round1,Delhi,MEEV**,OBC,Girl,366660,NSUT_Round1_Revised_2025.pdf
NSUT,Revised_2025,R1,Round1,Delhi,MEEV**,SC,Girl,471462,NSUT_Round1_Revised_2025.pdf
NSUT,Revised_2025,R1,Round1,Delhi,MEEV**,General,Defense-CW,108582,NSUT_Round1_Revised_2025.pdf
NSUT,Revised_2025,R1,Round1,Delhi,MEEV**,OBC,Defense-CW,370256,NSUT_Round1_Revised_2025.pdf
NSUT,Revised_2025,R1,Round1,Delhi,MEEV**,General,PwD,1301768,NSUT_Round1_Revised_2025.pdf
NSUT,Revised_2025,R1,Round1,Delhi,CE**,General,Gender-Neutral,50646,NSUT_Round1_Revised_2025.pdf
NSUT,Revised_2025,R1,Round1,Delhi,CE**,EWS,Gender-Neutral,120514,NSUT_Round1_Revised_2025.pdf
NSUT,Revised_2025,R1,Round1,Delhi,CE**,OBC,Gender-Neutral,207591,NSUT_Round1_Revised_2025.pdf
NSUT,Revised_2025,R1,Round1,Delhi,CE**,SC,Gender-Neutral,340402,NSUT_Round1_Revised_2025.pdf
NSUT,Revised_2025,R1,Round1,Delhi,CE**,ST,Gender-Neutral,649681,NSUT_Round1_Revised_2025.pdf
NSUT,Revised_2025,R1,Round1,Delhi,CE**,General,Girl,85250,NSUT_Round1_Revised_2025.pdf
NSUT,Revised_2025,R1,Round1,Delhi,CE**,EWS,Girl,185114,NSUT_Round1_Revised_2025.pdf
NSUT,Revised_2025,R1,Round1,Delhi,CE**,OBC,Girl,377127,NSUT_Round1_Revised_2025.pdf
NSUT,Revised_2025,R1,Round1,Delhi,CE**,SC,Girl,494818,NSUT_Round1_Revised_2025.pdf
NSUT,Revised_2025,R1,Round1,Delhi,CE**,ST,Girl,836299,NSUT_Round1_Revised_2025.pdf
NSUT,Revised_2025,R1,Round1,Delhi,CE**,General,Defense-CW,119871,NSUT_Round1_Revised_2025.pdf
NSUT,Revised_2025,R1,Round1,Delhi,GI**,General,Gender-Neutral,51755,NSUT_Round1_Revised_2025.pdf
NSUT,Revised_2025,R1,Round1,Delhi,GI**,EWS,Gender-Neutral,125883,NSUT_Round1_Revised_2025.pdf
NSUT,Revised_2025,R1,Round1,Delhi,GI**,OBC,Gender-Neutral,215711,NSUT_Round1_Revised_2025.pdf
NSUT,Revised_2025,R1,Round1,Delhi,GI**,SC,Gender-Neutral,353903,NSUT_Round1_Revised_2025.pdf
NSUT,Revised_2025,R1,Round1,Delhi,GI**,General,Girl,85847,NSUT_Round1_Revised_2025.pdf
NSUT,Revised_2025,R1,Round1,Delhi,GI**,EWS,Girl,235810,NSUT_Round1_Revised_2025.pdf
NSUT,Revised_2025,R1,Round1,Delhi,GI**,OBC,Girl,378872,NSUT_Round1_Revised_2025.pdf
NSUT,Revised_2025,R1,Round1,Delhi,GI**,SC,Girl,509968,NSUT_Round1_Revised_2025.pdf
NSUT,Revised_2025,R1,Round1,Delhi,GI**,General,Defense-CW,139896,NSUT_Round1_Revised_2025.pdf
NSUT,Revised_2025,R1,Round1,Delhi,GI**,OBC,Defense-CW,488170,NSUT_Round1_Revised_2025.pdf
NSUT,Revised_2025,R1,Round1,Delhi,B.Arch.**,General,Gender-Neutral,1386,NSUT_Round1_Revised_2025.pdf
NSUT,Revised_2025,R1,Round1,Delhi,B.Arch.**,EWS,Gender-Neutral,15323,NSUT_Round1_Revised_2025.pdf
NSUT,Revised_2025,R1,Round1,Delhi,B.Arch.**,OBC,Gender-Neutral,8106,NSUT_Round1_Revised_2025.pdf
NSUT,Revised_2025,R1,Round1,Delhi,B.Arch.**,SC,Gender-Neutral,6543,NSUT_Round1_Revised_2025.pdf
NSUT,Revised_2025,R1,Round1,Delhi,B.Arch.**,ST,Gender-Neutral,17580,NSUT_Round1_Revised_2025.pdf
NSUT,Revised_2025,R1,Round1,Delhi,B.Arch.**,General,Defense-CW,7200,NSUT_Round1_Revised_2025.pdf
NSUT,Revised_2025,R1,Round1,Delhi,B.Arch.**,OBC,Defense-CW,8813,NSUT_Round1_Revised_2025.pdf
NSUT,Revised_2025,R1,Round1,Outside-Delhi,Branch CSAI,General,Gender-Neutral,2092,NSUT_Round1_Revised_2025.pdf
NSUT,Revised_2025,R1,Round1,Outside-Delhi,Branch CSAI,EWS,Gender-Neutral,5940,NSUT_Round1_Revised_2025.pdf
NSUT,Revised_2025,R1,Round1,Outside-Delhi,Branch CSAI,OBC,Gender-Neutral,8213,NSUT_Round1_Revised_2025.pdf
NSUT,Revised_2025,R1,Round1,Outside-Delhi,Branch CSAI,SC,Gender-Neutral,38922,NSUT_Round1_Revised_2025.pdf
NSUT,Revised_2025,R1,Round1,Outside-Delhi,Branch CSAI,ST,Gender-Neutral,81809,NSUT_Round1_Revised_2025.pdf
NSUT,Revised_2025,R1,Round1,Outside-Delhi,Branch CSAI,General,Girl,3100,NSUT_Round1_Revised_2025.pdf
NSUT,Revised_2025,R1,Round1,Outside-Delhi,Branch CSAI,EWS,Girl,7408,NSUT_Round1_Revised_2025.pdf
NSUT,Revised_2025,R1,Round1,Outside-Delhi,Branch CSAI,OBC,Girl,8822,NSUT_Round1_Revised_2025.pdf
NSUT,Revised_2025,R1,Round1,Outside-Delhi,Branch CSAI,General,Defense-CW,39666,NSUT_Round1_Revised_2025.pdf
NSUT,Revised_2025,R1,Round1,Outside-Delhi,CSE,General,Gender-Neutral,2612,NSUT_Round1_Revised_2025.pdf
NSUT,Revised_2025,R1,Round1,Outside-Delhi,CSE,EWS,Gender-Neutral,5100,NSUT_Round1_Revised_2025.pdf
NSUT,Revised_2025,R1,Round1,Outside-Delhi,CSE,OBC,Gender-Neutral,8982,NSUT_Round1_Revised_2025.pdf
NSUT,Revised_2025,R1,Round1,Outside-Delhi,CSE,SC,Gender-Neutral,44260,NSUT_Round1_Revised_2025.pdf
NSUT,Revised_2025,R1,Round1,Outside-Delhi,CSE,ST,Gender-Neutral,84138,NSUT_Round1_Revised_2025.pdf
NSUT,Revised_2025,R1,Round1,Outside-Delhi,CSE,General,Girl,3299,NSUT_Round1_Revised_2025.pdf
NSUT,Revised_2025,R1,Round1,Outside-Delhi,CSE,OBC,Girl,12736,NSUT_Round1_Revised_2025.pdf
NSUT,Revised_2025,R1,Round1,Outside-Delhi,CSE,SC,Girl,45459,NSUT_Round1_Revised_2025.pdf
NSUT,Revised_2025,R1,Round1,Outside-Delhi,CSE,General,Defense-CW,782499,NSUT_Round1_Revised_2025.pdf
NSUT,Revised_2025,R1,Round1,Outside-Delhi,CSE,EWS,Defense-CW,56383,NSUT_Round1_Revised_2025.pdf
NSUT,Revised_2025,R1,Round1,Outside-Delhi,CSE,General,PwD,38558,NSUT_Round1_Revised_2025.pdf
NSUT,Revised_2025,R1,Round1,Outside-Delhi,CSE,OBC,PwD,175269,NSUT_Round1_Revised_2025.pdf
NSUT,Revised_2025,R1,Round1,Outside-Delhi,CSE,SC,PwD,196515,NSUT_Round1_Revised_2025.pdf
NSUT,Revised_2025,R1,Round1,Outside-Delhi,CSDS,General,Gender-Neutral,3161,NSUT_Round1_Revised_2025.pdf
NSUT,Revised_2025,R1,Round1,Outside-Delhi,CSDS,EWS,Gender-Neutral,6008,NSUT_Round1_Revised_2025.pdf
NSUT,Revised_2025,R1,Round1,Outside-Delhi,CSDS,OBC,Gender-Neutral,9441,NSUT_Round1_Revised_2025.pdf
NSUT,Revised_2025,R1,Round1,Outside-Delhi,CSDS,SC,Gender-Neutral,45150,NSUT_Round1_Revised_2025.pdf
NSUT,Revised_2025,R1,Round1,Outside-Delhi,CSDS,ST,Gender-Neutral,90737,NSUT_Round1_Revised_2025.pdf
NSUT,Revised_2025,R1,Round1,Outside-Delhi,CSDS,EWS,Girl,9612,NSUT_Round1_Revised_2025.pdf
NSUT,Revised_2025,R1,Round1,Outside-Delhi,CSDS,SC,Girl,65195,NSUT_Round1_Revised_2025.pdf
NSUT,Revised_2025,R1,Round1,Outside-Delhi,IT,General,Gender-Neutral,4013,NSUT_Round1_Revised_2025.pdf
NSUT,Revised_2025,R1,Round1,Outside-Delhi,IT,EWS,Gender-Neutral,7024,NSUT_Round1_Revised_2025.pdf
NSUT,Revised_2025,R1,Round1,Outside-Delhi,IT,OBC,Gender-Neutral,12369,NSUT_Round1_Revised_2025.pdf
NSUT,Revised_2025,R1,Round1,Outside-Delhi,IT,SC,Gender-Neutral,53632,NSUT_Round1_Revised_2025.pdf
NSUT,Revised_2025,R1,Round1,Outside-Delhi,IT,ST,Gender-Neutral,122527,NSUT_Round1_Revised_2025.pdf
NSUT,Revised_2025,R1,Round1,Outside-Delhi,IT,General,Girl,5059,NSUT_Round1_Revised_2025.pdf
NSUT,Revised_2025,R1,Round1,Outside-Delhi,IT,OBC,Girl,13470,NSUT_Round1_Revised_2025.pdf
NSUT,Revised_2025,R1,Round1,Outside-Delhi,IT,SC,Girl,85292,NSUT_Round1_Revised_2025.pdf
NSUT,Revised_2025,R1,Round1,Outside-Delhi,IT,OBC,Defense-CW,34677,NSUT_Round1_Revised_2025.pdf
NSUT,Revised_2025,R1,Round1,Outside-Delhi,IT,General,PwD,83599,NSUT_Round1_Revised_2025.pdf
NSUT,Revised_2025,R1,Round1,Outside-Delhi,ITNS,General,Gender-Neutral,4773,NSUT_Round1_Revised_2025.pdf
NSUT,Revised_2025,R1,Round1,Outside-Delhi,ITNS,EWS,Gender-Neutral,7503,NSUT_Round1_Revised_2025.pdf
NSUT,Revised_2025,R1,Round1,Outside-Delhi,ITNS,OBC,Gender-Neutral,12775,NSUT_Round1_Revised_2025.pdf
NSUT,Revised_2025,R1,Round1,Outside-Delhi,ITNS,SC,Gender-Neutral,55963,NSUT_Round1_Revised_2025.pdf
NSUT,Revised_2025,R1,Round1,Outside-Delhi,ITNS,ST,Gender-Neutral,125637,NSUT_Round1_Revised_2025.pdf
NSUT,Revised_2025,R1,Round1,Outside-Delhi,ITNS,General,Girl,6587,NSUT_Round1_Revised_2025.pdf
NSUT,Revised_2025,R1,Round1,Outside-Delhi,ITNS,ST,Girl,216309,NSUT_Round1_Revised_2025.pdf
NSUT,Revised_2025,R1,Round1,Outside-Delhi,MAC,General,Gender-Neutral,4181,NSUT_Round1_Revised_2025.pdf
NSUT,Revised_2025,R1,Round1,Outside-Delhi,MAC,EWS,Gender-Neutral,9255,NSUT_Round1_Revised_2025.pdf
NSUT,Revised_2025,R1,Round1,Outside-Delhi,MAC,OBC,Gender-Neutral,13421,NSUT_Round1_Revised_2025.pdf
NSUT,Revised_2025,R1,Round1,Outside-Delhi,MAC,SC,Gender-Neutral,61055,NSUT_Round1_Revised_2025.pdf
NSUT,Revised_2025,R1,Round1,Outside-Delhi,MAC,ST,Gender-Neutral,133524,NSUT_Round1_Revised_2025.pdf
NSUT,Revised_2025,R1,Round1,Outside-Delhi,MAC,General,Girl,4322,NSUT_Round1_Revised_2025.pdf
NSUT,Revised_2025,R1,Round1,Outside-Delhi,MAC,OBC,Girl,14201,NSUT_Round1_Revised_2025.pdf
NSUT,Revised_2025,R1,Round1,Outside-Delhi,ECE,General,Gender-Neutral,5540,NSUT_Round1_Revised_2025.pdf
NSUT,Revised_2025,R1,Round1,Outside-Delhi,ECE,EWS,Gender-Neutral,11369,NSUT_Round1_Revised_2025.pdf
NSUT,Revised_2025,R1,Round1,Outside-Delhi,ECE,OBC,Gender-Neutral,15623,NSUT_Round1_Revised_2025.pdf
NSUT,Revised_2025,R1,Round1,Outside-Delhi,ECE,SC,Gender-Neutral,70933,NSUT_Round1_Revised_2025.pdf
NSUT,Revised_2025,R1,Round1,Outside-Delhi,ECE,ST,Gender-Neutral,124359,NSUT_Round1_Revised_2025.pdf
NSUT,Revised_2025,R1,Round1,Outside-Delhi,ECE,General,Girl,7599,NSUT_Round1_Revised_2025.pdf
NSUT,Revised_2025,R1,Round1,Outside-Delhi,ECE,EWS,Girl,13331,NSUT_Round1_Revised_2025.pdf
NSUT,Revised_2025,R1,Round1,Outside-Delhi,ECE,OBC,Girl,21501,NSUT_Round1_Revised_2025.pdf
NSUT,Revised_2025,R1,Round1,Outside-Delhi,ECE,SC,Girl,97521,NSUT_Round1_Revised_2025.pdf
NSUT,Revised_2025,R1,Round1,Outside-Delhi,ECE,ST,Girl,237172,NSUT_Round1_Revised_2025.pdf
NSUT,Revised_2025,R1,Round1,Outside-Delhi,ECE,General,PwD,127567,NSUT_Round1_Revised_2025.pdf
NSUT,Revised_2025,R1,Round1,Outside-Delhi,ECE,EWS,PwD,507505,NSUT_Round1_Revised_2025.pdf
NSUT,Revised_2025,R1,Round1,Outside-Delhi,ECE,OBC,PwD,333118,NSUT_Round1_Revised_2025.pdf
NSUT,Revised_2025,R1,Round1,Outside-Delhi,EVDT,General,Gender-Neutral,6389,NSUT_Round1_Revised_2025.pdf
NSUT,Revised_2025,R1,Round1,Outside-Delhi,EVDT,EWS,Gender-Neutral,12507,NSUT_Round1_Revised_2025.pdf
NSUT,Revised_2025,R1,Round1,Outside-Delhi,EVDT,OBC,Gender-Neutral,16007,NSUT_Round1_Revised_2025.pdf
NSUT,Revised_2025,R1,Round1,Outside-Delhi,EVDT,SC,Gender-Neutral,61672,NSUT_Round1_Revised_2025.pdf
NSUT,Revised_2025,R1,Round1,Outside-Delhi,EVDT,ST,Gender-Neutral,162769,NSUT_Round1_Revised_2025.pdf
NSUT,Revised_2025,R1,Round1,Outside-Delhi,EVDT,General,Girl,8486,NSUT_Round1_Revised_2025.pdf
NSUT,Revised_2025,R1,Round1,Outside-Delhi,EVDT,OBC,Girl,24737,NSUT_Round1_Revised_2025.pdf
NSUT,Revised_2025,R1,Round1,Outside-Delhi,EE,General,Gender-Neutral,7456,NSUT_Round1_Revised_2025.pdf
NSUT,Revised_2025,R1,Round1,Outside-Delhi,EE,EWS,Gender-Neutral,14288,NSUT_Round1_Revised_2025.pdf
NSUT,Revised_2025,R1,Round1,Outside-Delhi,EE,OBC,Gender-Neutral,18481,NSUT_Round1_Revised_2025.pdf
NSUT,Revised_2025,R1,Round1,Outside-Delhi,EE,SC,Gender-Neutral,85191,NSUT_Round1_Revised_2025.pdf
NSUT,Revised_2025,R1,Round1,Outside-Delhi,EE,ST,Gender-Neutral,166647,NSUT_Round1_Revised_2025.pdf
NSUT,Revised_2025,R1,Round1,Outside-Delhi,EE,General,Girl,9205,NSUT_Round1_Revised_2025.pdf
NSUT,Revised_2025,R1,Round1,Outside-Delhi,EE,OBC,Girl,24991,NSUT_Round1_Revised_2025.pdf
NSUT,Revised_2025,R1,Round1,Outside-Delhi,EE,ST,Girl,247867,NSUT_Round1_Revised_2025.pdf
NSUT,Revised_2025,R1,Round1,Outside-Delhi,EE,General,Defense-CW,38726,NSUT_Round1_Revised_2025.pdf
NSUT,Revised_2025,R1,Round1,Outside-Delhi,EE,OBC,Defense-CW,144979,NSUT_Round1_Revised_2025.pdf
NSUT,Revised_2025,R1,Round1,Outside-Delhi,ICE,General,Gender-Neutral,8803,NSUT_Round1_Revised_2025.pdf
NSUT,Revised_2025,R1,Round1,Outside-Delhi,ICE,EWS,Gender-Neutral,15406,NSUT_Round1_Revised_2025.pdf
NSUT,Revised_2025,R1,Round1,Outside-Delhi,ICE,OBC,Gender-Neutral,20647,NSUT_Round1_Revised_2025.pdf
NSUT,Revised_2025,R1,Round1,Outside-Delhi,ICE,SC,Gender-Neutral,87615,NSUT_Round1_Revised_2025.pdf
NSUT,Revised_2025,R1,Round1,Outside-Delhi,ICE,ST,Gender-Neutral,168476,NSUT_Round1_Revised_2025.pdf
NSUT,Revised_2025,R1,Round1,Outside-Delhi,ICE,General,Girl,14793,NSUT_Round1_Revised_2025.pdf
NSUT,Revised_2025,R1,Round1,Outside-Delhi,ICE,OBC,Girl,29811,NSUT_Round1_Revised_2025.pdf
NSUT,Revised_2025,R1,Round1,Outside-Delhi,ICE,SC,Girl,118125,NSUT_Round1_Revised_2025.pdf
NSUT,Revised_2025,R1,Round1,Outside-Delhi,ICE,General,Defense-CW,45285,NSUT_Round1_Revised_2025.pdf
NSUT,Revised_2025,R1,Round1,Outside-Delhi,ICE,ST,Defense-CW,444900,NSUT_Round1_Revised_2025.pdf
NSUT,Revised_2025,R1,Round1,Outside-Delhi,ICE,General,PwD,175182,NSUT_Round1_Revised_2025.pdf
NSUT,Revised_2025,R1,Round1,Outside-Delhi,ICE,OBC,PwD,625093,NSUT_Round1_Revised_2025.pdf
NSUT,Revised_2025,R1,Round1,Outside-Delhi,ME,General,Gender-Neutral,10182,NSUT_Round1_Revised_2025.pdf
NSUT,Revised_2025,R1,Round1,Outside-Delhi,ME,EWS,Gender-Neutral,18558,NSUT_Round1_Revised_2025.pdf
NSUT,Revised_2025,R1,Round1,Outside-Delhi,ME,OBC,Gender-Neutral,23847,NSUT_Round1_Revised_2025.pdf
NSUT,Revised_2025,R1,Round1,Outside-Delhi,ME,SC,Gender-Neutral,95807,NSUT_Round1_Revised_2025.pdf
NSUT,Revised_2025,R1,Round1,Outside-Delhi,ME,ST,Gender-Neutral,168205,NSUT_Round1_Revised_2025.pdf
NSUT,Revised_2025,R1,Round1,Outside-Delhi,ME,General,Girl,16148,NSUT_Round1_Revised_2025.pdf
NSUT,Revised_2025,R1,Round1,Outside-Delhi,ME,EWS,Girl,26989,NSUT_Round1_Revised_2025.pdf
NSUT,Revised_2025,R1,Round1,Outside-Delhi,ME,OBC,Girl,37414,NSUT_Round1_Revised_2025.pdf
NSUT,Revised_2025,R1,Round1,Outside-Delhi,ME,SC,Girl,137557,NSUT_Round1_Revised_2025.pdf
NSUT,Revised_2025,R1,Round1,Outside-Delhi,ME,SC,Defense-CW,164177,NSUT_Round1_Revised_2025.pdf
NSUT,Revised_2025,R1,Round1,Outside-Delhi,ME,General,PwD,226581,NSUT_Round1_Revised_2025.pdf
NSUT,Revised_2025,R1,Round1,Outside-Delhi,ME,OBC,PwD,663853,NSUT_Round1_Revised_2025.pdf
NSUT,Revised_2025,R1,Round1,Outside-Delhi,BT,General,Gender-Neutral,12513,NSUT_Round1_Revised_2025.pdf
NSUT,Revised_2025,R1,Round1,Outside-Delhi,BT,EWS,Gender-Neutral,20270,NSUT_Round1_Revised_2025.pdf
NSUT,Revised_2025,R1,Round1,Outside-Delhi,BT,OBC,Gender-Neutral,26763,NSUT_Round1_Revised_2025.pdf
NSUT,Revised_2025,R1,Round1,Outside-Delhi,BT,SC,Gender-Neutral,100320,NSUT_Round1_Revised_2025.pdf
NSUT,Revised_2025,R1,Round1,Outside-Delhi,BT,ST,Gender-Neutral,185683,NSUT_Round1_Revised_2025.pdf
NSUT,Revised_2025,R1,Round1,Outside-Delhi,BT,General,Girl,21844,NSUT_Round1_Revised_2025.pdf
NSUT,Revised_2025,R1,Round1,Outside-Delhi,BT,OBC,Girl,43437,NSUT_Round1_Revised_2025.pdf
NSUT,Revised_2025,R1,Round1,Outside-Delhi,BT,SC,Defense-CW,213364,NSUT_Round1_Revised_2025.pdf
NSUT,Revised_2025,R1,Round1,Outside-Delhi,CSDA*,General,Gender-Neutral,4229,NSUT_Round1_Revised_2025.pdf
NSUT,Revised_2025,R1,Round1,Outside-Delhi,CSDA*,EWS,Gender-Neutral,7709,NSUT_Round1_Revised_2025.pdf
NSUT,Revised_2025,R1,Round1,Outside-Delhi,CSDA*,OBC,Gender-Neutral,13000,NSUT_Round1_Revised_2025.pdf
NSUT,Revised_2025,R1,Round1,Outside-Delhi,CSDA*,SC,Gender-Neutral,60975,NSUT_Round1_Revised_2025.pdf
NSUT,Revised_2025,R1,Round1,Outside-Delhi,CSDA*,ST,Gender-Neutral,130409,NSUT_Round1_Revised_2025.pdf
NSUT,Revised_2025,R1,Round1,Outside-Delhi,CSDA*,OBC,Girl,20004,NSUT_Round1_Revised_2025.pdf
NSUT,Revised_2025,R1,Round1,Outside-Delhi,CSDA*,SC,Girl,75267,NSUT_Round1_Revised_2025.pdf
NSUT,Revised_2025,R1,Round1,Outside-Delhi,CSDA*,General,PwD,70279,NSUT_Round1_Revised_2025.pdf
NSUT,Revised_2025,R1,Round1,Outside-Delhi,CIOT*,General,Gender-Neutral,5145,NSUT_Round1_Revised_2025.pdf
NSUT,Revised_2025,R1,Round1,Outside-Delhi,CIOT*,EWS,Gender-Neutral,9928,NSUT_Round1_Revised_2025.pdf
NSUT,Revised_2025,R1,Round1,Outside-Delhi,CIOT*,OBC,Gender-Neutral,15419,NSUT_Round1_Revised_2025.pdf
NSUT,Revised_2025,R1,Round1,Outside-Delhi,CIOT*,SC,Gender-Neutral,61749,NSUT_Round1_Revised_2025.pdf
NSUT,Revised_2025,R1,Round1,Outside-Delhi,CIOT*,ST,Gender-Neutral,136448,NSUT_Round1_Revised_2025.pdf
NSUT,Revised_2025,R1,Round1,Outside-Delhi,CIOT*,General,Girl,7686,NSUT_Round1_Revised_2025.pdf
NSUT,Revised_2025,R1,Round1,Outside-Delhi,CIOT*,OBC,Girl,21525,NSUT_Round1_Revised_2025.pdf
NSUT,Revised_2025,R1,Round1,Outside-Delhi,ECAM*,General,Gender-Neutral,6427,NSUT_Round1_Revised_2025.pdf
NSUT,Revised_2025,R1,Round1,Outside-Delhi,ECAM*,EWS,Gender-Neutral,11953,NSUT_Round1_Revised_2025.pdf
NSUT,Revised_2025,R1,Round1,Outside-Delhi,ECAM*,OBC,Gender-Neutral,17175,NSUT_Round1_Revised_2025.pdf
NSUT,Revised_2025,R1,Round1,Outside-Delhi,ECAM*,SC,Gender-Neutral,71822,NSUT_Round1_Revised_2025.pdf
NSUT,Revised_2025,R1,Round1,Outside-Delhi,ECAM*,ST,Gender-Neutral,140305,NSUT_Round1_Revised_2025.pdf
NSUT,Revised_2025,R1,Round1,Outside-Delhi,ECAM*,General,Girl,13440,NSUT_Round1_Revised_2025.pdf
NSUT,Revised_2025,R1,Round1,Outside-Delhi,ECAM*,EWS,Girl,13986,NSUT_Round1_Revised_2025.pdf
NSUT,Revised_2025,R1,Round1,Outside-Delhi,ECAM*,OBC,Girl,25568,NSUT_Round1_Revised_2025.pdf
NSUT,Revised_2025,R1,Round1,Outside-Delhi,ECAM*,ST,Girl,275428,NSUT_Round1_Revised_2025.pdf
NSUT,Revised_2025,R1,Round1,Outside-Delhi,ECAM*,General,Defense-CW,203290,NSUT_Round1_Revised_2025.pdf
NSUT,Revised_2025,R1,Round1,Outside-Delhi,ECAM*,EWS,Defense-CW,88647,NSUT_Round1_Revised_2025.pdf
NSUT,Revised_2025,R1,Round1,Outside-Delhi,ECAM*,OBC,PwD,592591,NSUT_Round1_Revised_2025.pdf
NSUT,Revised_2025,R1,Round1,Outside-Delhi,ECAM*,SC,PwD,843231,NSUT_Round1_Revised_2025.pdf
NSUT,Revised_2025,R1,Round1,Outside-Delhi,MEEV**,General,Gender-Neutral,10281,NSUT_Round1_Revised_2025.pdf
NSUT,Revised_2025,R1,Round1,Outside-Delhi,MEEV**,EWS,Gender-Neutral,19189,NSUT_Round1_Revised_2025.pdf
NSUT,Revised_2025,R1,Round1,Outside-Delhi,MEEV**,OBC,Gender-Neutral,22906,NSUT_Round1_Revised_2025.pdf
NSUT,Revised_2025,R1,Round1,Outside-Delhi,MEEV**,SC,Gender-Neutral,98830,NSUT_Round1_Revised_2025.pdf
NSUT,Revised_2025,R1,Round1,Outside-Delhi,MEEV**,ST,Gender-Neutral,166861,NSUT_Round1_Revised_2025.pdf
NSUT,Revised_2025,R1,Round1,Outside-Delhi,MEEV**,General,Girl,17956,NSUT_Round1_Revised_2025.pdf
NSUT,Revised_2025,R1,Round1,Outside-Delhi,MEEV**,OBC,Girl,39715,NSUT_Round1_Revised_2025.pdf
NSUT,Revised_2025,R1,Round1,Outside-Delhi,CE**,General,Gender-Neutral,12457,NSUT_Round1_Revised_2025.pdf
NSUT,Revised_2025,R1,Round1,Outside-Delhi,CE**,EWS,Gender-Neutral,20213,NSUT_Round1_Revised_2025.pdf
NSUT,Revised_2025,R1,Round1,Outside-Delhi,CE**,OBC,Gender-Neutral,26760,NSUT_Round1_Revised_2025.pdf
NSUT,Revised_2025,R1,Round1,Outside-Delhi,CE**,SC,Gender-Neutral,104679,NSUT_Round1_Revised_2025.pdf
NSUT,Revised_2025,R1,Round1,Outside-Delhi,CE**,General,Girl,26311,NSUT_Round1_Revised_2025.pdf
NSUT,Revised_2025,R1,Round1,Outside-Delhi,CE**,EWS,Girl,31197,NSUT_Round1_Revised_2025.pdf
NSUT,Revised_2025,R1,Round1,Outside-Delhi,CE**,OBC,Defense-CW,33624,NSUT_Round1_Revised_2025.pdf
NSUT,Revised_2025,R1,Round1,Outside-Delhi,GI**,General,Gender-Neutral,12892,NSUT_Round1_Revised_2025.pdf
NSUT,Revised_2025,R1,Round1,Outside-Delhi,GI**,OBC,Gender-Neutral,27397,NSUT_Round1_Revised_2025.pdf
NSUT,Revised_2025,R1,Round1,Outside-Delhi,GI**,SC,Gender-Neutral,105546,NSUT_Round1_Revised_2025.pdf
NSUT,Revised_2025,R1,Round1,Outside-Delhi,GI**,ST,Gender-Neutral,169731,NSUT_Round1_Revised_2025.pdf
NSUT,Revised_2025,R1,Round1,Outside-Delhi,GI**,General,Girl,22998,NSUT_Round1_Revised_2025.pdf
NSUT,Revised_2025,R1,Round1,Outside-Delhi,B.Arch.**,General,Gender-Neutral,63,NSUT_Round1_Revised_2025.pdf
NSUT,Revised_2025,R1,Round1,Outside-Delhi,B.Arch.**,EWS,Gender-Neutral,3732,NSUT_Round1_Revised_2025.pdf
NSUT,Revised_2025,R1,Round1,Outside-Delhi,B.Arch.**,OBC,Gender-Neutral,792,NSUT_Round1_Revised_2025.pdf
NSUT,Revised_2025,R1,Round1,Outside-Delhi,B.Arch.**,SC,Gender-Neutral,2203,NSUT_Round1_Revised_2025.pdf
NSUT,2025,R2,Round2,Delhi,Branch CSAI,General,Gender-Neutral,5178,NSUT_Round2_2025.pdf
NSUT,2025,R2,Round2,Delhi,Branch CSAI,EWS,Gender-Neutral,17520,NSUT_Round2_2025.pdf
NSUT,2025,R2,Round2,Delhi,Branch CSAI,OBC,Gender-Neutral,31433,NSUT_Round2_2025.pdf
NSUT,2025,R2,Round2,Delhi,Branch CSAI,SC,Gender-Neutral,85621,NSUT_Round2_2025.pdf
NSUT,2025,R2,Round2,Delhi,Branch CSAI,ST,Gender-Neutral,160822,NSUT_Round2_2025.pdf
NSUT,2025,R2,Round2,Delhi,Branch CSAI,General,Girl,10320,NSUT_Round2_2025.pdf
NSUT,2025,R2,Round2,Delhi,Branch CSAI,EWS,Girl,45894,NSUT_Round2_2025.pdf
NSUT,2025,R2,Round2,Delhi,Branch CSAI,OBC,Girl,75046,NSUT_Round2_2025.pdf
NSUT,2025,R2,Round2,Delhi,Branch CSAI,SC,Girl,145136,NSUT_Round2_2025.pdf
NSUT,2025,R2,Round2,Delhi,Branch CSAI,ST,Girl,335926,NSUT_Round2_2025.pdf
NSUT,2025,R2,Round2,Delhi,Branch CSAI,General,Defense-CW,398179,NSUT_Round2_2025.pdf
NSUT,2025,R2,Round2,Delhi,Branch CSAI,OBC,Defense-CW,83144,NSUT_Round2_2025.pdf
NSUT,2025,R2,Round2,Delhi,Branch CSAI,SC,Defense-CW,229299,NSUT_Round2_2025.pdf
NSUT,2025,R2,Round2,Delhi,Branch CSAI,ST,Defense-CW,457248,NSUT_Round2_2025.pdf
NSUT,2025,R2,Round2,Delhi,Branch CSAI,General,PwD,146747,NSUT_Round2_2025.pdf
NSUT,2025,R2,Round2,Delhi,Branch CSAI,EWS,PwD,298614,NSUT_Round2_2025.pdf
NSUT,2025,R2,Round2,Delhi,Branch CSAI,OBC,PwD,449212,NSUT_Round2_2025.pdf
NSUT,2025,R2,Round2,Delhi,Branch CSAI,SC,PwD,1410918,NSUT_Round2_2025.pdf
NSUT,2025,R2,Round2,Delhi,CSE,General,Gender-Neutral,7704,NSUT_Round2_2025.pdf
NSUT,2025,R2,Round2,Delhi,CSE,EWS,Gender-Neutral,26695,NSUT_Round2_2025.pdf
NSUT,2025,R2,Round2,Delhi,CSE,OBC,Gender-Neutral,45378,NSUT_Round2_2025.pdf
NSUT,2025,R2,Round2,Delhi,CSE,SC,Gender-Neutral,95775,NSUT_Round2_2025.pdf
NSUT,2025,R2,Round2,Delhi,CSE,ST,Gender-Neutral,279681,NSUT_Round2_2025.pdf
NSUT,2025,R2,Round2,Delhi,CSE,General,Girl,13345,NSUT_Round2_2025.pdf
NSUT,2025,R2,Round2,Delhi,CSE,EWS,Girl,46550,NSUT_Round2_2025.pdf
NSUT,2025,R2,Round2,Delhi,CSE,OBC,Girl,71838,NSUT_Round2_2025.pdf
NSUT,2025,R2,Round2,Delhi,CSE,SC,Girl,138729,NSUT_Round2_2025.pdf
NSUT,2025,R2,Round2,Delhi,CSE,ST,Girl,356879,NSUT_Round2_2025.pdf
NSUT,2025,R2,Round2,Delhi,CSE,General,Defense-CW,640484,NSUT_Round2_2025.pdf
NSUT,2025,R2,Round2,Delhi,CSE,EWS,Defense-CW,61577,NSUT_Round2_2025.pdf
NSUT,2025,R2,Round2,Delhi,CSE,OBC,Defense-CW,87660,NSUT_Round2_2025.pdf
NSUT,2025,R2,Round2,Delhi,CSE,SC,Defense-CW,210630,NSUT_Round2_2025.pdf
NSUT,2025,R2,Round2,Delhi,CSE,General,PwD,155404,NSUT_Round2_2025.pdf
NSUT,2025,R2,Round2,Delhi,CSE,EWS,PwD,195752,NSUT_Round2_2025.pdf
NSUT,2025,R2,Round2,Delhi,CSE,OBC,PwD,322633,NSUT_Round2_2025.pdf
NSUT,2025,R2,Round2,Delhi,CSE,SC,PwD,688083,NSUT_Round2_2025.pdf
NSUT,2025,R2,Round2,Delhi,CSE,ST,PwD,410087,NSUT_Round2_2025.pdf
NSUT,2025,R2,Round2,Delhi,CSE,ST,PwD,476338,NSUT_Round2_2025.pdf
NSUT,2025,R2,Round2,Delhi,CSDS,General,Gender-Neutral,9551,NSUT_Round2_2025.pdf
NSUT,2025,R2,Round2,Delhi,CSDS,EWS,Gender-Neutral,29498,NSUT_Round2_2025.pdf
NSUT,2025,R2,Round2,Delhi,CSDS,OBC,Gender-Neutral,52277,NSUT_Round2_2025.pdf
NSUT,2025,R2,Round2,Delhi,CSDS,SC,Gender-Neutral,107980,NSUT_Round2_2025.pdf
NSUT,2025,R2,Round2,Delhi,CSDS,ST,Gender-Neutral,336846,NSUT_Round2_2025.pdf
NSUT,2025,R2,Round2,Delhi,CSDS,General,Girl,14825,NSUT_Round2_2025.pdf
NSUT,2025,R2,Round2,Delhi,CSDS,EWS,Girl,58486,NSUT_Round2_2025.pdf
NSUT,2025,R2,Round2,Delhi,CSDS,OBC,Girl,81234,NSUT_Round2_2025.pdf
NSUT,2025,R2,Round2,Delhi,CSDS,SC,Girl,145305,NSUT_Round2_2025.pdf
NSUT,2025,R2,Round2,Delhi,CSDS,General,Defense-CW,90762,NSUT_Round2_2025.pdf
NSUT,2025,R2,Round2,Delhi,CSDS,OBC,Defense-CW,89301,NSUT_Round2_2025.pdf
NSUT,2025,R2,Round2,Delhi,CSDS,General,PwD,166041,NSUT_Round2_2025.pdf
NSUT,2025,R2,Round2,Delhi,CSDS,OBC,PwD,454326,NSUT_Round2_2025.pdf
NSUT,2025,R2,Round2,Delhi,IT,General,Gender-Neutral,12311,NSUT_Round2_2025.pdf
NSUT,2025,R2,Round2,Delhi,IT,EWS,Gender-Neutral,36194,NSUT_Round2_2025.pdf
NSUT,2025,R2,Round2,Delhi,IT,OBC,Gender-Neutral,67887,NSUT_Round2_2025.pdf
NSUT,2025,R2,Round2,Delhi,IT,SC,Gender-Neutral,148245,NSUT_Round2_2025.pdf
NSUT,2025,R2,Round2,Delhi,IT,ST,Gender-Neutral,480777,NSUT_Round2_2025.pdf
NSUT,2025,R2,Round2,Delhi,IT,General,Girl,16597,NSUT_Round2_2025.pdf
NSUT,2025,R2,Round2,Delhi,IT,EWS,Girl,59499,NSUT_Round2_2025.pdf
NSUT,2025,R2,Round2,Delhi,IT,OBC,Girl,93797,NSUT_Round2_2025.pdf
NSUT,2025,R2,Round2,Delhi,IT,SC,Girl,175636,NSUT_Round2_2025.pdf
NSUT,2025,R2,Round2,Delhi,IT,ST,Girl,680357,NSUT_Round2_2025.pdf
NSUT,2025,R2,Round2,Delhi,IT,General,Defense-CW,445902,NSUT_Round2_2025.pdf
NSUT,2025,R2,Round2,Delhi,IT,EWS,Defense-CW,127854,NSUT_Round2_2025.pdf
NSUT,2025,R2,Round2,Delhi,IT,OBC,Defense-CW,139393,NSUT_Round2_2025.pdf
NSUT,2025,R2,Round2,Delhi,IT,General,PwD,209008,NSUT_Round2_2025.pdf
NSUT,2025,R2,Round2,Delhi,ITNS,General,Gender-Neutral,15020,NSUT_Round2_2025.pdf
NSUT,2025,R2,Round2,Delhi,ITNS,EWS,Gender-Neutral,42618,NSUT_Round2_2025.pdf
NSUT,2025,R2,Round2,Delhi,ITNS,OBC,Gender-Neutral,77623,NSUT_Round2_2025.pdf
NSUT,2025,R2,Round2,Delhi,ITNS,SC,Gender-Neutral,172283,NSUT_Round2_2025.pdf
NSUT,2025,R2,Round2,Delhi,ITNS,ST,Gender-Neutral,546033,NSUT_Round2_2025.pdf
NSUT,2025,R2,Round2,Delhi,ITNS,General,Girl,20768,NSUT_Round2_2025.pdf
NSUT,2025,R2,Round2,Delhi,ITNS,EWS,Girl,59291,NSUT_Round2_2025.pdf
NSUT,2025,R2,Round2,Delhi,ITNS,OBC,Girl,114250,NSUT_Round2_2025.pdf
NSUT,2025,R2,Round2,Delhi,ITNS,SC,Girl,196760,NSUT_Round2_2025.pdf
NSUT,2025,R2,Round2,Delhi,ITNS,ST,Girl,762424,NSUT_Round2_2025.pdf
NSUT,2025,R2,Round2,Delhi,ITNS,General,Defense-CW,92363,NSUT_Round2_2025.pdf
NSUT,2025,R2,Round2,Delhi,ITNS,SC,Defense-CW,712098,NSUT_Round2_2025.pdf
NSUT,2025,R2,Round2,Delhi,ITNS,General,PwD,270448,NSUT_Round2_2025.pdf
NSUT,2025,R2,Round2,Delhi,MAC,General,Gender-Neutral,16961,NSUT_Round2_2025.pdf
NSUT,2025,R2,Round2,Delhi,MAC,EWS,Gender-Neutral,46460,NSUT_Round2_2025.pdf
NSUT,2025,R2,Round2,Delhi,MAC,OBC,Gender-Neutral,90935,NSUT_Round2_2025.pdf
NSUT,2025,R2,Round2,Delhi,MAC,SC,Gender-Neutral,192972,NSUT_Round2_2025.pdf
NSUT,2025,R2,Round2,Delhi,MAC,ST,Gender-Neutral,668241,NSUT_Round2_2025.pdf
NSUT,2025,R2,Round2,Delhi,MAC,General,Girl,20466,NSUT_Round2_2025.pdf
NSUT,2025,R2,Round2,Delhi,MAC,EWS,Girl,80751,NSUT_Round2_2025.pdf
NSUT,2025,R2,Round2,Delhi,MAC,OBC,Girl,130330,NSUT_Round2_2025.pdf
NSUT,2025,R2,Round2,Delhi,MAC,SC,Girl,203922,NSUT_Round2_2025.pdf
NSUT,2025,R2,Round2,Delhi,MAC,General,Defense-CW,24086,NSUT_Round2_2025.pdf
NSUT,2025,R2,Round2,Delhi,MAC,General,PwD,353540,NSUT_Round2_2025.pdf
NSUT,2025,R2,Round2,Delhi,ECE,General,Gender-Neutral,20622,NSUT_Round2_2025.pdf
NSUT,2025,R2,Round2,Delhi,ECE,EWS,Gender-Neutral,55189,NSUT_Round2_2025.pdf
NSUT,2025,R2,Round2,Delhi,ECE,OBC,Gender-Neutral,105265,NSUT_Round2_2025.pdf
NSUT,2025,R2,Round2,Delhi,ECE,SC,Gender-Neutral,207595,NSUT_Round2_2025.pdf
NSUT,2025,R2,Round2,Delhi,ECE,ST,Gender-Neutral,754105,NSUT_Round2_2025.pdf
NSUT,2025,R2,Round2,Delhi,ECE,General,Girl,27800,NSUT_Round2_2025.pdf
NSUT,2025,R2,Round2,Delhi,ECE,EWS,Girl,103244,NSUT_Round2_2025.pdf
NSUT,2025,R2,Round2,Delhi,ECE,OBC,Girl,166391,NSUT_Round2_2025.pdf
NSUT,2025,R2,Round2,Delhi,ECE,SC,Girl,276893,NSUT_Round2_2025.pdf
NSUT,2025,R2,Round2,Delhi,ECE,General,Defense-CW,31778,NSUT_Round2_2025.pdf
NSUT,2025,R2,Round2,Delhi,ECE,EWS,Defense-CW,159072,NSUT_Round2_2025.pdf
NSUT,2025,R2,Round2,Delhi,ECE,OBC,Defense-CW,237741,NSUT_Round2_2025.pdf
NSUT,2025,R2,Round2,Delhi,ECE,SC,Defense-CW,627770,NSUT_Round2_2025.pdf
NSUT,2025,R2,Round2,Delhi,ECE,General,PwD,384108,NSUT_Round2_2025.pdf
NSUT,2025,R2,Round2,Delhi,ECE,EWS,PwD,653065,NSUT_Round2_2025.pdf
NSUT,2025,R2,Round2,Delhi,EVDT,General,Gender-Neutral,21592,NSUT_Round2_2025.pdf
NSUT,2025,R2,Round2,Delhi,EVDT,EWS,Gender-Neutral,60527,NSUT_Round2_2025.pdf
NSUT,2025,R2,Round2,Delhi,EVDT,OBC,Gender-Neutral,109716,NSUT_Round2_2025.pdf
NSUT,2025,R2,Round2,Delhi,EVDT,SC,Gender-Neutral,222447,NSUT_Round2_2025.pdf
NSUT,2025,R2,Round2,Delhi,EVDT,ST,Gender-Neutral,1258832,NSUT_Round2_2025.pdf
NSUT,2025,R2,Round2,Delhi,EVDT,General,Girl,28221,NSUT_Round2_2025.pdf
NSUT,2025,R2,Round2,Delhi,EVDT,EWS,Girl,94776,NSUT_Round2_2025.pdf
NSUT,2025,R2,Round2,Delhi,EVDT,OBC,Girl,176581,NSUT_Round2_2025.pdf
NSUT,2025,R2,Round2,Delhi,EVDT,SC,Girl,282842,NSUT_Round2_2025.pdf
NSUT,2025,R2,Round2,Delhi,EVDT,General,Defense-CW,686998,NSUT_Round2_2025.pdf
NSUT,2025,R2,Round2,Delhi,EVDT,OBC,Defense-CW,246224,NSUT_Round2_2025.pdf
NSUT,2025,R2,Round2,Delhi,EVDT,General,PwD,498724,NSUT_Round2_2025.pdf
NSUT,2025,R2,Round2,Delhi,EE,General,Gender-Neutral,27447,NSUT_Round2_2025.pdf
NSUT,2025,R2,Round2,Delhi,EE,EWS,Gender-Neutral,77320,NSUT_Round2_2025.pdf
NSUT,2025,R2,Round2,Delhi,EE,OBC,Gender-Neutral,144477,NSUT_Round2_2025.pdf
NSUT,2025,R2,Round2,Delhi,EE,SC,Gender-Neutral,266111,NSUT_Round2_2025.pdf
NSUT,2025,R2,Round2,Delhi,EE,ST,Gender-Neutral,1239492,NSUT_Round2_2025.pdf
NSUT,2025,R2,Round2,Delhi,EE,General,Girl,43802,NSUT_Round2_2025.pdf
NSUT,2025,R2,Round2,Delhi,EE,EWS,Girl,149315,NSUT_Round2_2025.pdf
NSUT,2025,R2,Round2,Delhi,EE,OBC,Girl,279099,NSUT_Round2_2025.pdf
NSUT,2025,R2,Round2,Delhi,EE,SC,Girl,449334,NSUT_Round2_2025.pdf
NSUT,2025,R2,Round2,Delhi,EE,General,Defense-CW,82207,NSUT_Round2_2025.pdf
NSUT,2025,R2,Round2,Delhi,EE,EWS,Defense-CW,202816,NSUT_Round2_2025.pdf
NSUT,2025,R2,Round2,Delhi,EE,OBC,Defense-CW,256664,NSUT_Round2_2025.pdf
NSUT,2025,R2,Round2,Delhi,EE,General,PwD,615543,NSUT_Round2_2025.pdf
NSUT,2025,R2,Round2,Delhi,ICE,General,Gender-Neutral,31951,NSUT_Round2_2025.pdf
NSUT,2025,R2,Round2,Delhi,ICE,EWS,Gender-Neutral,89192,NSUT_Round2_2025.pdf
NSUT,2025,R2,Round2,Delhi,ICE,OBC,Gender-Neutral,160670,NSUT_Round2_2025.pdf
NSUT,2025,R2,Round2,Delhi,ICE,SC,Gender-Neutral,297771,NSUT_Round2_2025.pdf
NSUT,2025,R2,Round2,Delhi,ICE,ST,Gender-Neutral,984860,NSUT_Round2_2025.pdf
NSUT,2025,R2,Round2,Delhi,ICE,General,Girl,68101,NSUT_Round2_2025.pdf
NSUT,2025,R2,Round2,Delhi,ICE,EWS,Girl,202641,NSUT_Round2_2025.pdf
NSUT,2025,R2,Round2,Delhi,ICE,OBC,Girl,325901,NSUT_Round2_2025.pdf
NSUT,2025,R2,Round2,Delhi,ICE,SC,Girl,538191,NSUT_Round2_2025.pdf
NSUT,2025,R2,Round2,Delhi,ICE,General,Defense-CW,92984,NSUT_Round2_2025.pdf
NSUT,2025,R2,Round2,Delhi,ICE,EWS,Defense-CW,254388,NSUT_Round2_2025.pdf
NSUT,2025,R2,Round2,Delhi,ICE,OBC,Defense-CW,384882,NSUT_Round2_2025.pdf
NSUT,2025,R2,Round2,Delhi,ICE,General,PwD,1053928,NSUT_Round2_2025.pdf
NSUT,2025,R2,Round2,Delhi,ME,General,Gender-Neutral,39565,NSUT_Round2_2025.pdf
NSUT,2025,R2,Round2,Delhi,ME,EWS,Gender-Neutral,107485,NSUT_Round2_2025.pdf
NSUT,2025,R2,Round2,Delhi,ME,OBC,Gender-Neutral,183111,NSUT_Round2_2025.pdf
NSUT,2025,R2,Round2,Delhi,ME,SC,Gender-Neutral,328178,NSUT_Round2_2025.pdf
NSUT,2025,R2,Round2,Delhi,ME,ST,Gender-Neutral,904236,NSUT_Round2_2025.pdf
NSUT,2025,R2,Round2,Delhi,ME,General,Girl,77297,NSUT_Round2_2025.pdf
NSUT,2025,R2,Round2,Delhi,ME,EWS,Girl,205964,NSUT_Round2_2025.pdf
NSUT,2025,R2,Round2,Delhi,ME,OBC,Girl,341112,NSUT_Round2_2025.pdf
NSUT,2025,R2,Round2,Delhi,ME,SC,Girl,531502,NSUT_Round2_2025.pdf
NSUT,2025,R2,Round2,Delhi,ME,General,Defense-CW,107682,NSUT_Round2_2025.pdf
NSUT,2025,R2,Round2,Delhi,ME,EWS,Defense-CW,332856,NSUT_Round2_2025.pdf
NSUT,2025,R2,Round2,Delhi,ME,OBC,Defense-CW,460706,NSUT_Round2_2025.pdf
NSUT,2025,R2,Round2,Delhi,ME,General,PwD,852538,NSUT_Round2_2025.pdf
NSUT,2025,R2,Round2,Delhi,BT,General,Gender-Neutral,49387,NSUT_Round2_2025.pdf
NSUT,2025,R2,Round2,Delhi,BT,EWS,Gender-Neutral,126742,NSUT_Round2_2025.pdf
NSUT,2025,R2,Round2,Delhi,BT,OBC,Gender-Neutral,224298,NSUT_Round2_2025.pdf
NSUT,2025,R2,Round2,Delhi,BT,SC,Gender-Neutral,383130,NSUT_Round2_2025.pdf
NSUT,2025,R2,Round2,Delhi,BT,General,Girl,76147,NSUT_Round2_2025.pdf
NSUT,2025,R2,Round2,Delhi,BT,EWS,Girl,201548,NSUT_Round2_2025.pdf
NSUT,2025,R2,Round2,Delhi,BT,OBC,Girl,331106,NSUT_Round2_2025.pdf
NSUT,2025,R2,Round2,Delhi,BT,SC,Girl,456714,NSUT_Round2_2025.pdf
NSUT,2025,R2,Round2,Delhi,BT,General,Defense-CW,125218,NSUT_Round2_2025.pdf
NSUT,2025,R2,Round2,Delhi,BT,OBC,Defense-CW,353020,NSUT_Round2_2025.pdf
NSUT,2025,R2,Round2,Delhi,BT,General,PwD,1448255,NSUT_Round2_2025.pdf
NSUT,2025,R2,Round2,Delhi,CSDA*,General,Gender-Neutral,21087,NSUT_Round2_2025.pdf
NSUT,2025,R2,Round2,Delhi,CSDA*,EWS,Gender-Neutral,52149,NSUT_Round2_2025.pdf
NSUT,2025,R2,Round2,Delhi,CSDA*,OBC,Gender-Neutral,105485,NSUT_Round2_2025.pdf
NSUT,2025,R2,Round2,Delhi,CSDA*,SC,Gender-Neutral,186788,NSUT_Round2_2025.pdf
NSUT,2025,R2,Round2,Delhi,CSDA*,ST,Gender-Neutral,735123,NSUT_Round2_2025.pdf
NSUT,2025,R2,Round2,Delhi,CSDA*,General,Girl,32709,NSUT_Round2_2025.pdf
NSUT,2025,R2,Round2,Delhi,CSDA*,EWS,Girl,69251,NSUT_Round2_2025.pdf
NSUT,2025,R2,Round2,Delhi,CSDA*,OBC,Girl,147461,NSUT_Round2_2025.pdf
NSUT,2025,R2,Round2,Delhi,CSDA*,SC,Girl,298494,NSUT_Round2_2025.pdf
NSUT,2025,R2,Round2,Delhi,CSDA*,ST,Girl,1464965,NSUT_Round2_2025.pdf
NSUT,2025,R2,Round2,Delhi,CSDA*,General,Defense-CW,36311,NSUT_Round2_2025.pdf
NSUT,2025,R2,Round2,Delhi,CSDA*,OBC,Defense-CW,211511,NSUT_Round2_2025.pdf
NSUT,2025,R2,Round2,Delhi,CSDA*,General,PwD,249535,NSUT_Round2_2025.pdf
NSUT,2025,R2,Round2,Delhi,CSDA*,EWS,PwD,641169,NSUT_Round2_2025.pdf
NSUT,2025,R2,Round2,Delhi,CIOT*,General,Gender-Neutral,23701,NSUT_Round2_2025.pdf
NSUT,2025,R2,Round2,Delhi,CIOT*,EWS,Gender-Neutral,62796,NSUT_Round2_2025.pdf
NSUT,2025,R2,Round2,Delhi,CIOT*,OBC,Gender-Neutral,117480,NSUT_Round2_2025.pdf
NSUT,2025,R2,Round2,Delhi,CIOT*,SC,Gender-Neutral,213097,NSUT_Round2_2025.pdf
NSUT,2025,R2,Round2,Delhi,CIOT*,ST,Gender-Neutral,839309,NSUT_Round2_2025.pdf
NSUT,2025,R2,Round2,Delhi,CIOT*,General,Girl,43715,NSUT_Round2_2025.pdf
NSUT,2025,R2,Round2,Delhi,CIOT*,EWS,Girl,115204,NSUT_Round2_2025.pdf
NSUT,2025,R2,Round2,Delhi,CIOT*,OBC,Girl,184818,NSUT_Round2_2025.pdf
NSUT,2025,R2,Round2,Delhi,CIOT*,SC,Girl,351211,NSUT_Round2_2025.pdf
NSUT,2025,R2,Round2,Delhi,CIOT*,ST,Girl,1239050,NSUT_Round2_2025.pdf
NSUT,2025,R2,Round2,Delhi,CIOT*,General,Defense-CW,48060,NSUT_Round2_2025.pdf
NSUT,2025,R2,Round2,Delhi,CIOT*,EWS,Defense-CW,185420,NSUT_Round2_2025.pdf
NSUT,2025,R2,Round2,Delhi,CIOT*,General,PwD,255186,NSUT_Round2_2025.pdf
NSUT,2025,R2,Round2,Delhi,ECAM*,General,Gender-Neutral,29541,NSUT_Round2_2025.pdf
NSUT,2025,R2,Round2,Delhi,ECAM*,EWS,Gender-Neutral,75946,NSUT_Round2_2025.pdf
NSUT,2025,R2,Round2,Delhi,ECAM*,OBC,Gender-Neutral,139182,NSUT_Round2_2025.pdf
NSUT,2025,R2,Round2,Delhi,ECAM*,SC,Gender-Neutral,242120,NSUT_Round2_2025.pdf
NSUT,2025,R2,Round2,Delhi,ECAM*,ST,Gender-Neutral,1248079,NSUT_Round2_2025.pdf
NSUT,2025,R2,Round2,Delhi,ECAM*,General,Girl,62735,NSUT_Round2_2025.pdf
NSUT,2025,R2,Round2,Delhi,ECAM*,EWS,Girl,163983,NSUT_Round2_2025.pdf
NSUT,2025,R2,Round2,Delhi,ECAM*,OBC,Girl,296770,NSUT_Round2_2025.pdf
NSUT,2025,R2,Round2,Delhi,ECAM*,SC,Girl,389241,NSUT_Round2_2025.pdf
NSUT,2025,R2,Round2,Delhi,ECAM*,General,Defense-CW,72795,NSUT_Round2_2025.pdf
NSUT,2025,R2,Round2,Delhi,ECAM*,EWS,Defense-CW,262562,NSUT_Round2_2025.pdf
NSUT,2025,R2,Round2,Delhi,ECAM*,OBC,Defense-CW,265906,NSUT_Round2_2025.pdf
NSUT,2025,R2,Round2,Delhi,ECAM*,General,PwD,499976,NSUT_Round2_2025.pdf
NSUT,2025,R2,Round2,Delhi,MEEV**,General,Gender-Neutral,45443,NSUT_Round2_2025.pdf
NSUT,2025,R2,Round2,Delhi,MEEV**,EWS,Gender-Neutral,118438,NSUT_Round2_2025.pdf
NSUT,2025,R2,Round2,Delhi,MEEV**,OBC,Gender-Neutral,201867,NSUT_Round2_2025.pdf
NSUT,2025,R2,Round2,Delhi,MEEV**,SC,Gender-Neutral,358331,NSUT_Round2_2025.pdf
NSUT,2025,R2,Round2,Delhi,MEEV**,General,Girl,83955,NSUT_Round2_2025.pdf
NSUT,2025,R2,Round2,Delhi,MEEV**,EWS,Girl,187881,NSUT_Round2_2025.pdf
NSUT,2025,R2,Round2,Delhi,MEEV**,OBC,Girl,389571,NSUT_Round2_2025.pdf
NSUT,2025,R2,Round2,Delhi,MEEV**,SC,Girl,543602,NSUT_Round2_2025.pdf
NSUT,2025,R2,Round2,Delhi,MEEV**,General,Defense-CW,110653,NSUT_Round2_2025.pdf
NSUT,2025,R2,Round2,Delhi,MEEV**,OBC,Defense-CW,488170,NSUT_Round2_2025.pdf
NSUT,2025,R2,Round2,Delhi,MEEV**,General,PwD,1301768,NSUT_Round2_2025.pdf
NSUT,2025,R2,Round2,Delhi,CE**,General,Gender-Neutral,51473,NSUT_Round2_2025.pdf
NSUT,2025,R2,Round2,Delhi,CE**,EWS,Gender-Neutral,128677,NSUT_Round2_2025.pdf
NSUT,2025,R2,Round2,Delhi,CE**,OBC,Gender-Neutral,225964,NSUT_Round2_2025.pdf
NSUT,2025,R2,Round2,Delhi,CE**,SC,Gender-Neutral,370481,NSUT_Round2_2025.pdf
NSUT,2025,R2,Round2,Delhi,CE**,ST,Gender-Neutral,836299,NSUT_Round2_2025.pdf
NSUT,2025,R2,Round2,Delhi,CE**,General,Girl,86043,NSUT_Round2_2025.pdf
NSUT,2025,R2,Round2,Delhi,CE**,EWS,Girl,200985,NSUT_Round2_2025.pdf
NSUT,2025,R2,Round2,Delhi,CE**,OBC,Girl,377127,NSUT_Round2_2025.pdf
NSUT,2025,R2,Round2,Delhi,CE**,SC,Girl,494818,NSUT_Round2_2025.pdf
NSUT,2025,R2,Round2,Delhi,CE**,General,Defense-CW,119871,NSUT_Round2_2025.pdf
NSUT,2025,R2,Round2,Delhi,CE**,General,PwD,254032,NSUT_Round2_2025.pdf
NSUT,2025,R2,Round2,Delhi,GI**,General,Gender-Neutral,52002,NSUT_Round2_2025.pdf
NSUT,2025,R2,Round2,Delhi,GI**,EWS,Gender-Neutral,134080,NSUT_Round2_2025.pdf
NSUT,2025,R2,Round2,Delhi,GI**,OBC,Gender-Neutral,229724,NSUT_Round2_2025.pdf
NSUT,2025,R2,Round2,Delhi,GI**,SC,Gender-Neutral,387167,NSUT_Round2_2025.pdf
NSUT,2025,R2,Round2,Delhi,GI**,General,Girl,87863,NSUT_Round2_2025.pdf
NSUT,2025,R2,Round2,Delhi,GI**,EWS,Girl,235810,NSUT_Round2_2025.pdf
NSUT,2025,R2,Round2,Delhi,GI**,OBC,Girl,394687,NSUT_Round2_2025.pdf
NSUT,2025,R2,Round2,Delhi,GI**,SC,Girl,547950,NSUT_Round2_2025.pdf
NSUT,2025,R2,Round2,Delhi,GI**,General,Defense-CW,139896,NSUT_Round2_2025.pdf
NSUT,2025,R2,Round2,Delhi,GI**,OBC,Defense-CW,516572,NSUT_Round2_2025.pdf
NSUT,2025,R2,Round2,Delhi,B.Arch.**,General,Gender-Neutral,1688,NSUT_Round2_2025.pdf
NSUT,2025,R2,Round2,Delhi,B.Arch.**,EWS,Gender-Neutral,39112,NSUT_Round2_2025.pdf
NSUT,2025,R2,Round2,Delhi,B.Arch.**,OBC,Gender-Neutral,10544,NSUT_Round2_2025.pdf
NSUT,2025,R2,Round2,Delhi,B.Arch.**,SC,Gender-Neutral,9434,NSUT_Round2_2025.pdf
NSUT,2025,R2,Round2,Delhi,B.Arch.**,ST,Gender-Neutral,14047,NSUT_Round2_2025.pdf
NSUT,2025,R2,Round2,Delhi,B.Arch.**,General,Defense-CW,7200,NSUT_Round2_2025.pdf
NSUT,2025,R2,Round2,Outside-Delhi,Branch CSAI,General,Gender-Neutral,3299,NSUT_Round2_2025.pdf
NSUT,2025,R2,Round2,Outside-Delhi,Branch CSAI,EWS,Gender-Neutral,6476,NSUT_Round2_2025.pdf
NSUT,2025,R2,Round2,Outside-Delhi,Branch CSAI,OBC,Gender-Neutral,10969,NSUT_Round2_2025.pdf
NSUT,2025,R2,Round2,Outside-Delhi,Branch CSAI,SC,Gender-Neutral,52893,NSUT_Round2_2025.pdf
NSUT,2025,R2,Round2,Outside-Delhi,Branch CSAI,ST,Gender-Neutral,50791,NSUT_Round2_2025.pdf
NSUT,2025,R2,Round2,Outside-Delhi,Branch CSAI,General,Girl,5059,NSUT_Round2_2025.pdf
NSUT,2025,R2,Round2,Outside-Delhi,Branch CSAI,EWS,Girl,9612,NSUT_Round2_2025.pdf
NSUT,2025,R2,Round2,Outside-Delhi,Branch CSAI,OBC,Girl,19294,NSUT_Round2_2025.pdf
NSUT,2025,R2,Round2,Outside-Delhi,Branch CSAI,General,Defense-CW,39666,NSUT_Round2_2025.pdf
NSUT,2025,R2,Round2,Outside-Delhi,CSE,General,Gender-Neutral,3925,NSUT_Round2_2025.pdf
NSUT,2025,R2,Round2,Outside-Delhi,CSE,EWS,Gender-Neutral,5940,NSUT_Round2_2025.pdf
NSUT,2025,R2,Round2,Outside-Delhi,CSE,OBC,Gender-Neutral,12098,NSUT_Round2_2025.pdf
NSUT,2025,R2,Round2,Outside-Delhi,CSE,SC,Gender-Neutral,51685,NSUT_Round2_2025.pdf
NSUT,2025,R2,Round2,Outside-Delhi,CSE,ST,Gender-Neutral,122889,NSUT_Round2_2025.pdf
NSUT,2025,R2,Round2,Outside-Delhi,CSE,General,Girl,4269,NSUT_Round2_2025.pdf
NSUT,2025,R2,Round2,Outside-Delhi,CSE,OBC,Girl,16463,NSUT_Round2_2025.pdf
NSUT,2025,R2,Round2,Outside-Delhi,CSE,SC,Girl,56400,NSUT_Round2_2025.pdf
NSUT,2025,R2,Round2,Outside-Delhi,CSE,General,Defense-CW,782499,NSUT_Round2_2025.pdf
NSUT,2025,R2,Round2,Outside-Delhi,CSE,EWS,Defense-CW,56383,NSUT_Round2_2025.pdf
NSUT,2025,R2,Round2,Outside-Delhi,CSE,General,PwD,83599,NSUT_Round2_2025.pdf
NSUT,2025,R2,Round2,Outside-Delhi,CSE,OBC,PwD,175269,NSUT_Round2_2025.pdf
NSUT,2025,R2,Round2,Outside-Delhi,CSE,SC,PwD,1287120,NSUT_Round2_2025.pdf
NSUT,2025,R2,Round2,Outside-Delhi,CSDS,General,Gender-Neutral,4234,NSUT_Round2_2025.pdf
NSUT,2025,R2,Round2,Outside-Delhi,CSDS,EWS,Gender-Neutral,7709,NSUT_Round2_2025.pdf
NSUT,2025,R2,Round2,Outside-Delhi,CSDS,OBC,Gender-Neutral,12503,NSUT_Round2_2025.pdf
NSUT,2025,R2,Round2,Outside-Delhi,CSDS,SC,Gender-Neutral,55482,NSUT_Round2_2025.pdf
NSUT,2025,R2,Round2,Outside-Delhi,CSDS,ST,Gender-Neutral,80545,NSUT_Round2_2025.pdf
NSUT,2025,R2,Round2,Outside-Delhi,CSDS,EWS,Girl,12353,NSUT_Round2_2025.pdf
NSUT,2025,R2,Round2,Outside-Delhi,CSDS,SC,Girl,83515,NSUT_Round2_2025.pdf
NSUT,2025,R2,Round2,Outside-Delhi,IT,General,Gender-Neutral,5527,NSUT_Round2_2025.pdf
NSUT,2025,R2,Round2,Outside-Delhi,IT,EWS,Gender-Neutral,9255,NSUT_Round2_2025.pdf
NSUT,2025,R2,Round2,Outside-Delhi,IT,OBC,Gender-Neutral,15038,NSUT_Round2_2025.pdf
NSUT,2025,R2,Round2,Outside-Delhi,IT,SC,Gender-Neutral,68362,NSUT_Round2_2025.pdf
NSUT,2025,R2,Round2,Outside-Delhi,IT,ST,Gender-Neutral,124480,NSUT_Round2_2025.pdf
NSUT,2025,R2,Round2,Outside-Delhi,IT,General,Girl,7192,NSUT_Round2_2025.pdf
NSUT,2025,R2,Round2,Outside-Delhi,IT,OBC,Girl,20185,NSUT_Round2_2025.pdf
NSUT,2025,R2,Round2,Outside-Delhi,IT,SC,Girl,97521,NSUT_Round2_2025.pdf
NSUT,2025,R2,Round2,Outside-Delhi,IT,OBC,Defense-CW,34677,NSUT_Round2_2025.pdf
NSUT,2025,R2,Round2,Outside-Delhi,IT,General,PwD,127598,NSUT_Round2_2025.pdf
NSUT,2025,R2,Round2,Outside-Delhi,ITNS,General,Gender-Neutral,6394,NSUT_Round2_2025.pdf
NSUT,2025,R2,Round2,Outside-Delhi,ITNS,EWS,Gender-Neutral,8720,NSUT_Round2_2025.pdf
NSUT,2025,R2,Round2,Outside-Delhi,ITNS,OBC,Gender-Neutral,15385,NSUT_Round2_2025.pdf
NSUT,2025,R2,Round2,Outside-Delhi,ITNS,SC,Gender-Neutral,67313,NSUT_Round2_2025.pdf
NSUT,2025,R2,Round2,Outside-Delhi,ITNS,ST,Gender-Neutral,127153,NSUT_Round2_2025.pdf
NSUT,2025,R2,Round2,Outside-Delhi,ITNS,General,Girl,7881,NSUT_Round2_2025.pdf
NSUT,2025,R2,Round2,Outside-Delhi,ITNS,ST,Girl,216309,NSUT_Round2_2025.pdf
NSUT,2025,R2,Round2,Outside-Delhi,MAC,General,Gender-Neutral,5498,NSUT_Round2_2025.pdf
NSUT,2025,R2,Round2,Outside-Delhi,MAC,EWS,Gender-Neutral,10940,NSUT_Round2_2025.pdf
NSUT,2025,R2,Round2,Outside-Delhi,MAC,OBC,Gender-Neutral,16388,NSUT_Round2_2025.pdf
NSUT,2025,R2,Round2,Outside-Delhi,MAC,SC,Gender-Neutral,69379,NSUT_Round2_2025.pdf
NSUT,2025,R2,Round2,Outside-Delhi,MAC,ST,Gender-Neutral,133524,NSUT_Round2_2025.pdf
NSUT,2025,R2,Round2,Outside-Delhi,MAC,General,Girl,6274,NSUT_Round2_2025.pdf
NSUT,2025,R2,Round2,Outside-Delhi,MAC,OBC,Girl,22794,NSUT_Round2_2025.pdf
NSUT,2025,R2,Round2,Outside-Delhi,ECE,General,Gender-Neutral,7357,NSUT_Round2_2025.pdf
NSUT,2025,R2,Round2,Outside-Delhi,ECE,EWS,Gender-Neutral,11823,NSUT_Round2_2025.pdf
NSUT,2025,R2,Round2,Outside-Delhi,ECE,OBC,Gender-Neutral,17755,NSUT_Round2_2025.pdf
NSUT,2025,R2,Round2,Outside-Delhi,ECE,SC,Gender-Neutral,82928,NSUT_Round2_2025.pdf
NSUT,2025,R2,Round2,Outside-Delhi,ECE,ST,Gender-Neutral,140115,NSUT_Round2_2025.pdf
NSUT,2025,R2,Round2,Outside-Delhi,ECE,General,Girl,8121,NSUT_Round2_2025.pdf
NSUT,2025,R2,Round2,Outside-Delhi,ECE,EWS,Girl,14559,NSUT_Round2_2025.pdf
NSUT,2025,R2,Round2,Outside-Delhi,ECE,OBC,Girl,27833,NSUT_Round2_2025.pdf
NSUT,2025,R2,Round2,Outside-Delhi,ECE,SC,Girl,102106,NSUT_Round2_2025.pdf
NSUT,2025,R2,Round2,Outside-Delhi,ECE,ST,Girl,213349,NSUT_Round2_2025.pdf
NSUT,2025,R2,Round2,Outside-Delhi,ECE,General,PwD,130501,NSUT_Round2_2025.pdf
NSUT,2025,R2,Round2,Outside-Delhi,ECE,EWS,PwD,507505,NSUT_Round2_2025.pdf
NSUT,2025,R2,Round2,Outside-Delhi,ECE,OBC,PwD,399184,NSUT_Round2_2025.pdf
NSUT,2025,R2,Round2,Outside-Delhi,EVDT,General,Gender-Neutral,7651,NSUT_Round2_2025.pdf
NSUT,2025,R2,Round2,Outside-Delhi,EVDT,EWS,Gender-Neutral,11953,NSUT_Round2_2025.pdf
NSUT,2025,R2,Round2,Outside-Delhi,EVDT,OBC,Gender-Neutral,19436,NSUT_Round2_2025.pdf
NSUT,2025,R2,Round2,Outside-Delhi,EVDT,SC,Gender-Neutral,83552,NSUT_Round2_2025.pdf
NSUT,2025,R2,Round2,Outside-Delhi,EVDT,ST,Gender-Neutral,162769,NSUT_Round2_2025.pdf
NSUT,2025,R2,Round2,Outside-Delhi,EVDT,General,Girl,8486,NSUT_Round2_2025.pdf
NSUT,2025,R2,Round2,Outside-Delhi,EVDT,OBC,Girl,29811,NSUT_Round2_2025.pdf
NSUT,2025,R2,Round2,Outside-Delhi,EE,General,Gender-Neutral,10018,NSUT_Round2_2025.pdf
NSUT,2025,R2,Round2,Outside-Delhi,EE,EWS,Gender-Neutral,15296,NSUT_Round2_2025.pdf
NSUT,2025,R2,Round2,Outside-Delhi,EE,OBC,Gender-Neutral,20760,NSUT_Round2_2025.pdf
NSUT,2025,R2,Round2,Outside-Delhi,EE,SC,Gender-Neutral,91034,NSUT_Round2_2025.pdf
NSUT,2025,R2,Round2,Outside-Delhi,EE,ST,Gender-Neutral,177948,NSUT_Round2_2025.pdf
NSUT,2025,R2,Round2,Outside-Delhi,EE,General,Girl,14711,NSUT_Round2_2025.pdf
NSUT,2025,R2,Round2,Outside-Delhi,EE,OBC,Girl,33912,NSUT_Round2_2025.pdf
NSUT,2025,R2,Round2,Outside-Delhi,EE,ST,Girl,247867,NSUT_Round2_2025.pdf
NSUT,2025,R2,Round2,Outside-Delhi,EE,General,Defense-CW,38726,NSUT_Round2_2025.pdf
NSUT,2025,R2,Round2,Outside-Delhi,EE,OBC,Defense-CW,144979,NSUT_Round2_2025.pdf
NSUT,2025,R2,Round2,Outside-Delhi,ICE,General,Gender-Neutral,10874,NSUT_Round2_2025.pdf
NSUT,2025,R2,Round2,Outside-Delhi,ICE,EWS,Gender-Neutral,18898,NSUT_Round2_2025.pdf
NSUT,2025,R2,Round2,Outside-Delhi,ICE,OBC,Gender-Neutral,21763,NSUT_Round2_2025.pdf
NSUT,2025,R2,Round2,Outside-Delhi,ICE,SC,Gender-Neutral,95474,NSUT_Round2_2025.pdf
NSUT,2025,R2,Round2,Outside-Delhi,ICE,ST,Gender-Neutral,178527,NSUT_Round2_2025.pdf
NSUT,2025,R2,Round2,Outside-Delhi,ICE,General,Girl,14264,NSUT_Round2_2025.pdf
NSUT,2025,R2,Round2,Outside-Delhi,ICE,OBC,Girl,42156,NSUT_Round2_2025.pdf
NSUT,2025,R2,Round2,Outside-Delhi,ICE,SC,Girl,118125,NSUT_Round2_2025.pdf
NSUT,2025,R2,Round2,Outside-Delhi,ICE,General,Defense-CW,45285,NSUT_Round2_2025.pdf
NSUT,2025,R2,Round2,Outside-Delhi,ICE,ST,Defense-CW,444900,NSUT_Round2_2025.pdf
NSUT,2025,R2,Round2,Outside-Delhi,ICE,General,PwD,176627,NSUT_Round2_2025.pdf
NSUT,2025,R2,Round2,Outside-Delhi,ICE,OBC,PwD,625093,NSUT_Round2_2025.pdf
NSUT,2025,R2,Round2,Outside-Delhi,ME,General,Gender-Neutral,12567,NSUT_Round2_2025.pdf
NSUT,2025,R2,Round2,Outside-Delhi,ME,EWS,Gender-Neutral,19018,NSUT_Round2_2025.pdf
NSUT,2025,R2,Round2,Outside-Delhi,ME,OBC,Gender-Neutral,25772,NSUT_Round2_2025.pdf
NSUT,2025,R2,Round2,Outside-Delhi,ME,SC,Gender-Neutral,107984,NSUT_Round2_2025.pdf
NSUT,2025,R2,Round2,Outside-Delhi,ME,ST,Gender-Neutral,187446,NSUT_Round2_2025.pdf
NSUT,2025,R2,Round2,Outside-Delhi,ME,General,Girl,18535,NSUT_Round2_2025.pdf
NSUT,2025,R2,Round2,Outside-Delhi,ME,EWS,Girl,30639,NSUT_Round2_2025.pdf
NSUT,2025,R2,Round2,Outside-Delhi,ME,OBC,Girl,48416,NSUT_Round2_2025.pdf
NSUT,2025,R2,Round2,Outside-Delhi,ME,SC,Girl,165953,NSUT_Round2_2025.pdf
NSUT,2025,R2,Round2,Outside-Delhi,ME,SC,Defense-CW,207361,NSUT_Round2_2025.pdf
NSUT,2025,R2,Round2,Outside-Delhi,ME,General,PwD,219332,NSUT_Round2_2025.pdf
NSUT,2025,R2,Round2,Outside-Delhi,ME,OBC,PwD,876697,NSUT_Round2_2025.pdf
NSUT,2025,R2,Round2,Outside-Delhi,BT,General,Gender-Neutral,14848,NSUT_Round2_2025.pdf
NSUT,2025,R2,Round2,Outside-Delhi,BT,EWS,Gender-Neutral,20721,NSUT_Round2_2025.pdf
NSUT,2025,R2,Round2,Outside-Delhi,BT,OBC,Gender-Neutral,27599,NSUT_Round2_2025.pdf
NSUT,2025,R2,Round2,Outside-Delhi,BT,SC,Gender-Neutral,116575,NSUT_Round2_2025.pdf
NSUT,2025,R2,Round2,Outside-Delhi,BT,ST,Gender-Neutral,216221,NSUT_Round2_2025.pdf
NSUT,2025,R2,Round2,Outside-Delhi,BT,General,Girl,26311,NSUT_Round2_2025.pdf
NSUT,2025,R2,Round2,Outside-Delhi,BT,OBC,Girl,51551,NSUT_Round2_2025.pdf
NSUT,2025,R2,Round2,Outside-Delhi,BT,SC,Defense-CW,274465,NSUT_Round2_2025.pdf
NSUT,2025,R2,Round2,Outside-Delhi,CSDA*,General,Gender-Neutral,6160,NSUT_Round2_2025.pdf
NSUT,2025,R2,Round2,Outside-Delhi,CSDA*,EWS,Gender-Neutral,8197,NSUT_Round2_2025.pdf
NSUT,2025,R2,Round2,Outside-Delhi,CSDA*,OBC,Gender-Neutral,14117,NSUT_Round2_2025.pdf
NSUT,2025,R2,Round2,Outside-Delhi,CSDA*,SC,Gender-Neutral,70056,NSUT_Round2_2025.pdf
NSUT,2025,R2,Round2,Outside-Delhi,CSDA*,ST,Gender-Neutral,155466,NSUT_Round2_2025.pdf
NSUT,2025,R2,Round2,Outside-Delhi,CSDA*,OBC,Girl,22041,NSUT_Round2_2025.pdf
NSUT,2025,R2,Round2,Outside-Delhi,CSDA*,SC,Girl,104350,NSUT_Round2_2025.pdf
NSUT,2025,R2,Round2,Outside-Delhi,CSDA*,General,PwD,92922,NSUT_Round2_2025.pdf
NSUT,2025,R2,Round2,Outside-Delhi,CIOT*,General,Gender-Neutral,6779,NSUT_Round2_2025.pdf
NSUT,2025,R2,Round2,Outside-Delhi,CIOT*,EWS,Gender-Neutral,10966,NSUT_Round2_2025.pdf
NSUT,2025,R2,Round2,Outside-Delhi,CIOT*,OBC,Gender-Neutral,16566,NSUT_Round2_2025.pdf
NSUT,2025,R2,Round2,Outside-Delhi,CIOT*,SC,Gender-Neutral,78579,NSUT_Round2_2025.pdf
NSUT,2025,R2,Round2,Outside-Delhi,CIOT*,ST,Gender-Neutral,161115,NSUT_Round2_2025.pdf
NSUT,2025,R2,Round2,Outside-Delhi,CIOT*,General,Girl,8076,NSUT_Round2_2025.pdf
NSUT,2025,R2,Round2,Outside-Delhi,CIOT*,OBC,Girl,21525,NSUT_Round2_2025.pdf
NSUT,2025,R2,Round2,Outside-Delhi,ECAM*,General,Gender-Neutral,7958,NSUT_Round2_2025.pdf
NSUT,2025,R2,Round2,Outside-Delhi,ECAM*,EWS,Gender-Neutral,12973,NSUT_Round2_2025.pdf
NSUT,2025,R2,Round2,Outside-Delhi,ECAM*,OBC,Gender-Neutral,20124,NSUT_Round2_2025.pdf
NSUT,2025,R2,Round2,Outside-Delhi,ECAM*,SC,Gender-Neutral,83734,NSUT_Round2_2025.pdf
NSUT,2025,R2,Round2,Outside-Delhi,ECAM*,ST,Gender-Neutral,152218,NSUT_Round2_2025.pdf
NSUT,2025,R2,Round2,Outside-Delhi,ECAM*,General,Girl,15247,NSUT_Round2_2025.pdf
NSUT,2025,R2,Round2,Outside-Delhi,ECAM*,EWS,Girl,18882,NSUT_Round2_2025.pdf
NSUT,2025,R2,Round2,Outside-Delhi,ECAM*,OBC,Girl,25568,NSUT_Round2_2025.pdf
NSUT,2025,R2,Round2,Outside-Delhi,ECAM*,ST,Girl,251045,NSUT_Round2_2025.pdf
NSUT,2025,R2,Round2,Outside-Delhi,ECAM*,General,Defense-CW,203290,NSUT_Round2_2025.pdf
NSUT,2025,R2,Round2,Outside-Delhi,ECAM*,EWS,Defense-CW,88647,NSUT_Round2_2025.pdf
NSUT,2025,R2,Round2,Outside-Delhi,ECAM*,OBC,PwD,413986,NSUT_Round2_2025.pdf
NSUT,2025,R2,Round2,Outside-Delhi,ECAM*,SC,PwD,1344981,NSUT_Round2_2025.pdf
NSUT,2025,R2,Round2,Outside-Delhi,MEEV**,General,Gender-Neutral,11599,NSUT_Round2_2025.pdf
NSUT,2025,R2,Round2,Outside-Delhi,MEEV**,EWS,Gender-Neutral,20968,NSUT_Round2_2025.pdf
NSUT,2025,R2,Round2,Outside-Delhi,MEEV**,OBC,Gender-Neutral,27533,NSUT_Round2_2025.pdf
NSUT,2025,R2,Round2,Outside-Delhi,MEEV**,SC,Gender-Neutral,116569,NSUT_Round2_2025.pdf
NSUT,2025,R2,Round2,Outside-Delhi,MEEV**,ST,Gender-Neutral,169731,NSUT_Round2_2025.pdf
NSUT,2025,R2,Round2,Outside-Delhi,MEEV**,General,Girl,24315,NSUT_Round2_2025.pdf
NSUT,2025,R2,Round2,Outside-Delhi,MEEV**,OBC,Girl,48990,NSUT_Round2_2025.pdf
NSUT,2025,R2,Round2,Outside-Delhi,CE**,General,Gender-Neutral,15325,NSUT_Round2_2025.pdf
NSUT,2025,R2,Round2,Outside-Delhi,CE**,EWS,Gender-Neutral,21190,NSUT_Round2_2025.pdf
NSUT,2025,R2,Round2,Outside-Delhi,CE**,OBC,Gender-Neutral,28213,NSUT_Round2_2025.pdf
NSUT,2025,R2,Round2,Outside-Delhi,CE**,SC,Gender-Neutral,119601,NSUT_Round2_2025.pdf
NSUT,2025,R2,Round2,Outside-Delhi,CE**,General,Girl,26815,NSUT_Round2_2025.pdf
NSUT,2025,R2,Round2,Outside-Delhi,CE**,EWS,Girl,38160,NSUT_Round2_2025.pdf
NSUT,2025,R2,Round2,Outside-Delhi,CE**,OBC,Defense-CW,32286,NSUT_Round2_2025.pdf
NSUT,2025,R2,Round2,Outside-Delhi,GI**,General,Gender-Neutral,15509,NSUT_Round2_2025.pdf
NSUT,2025,R2,Round2,Outside-Delhi,GI**,OBC,Gender-Neutral,28774,NSUT_Round2_2025.pdf
NSUT,2025,R2,Round2,Outside-Delhi,GI**,SC,Gender-Neutral,116950,NSUT_Round2_2025.pdf
NSUT,2025,R2,Round2,Outside-Delhi,GI**,ST,Gender-Neutral,217336,NSUT_Round2_2025.pdf
NSUT,2025,R2,Round2,Outside-Delhi,GI**,General,Girl,21192,NSUT_Round2_2025.pdf
NSUT,2025,R2,Round2,Outside-Delhi,B.Arch.**,General,Gender-Neutral,376,NSUT_Round2_2025.pdf
NSUT,2025,R2,Round2,Outside-Delhi,B.Arch.**,EWS,Gender-Neutral,3732,NSUT_Round2_2025.pdf
NSUT,2025,R2,Round2,Outside-Delhi,B.Arch.**,OBC,Gender-Neutral,1235,NSUT_Round2_2025.pdf
NSUT,2025,R2,Round2,Outside-Delhi,B.Arch.**,SC,Gender-Neutral,2203,NSUT_Round2_2025.pdf
NSUT,2025,R3,Round3,Delhi,Branch CSAI,General,Gender-Neutral,5226,NSUT_Round3_2025.pdf
NSUT,2025,R3,Round3,Delhi,Branch CSAI,EWS,Gender-Neutral,17520,NSUT_Round3_2025.pdf
NSUT,2025,R3,Round3,Delhi,Branch CSAI,OBC,Gender-Neutral,31699,NSUT_Round3_2025.pdf
NSUT,2025,R3,Round3,Delhi,Branch CSAI,SC,Gender-Neutral,85621,NSUT_Round3_2025.pdf
NSUT,2025,R3,Round3,Delhi,Branch CSAI,ST,Gender-Neutral,160822,NSUT_Round3_2025.pdf
NSUT,2025,R3,Round3,Delhi,Branch CSAI,General,Girl,10557,NSUT_Round3_2025.pdf
NSUT,2025,R3,Round3,Delhi,Branch CSAI,EWS,Girl,45894,NSUT_Round3_2025.pdf
NSUT,2025,R3,Round3,Delhi,Branch CSAI,OBC,Girl,75046,NSUT_Round3_2025.pdf
NSUT,2025,R3,Round3,Delhi,Branch CSAI,SC,Girl,145136,NSUT_Round3_2025.pdf
NSUT,2025,R3,Round3,Delhi,Branch CSAI,ST,Girl,335926,NSUT_Round3_2025.pdf
NSUT,2025,R3,Round3,Delhi,Branch CSAI,General,Defense-CW,398179,NSUT_Round3_2025.pdf
NSUT,2025,R3,Round3,Delhi,Branch CSAI,OBC,Defense-CW,83144,NSUT_Round3_2025.pdf
NSUT,2025,R3,Round3,Delhi,Branch CSAI,SC,Defense-CW,229299,NSUT_Round3_2025.pdf
NSUT,2025,R3,Round3,Delhi,Branch CSAI,ST,Defense-CW,457248,NSUT_Round3_2025.pdf
NSUT,2025,R3,Round3,Delhi,Branch CSAI,General,PwD,146747,NSUT_Round3_2025.pdf
NSUT,2025,R3,Round3,Delhi,Branch CSAI,EWS,PwD,298614,NSUT_Round3_2025.pdf
NSUT,2025,R3,Round3,Delhi,Branch CSAI,OBC,PwD,449212,NSUT_Round3_2025.pdf
NSUT,2025,R3,Round3,Delhi,Branch CSAI,SC,PwD,1410918,NSUT_Round3_2025.pdf
NSUT,2025,R3,Round3,Delhi,CSE,General,Gender-Neutral,7946,NSUT_Round3_2025.pdf
NSUT,2025,R3,Round3,Delhi,CSE,EWS,Gender-Neutral,27670,NSUT_Round3_2025.pdf
NSUT,2025,R3,Round3,Delhi,CSE,OBC,Gender-Neutral,45586,NSUT_Round3_2025.pdf
NSUT,2025,R3,Round3,Delhi,CSE,SC,Gender-Neutral,98194,NSUT_Round3_2025.pdf
NSUT,2025,R3,Round3,Delhi,CSE,ST,Gender-Neutral,312582,NSUT_Round3_2025.pdf
NSUT,2025,R3,Round3,Delhi,CSE,General,Girl,13738,NSUT_Round3_2025.pdf
NSUT,2025,R3,Round3,Delhi,CSE,EWS,Girl,46550,NSUT_Round3_2025.pdf
NSUT,2025,R3,Round3,Delhi,CSE,OBC,Girl,71838,NSUT_Round3_2025.pdf
NSUT,2025,R3,Round3,Delhi,CSE,SC,Girl,138729,NSUT_Round3_2025.pdf
NSUT,2025,R3,Round3,Delhi,CSE,ST,Girl,569974,NSUT_Round3_2025.pdf
NSUT,2025,R3,Round3,Delhi,CSE,General,Defense-CW,640484,NSUT_Round3_2025.pdf
NSUT,2025,R3,Round3,Delhi,CSE,EWS,Defense-CW,61577,NSUT_Round3_2025.pdf
NSUT,2025,R3,Round3,Delhi,CSE,OBC,Defense-CW,87660,NSUT_Round3_2025.pdf
NSUT,2025,R3,Round3,Delhi,CSE,SC,Defense-CW,210630,NSUT_Round3_2025.pdf
NSUT,2025,R3,Round3,Delhi,CSE,General,PwD,155404,NSUT_Round3_2025.pdf
NSUT,2025,R3,Round3,Delhi,CSE,EWS,PwD,195752,NSUT_Round3_2025.pdf
NSUT,2025,R3,Round3,Delhi,CSE,OBC,PwD,322633,NSUT_Round3_2025.pdf
NSUT,2025,R3,Round3,Delhi,CSE,ST,PwD,410087,NSUT_Round3_2025.pdf
NSUT,2025,R3,Round3,Delhi,CSE,ST,PwD,476338,NSUT_Round3_2025.pdf
NSUT,2025,R3,Round3,Delhi,CSDS,General,Gender-Neutral,9715,NSUT_Round3_2025.pdf
NSUT,2025,R3,Round3,Delhi,CSDS,EWS,Gender-Neutral,29498,NSUT_Round3_2025.pdf
NSUT,2025,R3,Round3,Delhi,CSDS,OBC,Gender-Neutral,55225,NSUT_Round3_2025.pdf
NSUT,2025,R3,Round3,Delhi,CSDS,SC,Gender-Neutral,109168,NSUT_Round3_2025.pdf
NSUT,2025,R3,Round3,Delhi,CSDS,ST,Gender-Neutral,356659,NSUT_Round3_2025.pdf
NSUT,2025,R3,Round3,Delhi,CSDS,General,Girl,15098,NSUT_Round3_2025.pdf
NSUT,2025,R3,Round3,Delhi,CSDS,EWS,Girl,58486,NSUT_Round3_2025.pdf
NSUT,2025,R3,Round3,Delhi,CSDS,OBC,Girl,81234,NSUT_Round3_2025.pdf
NSUT,2025,R3,Round3,Delhi,CSDS,SC,Girl,145305,NSUT_Round3_2025.pdf
NSUT,2025,R3,Round3,Delhi,CSDS,General,Defense-CW,90762,NSUT_Round3_2025.pdf
NSUT,2025,R3,Round3,Delhi,CSDS,OBC,Defense-CW,89301,NSUT_Round3_2025.pdf
NSUT,2025,R3,Round3,Delhi,CSDS,General,PwD,166041,NSUT_Round3_2025.pdf
NSUT,2025,R3,Round3,Delhi,CSDS,OBC,PwD,454326,NSUT_Round3_2025.pdf
NSUT,2025,R3,Round3,Delhi,IT,General,Gender-Neutral,12602,NSUT_Round3_2025.pdf
NSUT,2025,R3,Round3,Delhi,IT,EWS,Gender-Neutral,38219,NSUT_Round3_2025.pdf
NSUT,2025,R3,Round3,Delhi,IT,OBC,Gender-Neutral,68160,NSUT_Round3_2025.pdf
NSUT,2025,R3,Round3,Delhi,IT,SC,Gender-Neutral,150103,NSUT_Round3_2025.pdf
NSUT,2025,R3,Round3,Delhi,IT,ST,Gender-Neutral,500778,NSUT_Round3_2025.pdf
NSUT,2025,R3,Round3,Delhi,IT,General,Girl,16948,NSUT_Round3_2025.pdf
NSUT,2025,R3,Round3,Delhi,IT,EWS,Girl,59499,NSUT_Round3_2025.pdf
NSUT,2025,R3,Round3,Delhi,IT,OBC,Girl,93797,NSUT_Round3_2025.pdf
NSUT,2025,R3,Round3,Delhi,IT,SC,Girl,175636,NSUT_Round3_2025.pdf
NSUT,2025,R3,Round3,Delhi,IT,ST,Girl,680357,NSUT_Round3_2025.pdf
NSUT,2025,R3,Round3,Delhi,IT,General,Defense-CW,445902,NSUT_Round3_2025.pdf
NSUT,2025,R3,Round3,Delhi,IT,EWS,Defense-CW,127854,NSUT_Round3_2025.pdf
NSUT,2025,R3,Round3,Delhi,IT,OBC,Defense-CW,139393,NSUT_Round3_2025.pdf
NSUT,2025,R3,Round3,Delhi,IT,General,PwD,209008,NSUT_Round3_2025.pdf
NSUT,2025,R3,Round3,Delhi,ITNS,General,Gender-Neutral,15647,NSUT_Round3_2025.pdf
NSUT,2025,R3,Round3,Delhi,ITNS,EWS,Gender-Neutral,44046,NSUT_Round3_2025.pdf
NSUT,2025,R3,Round3,Delhi,ITNS,OBC,Gender-Neutral,82643,NSUT_Round3_2025.pdf
NSUT,2025,R3,Round3,Delhi,ITNS,SC,Gender-Neutral,172848,NSUT_Round3_2025.pdf
NSUT,2025,R3,Round3,Delhi,ITNS,ST,Gender-Neutral,616283,NSUT_Round3_2025.pdf
NSUT,2025,R3,Round3,Delhi,ITNS,General,Girl,21279,NSUT_Round3_2025.pdf
NSUT,2025,R3,Round3,Delhi,ITNS,EWS,Girl,59291,NSUT_Round3_2025.pdf
NSUT,2025,R3,Round3,Delhi,ITNS,OBC,Girl,114250,NSUT_Round3_2025.pdf
NSUT,2025,R3,Round3,Delhi,ITNS,SC,Girl,196760,NSUT_Round3_2025.pdf
NSUT,2025,R3,Round3,Delhi,ITNS,ST,Girl,762424,NSUT_Round3_2025.pdf
NSUT,2025,R3,Round3,Delhi,ITNS,General,Defense-CW,92363,NSUT_Round3_2025.pdf
NSUT,2025,R3,Round3,Delhi,ITNS,SC,Defense-CW,712098,NSUT_Round3_2025.pdf
NSUT,2025,R3,Round3,Delhi,ITNS,General,PwD,191803,NSUT_Round3_2025.pdf
NSUT,2025,R3,Round3,Delhi,MAC,General,Gender-Neutral,17176,NSUT_Round3_2025.pdf
NSUT,2025,R3,Round3,Delhi,MAC,EWS,Gender-Neutral,47297,NSUT_Round3_2025.pdf
NSUT,2025,R3,Round3,Delhi,MAC,OBC,Gender-Neutral,93114,NSUT_Round3_2025.pdf
NSUT,2025,R3,Round3,Delhi,MAC,SC,Gender-Neutral,196005,NSUT_Round3_2025.pdf
NSUT,2025,R3,Round3,Delhi,MAC,ST,Gender-Neutral,719789,NSUT_Round3_2025.pdf
NSUT,2025,R3,Round3,Delhi,MAC,General,Girl,21041,NSUT_Round3_2025.pdf
NSUT,2025,R3,Round3,Delhi,MAC,EWS,Girl,80751,NSUT_Round3_2025.pdf
NSUT,2025,R3,Round3,Delhi,MAC,OBC,Girl,135201,NSUT_Round3_2025.pdf
NSUT,2025,R3,Round3,Delhi,MAC,SC,Girl,203922,NSUT_Round3_2025.pdf
NSUT,2025,R3,Round3,Delhi,MAC,General,Defense-CW,24086,NSUT_Round3_2025.pdf
NSUT,2025,R3,Round3,Delhi,MAC,General,PwD,353540,NSUT_Round3_2025.pdf
NSUT,2025,R3,Round3,Delhi,ECE,General,Gender-Neutral,21182,NSUT_Round3_2025.pdf
NSUT,2025,R3,Round3,Delhi,ECE,EWS,Gender-Neutral,57047,NSUT_Round3_2025.pdf
NSUT,2025,R3,Round3,Delhi,ECE,OBC,Gender-Neutral,107654,NSUT_Round3_2025.pdf
NSUT,2025,R3,Round3,Delhi,ECE,SC,Gender-Neutral,211420,NSUT_Round3_2025.pdf
NSUT,2025,R3,Round3,Delhi,ECE,ST,Gender-Neutral,946245,NSUT_Round3_2025.pdf
NSUT,2025,R3,Round3,Delhi,ECE,General,Girl,27878,NSUT_Round3_2025.pdf
NSUT,2025,R3,Round3,Delhi,ECE,EWS,Girl,103244,NSUT_Round3_2025.pdf
NSUT,2025,R3,Round3,Delhi,ECE,OBC,Girl,166443,NSUT_Round3_2025.pdf
NSUT,2025,R3,Round3,Delhi,ECE,SC,Girl,280864,NSUT_Round3_2025.pdf
NSUT,2025,R3,Round3,Delhi,ECE,General,Defense-CW,31778,NSUT_Round3_2025.pdf
NSUT,2025,R3,Round3,Delhi,ECE,EWS,Defense-CW,159072,NSUT_Round3_2025.pdf
NSUT,2025,R3,Round3,Delhi,ECE,OBC,Defense-CW,237741,NSUT_Round3_2025.pdf
NSUT,2025,R3,Round3,Delhi,ECE,General,PwD,495463,NSUT_Round3_2025.pdf
NSUT,2025,R3,Round3,Delhi,EVDT,General,Gender-Neutral,22049,NSUT_Round3_2025.pdf
NSUT,2025,R3,Round3,Delhi,EVDT,EWS,Gender-Neutral,62857,NSUT_Round3_2025.pdf
NSUT,2025,R3,Round3,Delhi,EVDT,OBC,Gender-Neutral,121601,NSUT_Round3_2025.pdf
NSUT,2025,R3,Round3,Delhi,EVDT,SC,Gender-Neutral,229539,NSUT_Round3_2025.pdf
NSUT,2025,R3,Round3,Delhi,EVDT,ST,Gender-Neutral,1258832,NSUT_Round3_2025.pdf
NSUT,2025,R3,Round3,Delhi,EVDT,General,Girl,30018,NSUT_Round3_2025.pdf
NSUT,2025,R3,Round3,Delhi,EVDT,EWS,Girl,94776,NSUT_Round3_2025.pdf
NSUT,2025,R3,Round3,Delhi,EVDT,OBC,Girl,176581,NSUT_Round3_2025.pdf
NSUT,2025,R3,Round3,Delhi,EVDT,SC,Girl,282842,NSUT_Round3_2025.pdf
NSUT,2025,R3,Round3,Delhi,EVDT,General,Defense-CW,686998,NSUT_Round3_2025.pdf
NSUT,2025,R3,Round3,Delhi,EVDT,OBC,Defense-CW,246224,NSUT_Round3_2025.pdf
NSUT,2025,R3,Round3,Delhi,EVDT,General,PwD,537380,NSUT_Round3_2025.pdf
NSUT,2025,R3,Round3,Delhi,EE,General,Gender-Neutral,28346,NSUT_Round3_2025.pdf
NSUT,2025,R3,Round3,Delhi,EE,EWS,Gender-Neutral,78775,NSUT_Round3_2025.pdf
NSUT,2025,R3,Round3,Delhi,EE,OBC,Gender-Neutral,150399,NSUT_Round3_2025.pdf
NSUT,2025,R3,Round3,Delhi,EE,SC,Gender-Neutral,277372,NSUT_Round3_2025.pdf
NSUT,2025,R3,Round3,Delhi,EE,ST,Gender-Neutral,1150595,NSUT_Round3_2025.pdf
NSUT,2025,R3,Round3,Delhi,EE,General,Girl,43802,NSUT_Round3_2025.pdf
NSUT,2025,R3,Round3,Delhi,EE,EWS,Girl,149315,NSUT_Round3_2025.pdf
NSUT,2025,R3,Round3,Delhi,EE,OBC,Girl,301282,NSUT_Round3_2025.pdf
NSUT,2025,R3,Round3,Delhi,EE,SC,Girl,484836,NSUT_Round3_2025.pdf
NSUT,2025,R3,Round3,Delhi,EE,General,Defense-CW,82207,NSUT_Round3_2025.pdf
NSUT,2025,R3,Round3,Delhi,EE,EWS,Defense-CW,202816,NSUT_Round3_2025.pdf
NSUT,2025,R3,Round3,Delhi,EE,OBC,Defense-CW,423231,NSUT_Round3_2025.pdf
NSUT,2025,R3,Round3,Delhi,EE,General,PwD,742149,NSUT_Round3_2025.pdf
NSUT,2025,R3,Round3,Delhi,ICE,General,Gender-Neutral,32800,NSUT_Round3_2025.pdf
NSUT,2025,R3,Round3,Delhi,ICE,EWS,Gender-Neutral,91442,NSUT_Round3_2025.pdf
NSUT,2025,R3,Round3,Delhi,ICE,OBC,Gender-Neutral,168658,NSUT_Round3_2025.pdf
NSUT,2025,R3,Round3,Delhi,ICE,SC,Gender-Neutral,321016,NSUT_Round3_2025.pdf
NSUT,2025,R3,Round3,Delhi,ICE,General,Girl,68101,NSUT_Round3_2025.pdf
NSUT,2025,R3,Round3,Delhi,ICE,EWS,Girl,202641,NSUT_Round3_2025.pdf
NSUT,2025,R3,Round3,Delhi,ICE,OBC,Girl,335787,NSUT_Round3_2025.pdf
NSUT,2025,R3,Round3,Delhi,ICE,SC,Girl,542305,NSUT_Round3_2025.pdf
NSUT,2025,R3,Round3,Delhi,ICE,General,Defense-CW,92984,NSUT_Round3_2025.pdf
NSUT,2025,R3,Round3,Delhi,ICE,EWS,Defense-CW,254388,NSUT_Round3_2025.pdf
NSUT,2025,R3,Round3,Delhi,ICE,OBC,Defense-CW,365292,NSUT_Round3_2025.pdf
NSUT,2025,R3,Round3,Delhi,ICE,General,PwD,1053928,NSUT_Round3_2025.pdf
NSUT,2025,R3,Round3,Delhi,ME,General,Gender-Neutral,40875,NSUT_Round3_2025.pdf
NSUT,2025,R3,Round3,Delhi,ME,EWS,Gender-Neutral,111566,NSUT_Round3_2025.pdf
NSUT,2025,R3,Round3,Delhi,ME,OBC,Gender-Neutral,190852,NSUT_Round3_2025.pdf
NSUT,2025,R3,Round3,Delhi,ME,SC,Gender-Neutral,347181,NSUT_Round3_2025.pdf
NSUT,2025,R3,Round3,Delhi,ME,ST,Gender-Neutral,904236,NSUT_Round3_2025.pdf
NSUT,2025,R3,Round3,Delhi,ME,General,Girl,77297,NSUT_Round3_2025.pdf
NSUT,2025,R3,Round3,Delhi,ME,EWS,Girl,205964,NSUT_Round3_2025.pdf
NSUT,2025,R3,Round3,Delhi,ME,OBC,Girl,356774,NSUT_Round3_2025.pdf
NSUT,2025,R3,Round3,Delhi,ME,SC,Girl,547950,NSUT_Round3_2025.pdf
NSUT,2025,R3,Round3,Delhi,ME,General,Defense-CW,107682,NSUT_Round3_2025.pdf
NSUT,2025,R3,Round3,Delhi,ME,EWS,Defense-CW,332856,NSUT_Round3_2025.pdf
NSUT,2025,R3,Round3,Delhi,ME,OBC,Defense-CW,491287,NSUT_Round3_2025.pdf
NSUT,2025,R3,Round3,Delhi,ME,General,PwD,900574,NSUT_Round3_2025.pdf
NSUT,2025,R3,Round3,Delhi,BT,General,Gender-Neutral,50912,NSUT_Round3_2025.pdf
NSUT,2025,R3,Round3,Delhi,BT,EWS,Gender-Neutral,129595,NSUT_Round3_2025.pdf
NSUT,2025,R3,Round3,Delhi,BT,OBC,Gender-Neutral,237103,NSUT_Round3_2025.pdf
NSUT,2025,R3,Round3,Delhi,BT,SC,Gender-Neutral,399797,NSUT_Round3_2025.pdf
NSUT,2025,R3,Round3,Delhi,BT,General,Girl,79513,NSUT_Round3_2025.pdf
NSUT,2025,R3,Round3,Delhi,BT,EWS,Girl,201548,NSUT_Round3_2025.pdf
NSUT,2025,R3,Round3,Delhi,BT,OBC,Girl,348847,NSUT_Round3_2025.pdf
NSUT,2025,R3,Round3,Delhi,BT,SC,Girl,473670,NSUT_Round3_2025.pdf
NSUT,2025,R3,Round3,Delhi,BT,General,Defense-CW,125218,NSUT_Round3_2025.pdf
NSUT,2025,R3,Round3,Delhi,BT,OBC,Defense-CW,353020,NSUT_Round3_2025.pdf
NSUT,2025,R3,Round3,Delhi,BT,General,PwD,1448255,NSUT_Round3_2025.pdf
NSUT,2025,R3,Round3,Delhi,CSDA*,General,Gender-Neutral,21519,NSUT_Round3_2025.pdf
NSUT,2025,R3,Round3,Delhi,CSDA*,EWS,Gender-Neutral,59210,NSUT_Round3_2025.pdf
NSUT,2025,R3,Round3,Delhi,CSDA*,OBC,Gender-Neutral,111794,NSUT_Round3_2025.pdf
NSUT,2025,R3,Round3,Delhi,CSDA*,SC,Gender-Neutral,202875,NSUT_Round3_2025.pdf
NSUT,2025,R3,Round3,Delhi,CSDA*,ST,Gender-Neutral,984860,NSUT_Round3_2025.pdf
NSUT,2025,R3,Round3,Delhi,CSDA*,General,Girl,32709,NSUT_Round3_2025.pdf
NSUT,2025,R3,Round3,Delhi,CSDA*,EWS,Girl,69251,NSUT_Round3_2025.pdf
NSUT,2025,R3,Round3,Delhi,CSDA*,OBC,Girl,147461,NSUT_Round3_2025.pdf
NSUT,2025,R3,Round3,Delhi,CSDA*,SC,Girl,298494,NSUT_Round3_2025.pdf
NSUT,2025,R3,Round3,Delhi,CSDA*,General,Defense-CW,36311,NSUT_Round3_2025.pdf
NSUT,2025,R3,Round3,Delhi,CSDA*,OBC,Defense-CW,211511,NSUT_Round3_2025.pdf
NSUT,2025,R3,Round3,Delhi,CSDA*,General,PwD,255186,NSUT_Round3_2025.pdf
NSUT,2025,R3,Round3,Delhi,CSDA*,EWS,PwD,641169,NSUT_Round3_2025.pdf
NSUT,2025,R3,Round3,Delhi,CIOT*,General,Gender-Neutral,24759,NSUT_Round3_2025.pdf
NSUT,2025,R3,Round3,Delhi,CIOT*,EWS,Gender-Neutral,67176,NSUT_Round3_2025.pdf
NSUT,2025,R3,Round3,Delhi,CIOT*,OBC,Gender-Neutral,123160,NSUT_Round3_2025.pdf
NSUT,2025,R3,Round3,Delhi,CIOT*,SC,Gender-Neutral,217998,NSUT_Round3_2025.pdf
NSUT,2025,R3,Round3,Delhi,CIOT*,ST,Gender-Neutral,1092371,NSUT_Round3_2025.pdf
NSUT,2025,R3,Round3,Delhi,CIOT*,General,Girl,43715,NSUT_Round3_2025.pdf
NSUT,2025,R3,Round3,Delhi,CIOT*,EWS,Girl,115204,NSUT_Round3_2025.pdf
NSUT,2025,R3,Round3,Delhi,CIOT*,OBC,Girl,184818,NSUT_Round3_2025.pdf
NSUT,2025,R3,Round3,Delhi,CIOT*,SC,Girl,351211,NSUT_Round3_2025.pdf
NSUT,2025,R3,Round3,Delhi,CIOT*,ST,Girl,1239050,NSUT_Round3_2025.pdf
NSUT,2025,R3,Round3,Delhi,CIOT*,General,Defense-CW,48060,NSUT_Round3_2025.pdf
NSUT,2025,R3,Round3,Delhi,CIOT*,EWS,Defense-CW,185420,NSUT_Round3_2025.pdf
NSUT,2025,R3,Round3,Delhi,CIOT*,General,PwD,270448,NSUT_Round3_2025.pdf
NSUT,2025,R3,Round3,Delhi,ECAM*,General,Gender-Neutral,29901,NSUT_Round3_2025.pdf
NSUT,2025,R3,Round3,Delhi,ECAM*,EWS,Gender-Neutral,76168,NSUT_Round3_2025.pdf
NSUT,2025,R3,Round3,Delhi,ECAM*,OBC,Gender-Neutral,144460,NSUT_Round3_2025.pdf
NSUT,2025,R3,Round3,Delhi,ECAM*,SC,Gender-Neutral,253638,NSUT_Round3_2025.pdf
NSUT,2025,R3,Round3,Delhi,ECAM*,ST,Gender-Neutral,1248079,NSUT_Round3_2025.pdf
NSUT,2025,R3,Round3,Delhi,ECAM*,General,Girl,62735,NSUT_Round3_2025.pdf
NSUT,2025,R3,Round3,Delhi,ECAM*,EWS,Girl,163983,NSUT_Round3_2025.pdf
NSUT,2025,R3,Round3,Delhi,ECAM*,OBC,Girl,300783,NSUT_Round3_2025.pdf
NSUT,2025,R3,Round3,Delhi,ECAM*,SC,Girl,393703,NSUT_Round3_2025.pdf
NSUT,2025,R3,Round3,Delhi,ECAM*,General,Defense-CW,72795,NSUT_Round3_2025.pdf
NSUT,2025,R3,Round3,Delhi,ECAM*,EWS,Defense-CW,262562,NSUT_Round3_2025.pdf
NSUT,2025,R3,Round3,Delhi,ECAM*,OBC,Defense-CW,332662,NSUT_Round3_2025.pdf
NSUT,2025,R3,Round3,Delhi,ECAM*,General,PwD,499976,NSUT_Round3_2025.pdf
NSUT,2025,R3,Round3,Delhi,MEEV**,General,Gender-Neutral,46689,NSUT_Round3_2025.pdf
NSUT,2025,R3,Round3,Delhi,MEEV**,EWS,Gender-Neutral,130128,NSUT_Round3_2025.pdf
NSUT,2025,R3,Round3,Delhi,MEEV**,OBC,Gender-Neutral,220016,NSUT_Round3_2025.pdf
NSUT,2025,R3,Round3,Delhi,MEEV**,SC,Gender-Neutral,383349,NSUT_Round3_2025.pdf
NSUT,2025,R3,Round3,Delhi,MEEV**,General,Girl,85847,NSUT_Round3_2025.pdf
NSUT,2025,R3,Round3,Delhi,MEEV**,EWS,Girl,187881,NSUT_Round3_2025.pdf
NSUT,2025,R3,Round3,Delhi,MEEV**,OBC,Girl,404040,NSUT_Round3_2025.pdf
NSUT,2025,R3,Round3,Delhi,MEEV**,SC,Girl,557025,NSUT_Round3_2025.pdf
NSUT,2025,R3,Round3,Delhi,MEEV**,General,Defense-CW,110653,NSUT_Round3_2025.pdf
NSUT,2025,R3,Round3,Delhi,MEEV**,OBC,Defense-CW,561354,NSUT_Round3_2025.pdf
NSUT,2025,R3,Round3,Delhi,MEEV**,General,PwD,1301768,NSUT_Round3_2025.pdf
NSUT,2025,R3,Round3,Delhi,CE**,General,Gender-Neutral,52192,NSUT_Round3_2025.pdf
NSUT,2025,R3,Round3,Delhi,CE**,EWS,Gender-Neutral,136340,NSUT_Round3_2025.pdf
NSUT,2025,R3,Round3,Delhi,CE**,OBC,Gender-Neutral,236455,NSUT_Round3_2025.pdf
NSUT,2025,R3,Round3,Delhi,CE**,SC,Gender-Neutral,395111,NSUT_Round3_2025.pdf
NSUT,2025,R3,Round3,Delhi,CE**,ST,Gender-Neutral,450412,NSUT_Round3_2025.pdf
NSUT,2025,R3,Round3,Delhi,CE**,General,Girl,86464,NSUT_Round3_2025.pdf
NSUT,2025,R3,Round3,Delhi,CE**,EWS,Girl,200985,NSUT_Round3_2025.pdf
NSUT,2025,R3,Round3,Delhi,CE**,OBC,Girl,405732,NSUT_Round3_2025.pdf
NSUT,2025,R3,Round3,Delhi,CE**,SC,Girl,548909,NSUT_Round3_2025.pdf
NSUT,2025,R3,Round3,Delhi,CE**,General,Defense-CW,119871,NSUT_Round3_2025.pdf
NSUT,2025,R3,Round3,Delhi,GI**,General,Gender-Neutral,53257,NSUT_Round3_2025.pdf
NSUT,2025,R3,Round3,Delhi,GI**,EWS,Gender-Neutral,138843,NSUT_Round3_2025.pdf
NSUT,2025,R3,Round3,Delhi,GI**,OBC,Gender-Neutral,241557,NSUT_Round3_2025.pdf
NSUT,2025,R3,Round3,Delhi,GI**,SC,Gender-Neutral,404494,NSUT_Round3_2025.pdf
NSUT,2025,R3,Round3,Delhi,GI**,General,Girl,87863,NSUT_Round3_2025.pdf
NSUT,2025,R3,Round3,Delhi,GI**,EWS,Girl,235810,NSUT_Round3_2025.pdf
NSUT,2025,R3,Round3,Delhi,GI**,OBC,Girl,419938,NSUT_Round3_2025.pdf
NSUT,2025,R3,Round3,Delhi,GI**,SC,Girl,568125,NSUT_Round3_2025.pdf
NSUT,2025,R3,Round3,Delhi,GI**,General,Defense-CW,139896,NSUT_Round3_2025.pdf
NSUT,2025,R3,Round3,Delhi,GI**,OBC,Defense-CW,626103,NSUT_Round3_2025.pdf
NSUT,2025,R3,Round3,Delhi,B.Arch.**,General,Gender-Neutral,2262,NSUT_Round3_2025.pdf
NSUT,2025,R3,Round3,Delhi,B.Arch.**,EWS,Gender-Neutral,5665,NSUT_Round3_2025.pdf
NSUT,2025,R3,Round3,Delhi,B.Arch.**,OBC,Gender-Neutral,11323,NSUT_Round3_2025.pdf
NSUT,2025,R3,Round3,Delhi,B.Arch.**,SC,Gender-Neutral,9748,NSUT_Round3_2025.pdf
NSUT,2025,R3,Round3,Delhi,B.Arch.**,ST,Gender-Neutral,14047,NSUT_Round3_2025.pdf
NSUT,2025,R3,Round3,Delhi,B.Arch.**,General,Defense-CW,7200,NSUT_Round3_2025.pdf
NSUT,2025,R3,Round3,Outside-Delhi,Branch CSAI,General,Gender-Neutral,4233,NSUT_Round3_2025.pdf
NSUT,2025,R3,Round3,Outside-Delhi,Branch CSAI,EWS,Gender-Neutral,7709,NSUT_Round3_2025.pdf
NSUT,2025,R3,Round3,Outside-Delhi,Branch CSAI,OBC,Gender-Neutral,12098,NSUT_Round3_2025.pdf
NSUT,2025,R3,Round3,Outside-Delhi,Branch CSAI,SC,Gender-Neutral,52893,NSUT_Round3_2025.pdf
NSUT,2025,R3,Round3,Outside-Delhi,Branch CSAI,ST,Gender-Neutral,50791,NSUT_Round3_2025.pdf
NSUT,2025,R3,Round3,Outside-Delhi,Branch CSAI,General,Girl,5059,NSUT_Round3_2025.pdf
NSUT,2025,R3,Round3,Outside-Delhi,Branch CSAI,EWS,Girl,9612,NSUT_Round3_2025.pdf
NSUT,2025,R3,Round3,Outside-Delhi,Branch CSAI,OBC,Girl,20185,NSUT_Round3_2025.pdf
NSUT,2025,R3,Round3,Outside-Delhi,Branch CSAI,General,Defense-CW,39666,NSUT_Round3_2025.pdf
NSUT,2025,R3,Round3,Outside-Delhi,CSE,General,Gender-Neutral,4176,NSUT_Round3_2025.pdf
NSUT,2025,R3,Round3,Outside-Delhi,CSE,EWS,Gender-Neutral,5940,NSUT_Round3_2025.pdf
NSUT,2025,R3,Round3,Outside-Delhi,CSE,OBC,Gender-Neutral,13207,NSUT_Round3_2025.pdf
NSUT,2025,R3,Round3,Outside-Delhi,CSE,SC,Gender-Neutral,51685,NSUT_Round3_2025.pdf
NSUT,2025,R3,Round3,Outside-Delhi,CSE,ST,Gender-Neutral,122889,NSUT_Round3_2025.pdf
NSUT,2025,R3,Round3,Outside-Delhi,CSE,General,Girl,5737,NSUT_Round3_2025.pdf
NSUT,2025,R3,Round3,Outside-Delhi,CSE,OBC,Girl,16463,NSUT_Round3_2025.pdf
NSUT,2025,R3,Round3,Outside-Delhi,CSE,SC,Girl,56400,NSUT_Round3_2025.pdf
NSUT,2025,R3,Round3,Outside-Delhi,CSE,General,Defense-CW,782499,NSUT_Round3_2025.pdf
NSUT,2025,R3,Round3,Outside-Delhi,CSE,EWS,Defense-CW,56383,NSUT_Round3_2025.pdf
NSUT,2025,R3,Round3,Outside-Delhi,CSE,General,PwD,83599,NSUT_Round3_2025.pdf
NSUT,2025,R3,Round3,Outside-Delhi,CSE,OBC,PwD,175269,NSUT_Round3_2025.pdf
NSUT,2025,R3,Round3,Outside-Delhi,CSDS,General,Gender-Neutral,4927,NSUT_Round3_2025.pdf
NSUT,2025,R3,Round3,Outside-Delhi,CSDS,EWS,Gender-Neutral,8197,NSUT_Round3_2025.pdf
NSUT,2025,R3,Round3,Outside-Delhi,CSDS,OBC,Gender-Neutral,13994,NSUT_Round3_2025.pdf
NSUT,2025,R3,Round3,Outside-Delhi,CSDS,SC,Gender-Neutral,55963,NSUT_Round3_2025.pdf
NSUT,2025,R3,Round3,Outside-Delhi,CSDS,ST,Gender-Neutral,80545,NSUT_Round3_2025.pdf
NSUT,2025,R3,Round3,Outside-Delhi,CSDS,EWS,Girl,14559,NSUT_Round3_2025.pdf
NSUT,2025,R3,Round3,Outside-Delhi,CSDS,SC,Girl,83515,NSUT_Round3_2025.pdf
NSUT,2025,R3,Round3,Outside-Delhi,IT,General,Gender-Neutral,6132,NSUT_Round3_2025.pdf
NSUT,2025,R3,Round3,Outside-Delhi,IT,EWS,Gender-Neutral,9396,NSUT_Round3_2025.pdf
NSUT,2025,R3,Round3,Outside-Delhi,IT,OBC,Gender-Neutral,16330,NSUT_Round3_2025.pdf
NSUT,2025,R3,Round3,Outside-Delhi,IT,SC,Gender-Neutral,75651,NSUT_Round3_2025.pdf
NSUT,2025,R3,Round3,Outside-Delhi,IT,ST,Gender-Neutral,124480,NSUT_Round3_2025.pdf
NSUT,2025,R3,Round3,Outside-Delhi,IT,General,Girl,8485,NSUT_Round3_2025.pdf
NSUT,2025,R3,Round3,Outside-Delhi,IT,OBC,Girl,21525,NSUT_Round3_2025.pdf
NSUT,2025,R3,Round3,Outside-Delhi,IT,SC,Girl,97521,NSUT_Round3_2025.pdf
NSUT,2025,R3,Round3,Outside-Delhi,IT,OBC,Defense-CW,34677,NSUT_Round3_2025.pdf
NSUT,2025,R3,Round3,Outside-Delhi,IT,General,PwD,134260,NSUT_Round3_2025.pdf
NSUT,2025,R3,Round3,Outside-Delhi,ITNS,General,Gender-Neutral,6942,NSUT_Round3_2025.pdf
NSUT,2025,R3,Round3,Outside-Delhi,ITNS,EWS,Gender-Neutral,8720,NSUT_Round3_2025.pdf
NSUT,2025,R3,Round3,Outside-Delhi,ITNS,OBC,Gender-Neutral,16464,NSUT_Round3_2025.pdf
NSUT,2025,R3,Round3,Outside-Delhi,ITNS,SC,Gender-Neutral,76028,NSUT_Round3_2025.pdf
NSUT,2025,R3,Round3,Outside-Delhi,ITNS,ST,Gender-Neutral,133524,NSUT_Round3_2025.pdf
NSUT,2025,R3,Round3,Outside-Delhi,ITNS,General,Girl,8486,NSUT_Round3_2025.pdf
NSUT,2025,R3,Round3,Outside-Delhi,ITNS,ST,Girl,216309,NSUT_Round3_2025.pdf
NSUT,2025,R3,Round3,Outside-Delhi,MAC,General,Gender-Neutral,5513,NSUT_Round3_2025.pdf
NSUT,2025,R3,Round3,Outside-Delhi,MAC,EWS,Gender-Neutral,11153,NSUT_Round3_2025.pdf
NSUT,2025,R3,Round3,Outside-Delhi,MAC,OBC,Gender-Neutral,18685,NSUT_Round3_2025.pdf
NSUT,2025,R3,Round3,Outside-Delhi,MAC,SC,Gender-Neutral,79795,NSUT_Round3_2025.pdf
NSUT,2025,R3,Round3,Outside-Delhi,MAC,ST,Gender-Neutral,140115,NSUT_Round3_2025.pdf
NSUT,2025,R3,Round3,Outside-Delhi,MAC,General,Girl,7881,NSUT_Round3_2025.pdf
NSUT,2025,R3,Round3,Outside-Delhi,MAC,OBC,Girl,27833,NSUT_Round3_2025.pdf
NSUT,2025,R3,Round3,Outside-Delhi,ECE,General,Gender-Neutral,7841,NSUT_Round3_2025.pdf
NSUT,2025,R3,Round3,Outside-Delhi,ECE,EWS,Gender-Neutral,11953,NSUT_Round3_2025.pdf
NSUT,2025,R3,Round3,Outside-Delhi,ECE,OBC,Gender-Neutral,19624,NSUT_Round3_2025.pdf
NSUT,2025,R3,Round3,Outside-Delhi,ECE,SC,Gender-Neutral,85191,NSUT_Round3_2025.pdf
NSUT,2025,R3,Round3,Outside-Delhi,ECE,ST,Gender-Neutral,153270,NSUT_Round3_2025.pdf
NSUT,2025,R3,Round3,Outside-Delhi,ECE,General,Girl,10439,NSUT_Round3_2025.pdf
NSUT,2025,R3,Round3,Outside-Delhi,ECE,EWS,Girl,16199,NSUT_Round3_2025.pdf
NSUT,2025,R3,Round3,Outside-Delhi,ECE,OBC,Girl,29187,NSUT_Round3_2025.pdf
NSUT,2025,R3,Round3,Outside-Delhi,ECE,SC,Girl,118125,NSUT_Round3_2025.pdf
NSUT,2025,R3,Round3,Outside-Delhi,ECE,ST,Girl,237746,NSUT_Round3_2025.pdf
NSUT,2025,R3,Round3,Outside-Delhi,ECE,General,PwD,183097,NSUT_Round3_2025.pdf
NSUT,2025,R3,Round3,Outside-Delhi,ECE,EWS,PwD,507505,NSUT_Round3_2025.pdf
NSUT,2025,R3,Round3,Outside-Delhi,ECE,OBC,PwD,399184,NSUT_Round3_2025.pdf
NSUT,2025,R3,Round3,Outside-Delhi,EVDT,General,Gender-Neutral,8661,NSUT_Round3_2025.pdf
NSUT,2025,R3,Round3,Outside-Delhi,EVDT,EWS,Gender-Neutral,14401,NSUT_Round3_2025.pdf
NSUT,2025,R3,Round3,Outside-Delhi,EVDT,OBC,Gender-Neutral,20203,NSUT_Round3_2025.pdf
NSUT,2025,R3,Round3,Outside-Delhi,EVDT,SC,Gender-Neutral,86128,NSUT_Round3_2025.pdf
NSUT,2025,R3,Round3,Outside-Delhi,EVDT,ST,Gender-Neutral,162769,NSUT_Round3_2025.pdf
NSUT,2025,R3,Round3,Outside-Delhi,EVDT,General,Girl,14764,NSUT_Round3_2025.pdf
NSUT,2025,R3,Round3,Outside-Delhi,EVDT,OBC,Girl,29811,NSUT_Round3_2025.pdf
NSUT,2025,R3,Round3,Outside-Delhi,EE,General,Gender-Neutral,10601,NSUT_Round3_2025.pdf
NSUT,2025,R3,Round3,Outside-Delhi,EE,EWS,Gender-Neutral,15706,NSUT_Round3_2025.pdf
NSUT,2025,R3,Round3,Outside-Delhi,EE,OBC,Gender-Neutral,22906,NSUT_Round3_2025.pdf
NSUT,2025,R3,Round3,Outside-Delhi,EE,SC,Gender-Neutral,98039,NSUT_Round3_2025.pdf
NSUT,2025,R3,Round3,Outside-Delhi,EE,ST,Gender-Neutral,182782,NSUT_Round3_2025.pdf
NSUT,2025,R3,Round3,Outside-Delhi,EE,General,Girl,18535,NSUT_Round3_2025.pdf
NSUT,2025,R3,Round3,Outside-Delhi,EE,OBC,Girl,33912,NSUT_Round3_2025.pdf
NSUT,2025,R3,Round3,Outside-Delhi,EE,ST,Girl,247867,NSUT_Round3_2025.pdf
NSUT,2025,R3,Round3,Outside-Delhi,EE,General,Defense-CW,38726,NSUT_Round3_2025.pdf
NSUT,2025,R3,Round3,Outside-Delhi,EE,OBC,Defense-CW,144979,NSUT_Round3_2025.pdf
NSUT,2025,R3,Round3,Outside-Delhi,ICE,General,Gender-Neutral,12360,NSUT_Round3_2025.pdf
NSUT,2025,R3,Round3,Outside-Delhi,ICE,EWS,Gender-Neutral,19098,NSUT_Round3_2025.pdf
NSUT,2025,R3,Round3,Outside-Delhi,ICE,OBC,Gender-Neutral,24296,NSUT_Round3_2025.pdf
NSUT,2025,R3,Round3,Outside-Delhi,ICE,SC,Gender-Neutral,105470,NSUT_Round3_2025.pdf
NSUT,2025,R3,Round3,Outside-Delhi,ICE,ST,Gender-Neutral,217336,NSUT_Round3_2025.pdf
NSUT,2025,R3,Round3,Outside-Delhi,ICE,General,Girl,20529,NSUT_Round3_2025.pdf
NSUT,2025,R3,Round3,Outside-Delhi,ICE,OBC,Girl,42156,NSUT_Round3_2025.pdf
NSUT,2025,R3,Round3,Outside-Delhi,ICE,SC,Girl,184610,NSUT_Round3_2025.pdf
NSUT,2025,R3,Round3,Outside-Delhi,ICE,General,Defense-CW,45285,NSUT_Round3_2025.pdf
NSUT,2025,R3,Round3,Outside-Delhi,ICE,ST,Defense-CW,444900,NSUT_Round3_2025.pdf
NSUT,2025,R3,Round3,Outside-Delhi,ICE,General,PwD,219332,NSUT_Round3_2025.pdf
NSUT,2025,R3,Round3,Outside-Delhi,ME,General,Gender-Neutral,13642,NSUT_Round3_2025.pdf
NSUT,2025,R3,Round3,Outside-Delhi,ME,EWS,Gender-Neutral,20162,NSUT_Round3_2025.pdf
NSUT,2025,R3,Round3,Outside-Delhi,ME,OBC,Gender-Neutral,28807,NSUT_Round3_2025.pdf
NSUT,2025,R3,Round3,Outside-Delhi,ME,SC,Gender-Neutral,120203,NSUT_Round3_2025.pdf
NSUT,2025,R3,Round3,Outside-Delhi,ME,ST,Gender-Neutral,194125,NSUT_Round3_2025.pdf
NSUT,2025,R3,Round3,Outside-Delhi,ME,General,Girl,20747,NSUT_Round3_2025.pdf
NSUT,2025,R3,Round3,Outside-Delhi,ME,EWS,Girl,38413,NSUT_Round3_2025.pdf
NSUT,2025,R3,Round3,Outside-Delhi,ME,OBC,Girl,51689,NSUT_Round3_2025.pdf
NSUT,2025,R3,Round3,Outside-Delhi,ME,SC,Girl,184119,NSUT_Round3_2025.pdf
NSUT,2025,R3,Round3,Outside-Delhi,ME,SC,Defense-CW,278099,NSUT_Round3_2025.pdf
NSUT,2025,R3,Round3,Outside-Delhi,ME,General,PwD,257399,NSUT_Round3_2025.pdf
NSUT,2025,R3,Round3,Outside-Delhi,ME,OBC,PwD,876697,NSUT_Round3_2025.pdf
NSUT,2025,R3,Round3,Outside-Delhi,BT,General,Gender-Neutral,16442,NSUT_Round3_2025.pdf
NSUT,2025,R3,Round3,Outside-Delhi,BT,EWS,Gender-Neutral,22885,NSUT_Round3_2025.pdf
NSUT,2025,R3,Round3,Outside-Delhi,BT,OBC,Gender-Neutral,30636,NSUT_Round3_2025.pdf
NSUT,2025,R3,Round3,Outside-Delhi,BT,SC,Gender-Neutral,127103,NSUT_Round3_2025.pdf
NSUT,2025,R3,Round3,Outside-Delhi,BT,ST,Gender-Neutral,233186,NSUT_Round3_2025.pdf
NSUT,2025,R3,Round3,Outside-Delhi,BT,General,Girl,28851,NSUT_Round3_2025.pdf
NSUT,2025,R3,Round3,Outside-Delhi,BT,OBC,Girl,55028,NSUT_Round3_2025.pdf
NSUT,2025,R3,Round3,Outside-Delhi,BT,SC,Defense-CW,293090,NSUT_Round3_2025.pdf
NSUT,2025,R3,Round3,Outside-Delhi,CSDA*,General,Gender-Neutral,6896,NSUT_Round3_2025.pdf
NSUT,2025,R3,Round3,Outside-Delhi,CSDA*,EWS,Gender-Neutral,11877,NSUT_Round3_2025.pdf
NSUT,2025,R3,Round3,Outside-Delhi,CSDA*,OBC,Gender-Neutral,18588,NSUT_Round3_2025.pdf
NSUT,2025,R3,Round3,Outside-Delhi,CSDA*,SC,Gender-Neutral,83297,NSUT_Round3_2025.pdf
NSUT,2025,R3,Round3,Outside-Delhi,CSDA*,ST,Gender-Neutral,187106,NSUT_Round3_2025.pdf
NSUT,2025,R3,Round3,Outside-Delhi,CSDA*,OBC,Girl,22041,NSUT_Round3_2025.pdf
NSUT,2025,R3,Round3,Outside-Delhi,CSDA*,SC,Girl,104350,NSUT_Round3_2025.pdf
NSUT,2025,R3,Round3,Outside-Delhi,CSDA*,General,PwD,92922,NSUT_Round3_2025.pdf
NSUT,2025,R3,Round3,Outside-Delhi,CIOT*,General,Gender-Neutral,8106,NSUT_Round3_2025.pdf
NSUT,2025,R3,Round3,Outside-Delhi,CIOT*,EWS,Gender-Neutral,13375,NSUT_Round3_2025.pdf
NSUT,2025,R3,Round3,Outside-Delhi,CIOT*,OBC,Gender-Neutral,18983,NSUT_Round3_2025.pdf
NSUT,2025,R3,Round3,Outside-Delhi,CIOT*,SC,Gender-Neutral,78579,NSUT_Round3_2025.pdf
NSUT,2025,R3,Round3,Outside-Delhi,CIOT*,ST,Gender-Neutral,190727,NSUT_Round3_2025.pdf
NSUT,2025,R3,Round3,Outside-Delhi,CIOT*,General,Girl,8300,NSUT_Round3_2025.pdf
NSUT,2025,R3,Round3,Outside-Delhi,CIOT*,OBC,Girl,25477,NSUT_Round3_2025.pdf
NSUT,2025,R3,Round3,Outside-Delhi,ECAM*,General,Gender-Neutral,8646,NSUT_Round3_2025.pdf
NSUT,2025,R3,Round3,Outside-Delhi,ECAM*,EWS,Gender-Neutral,14015,NSUT_Round3_2025.pdf
NSUT,2025,R3,Round3,Outside-Delhi,ECAM*,OBC,Gender-Neutral,22293,NSUT_Round3_2025.pdf
NSUT,2025,R3,Round3,Outside-Delhi,ECAM*,SC,Gender-Neutral,85687,NSUT_Round3_2025.pdf
NSUT,2025,R3,Round3,Outside-Delhi,ECAM*,ST,Gender-Neutral,194163,NSUT_Round3_2025.pdf
NSUT,2025,R3,Round3,Outside-Delhi,ECAM*,General,Girl,15247,NSUT_Round3_2025.pdf
NSUT,2025,R3,Round3,Outside-Delhi,ECAM*,EWS,Girl,27550,NSUT_Round3_2025.pdf
NSUT,2025,R3,Round3,Outside-Delhi,ECAM*,OBC,Girl,25568,NSUT_Round3_2025.pdf
NSUT,2025,R3,Round3,Outside-Delhi,ECAM*,ST,Girl,337465,NSUT_Round3_2025.pdf
NSUT,2025,R3,Round3,Outside-Delhi,ECAM*,General,Defense-CW,203290,NSUT_Round3_2025.pdf
NSUT,2025,R3,Round3,Outside-Delhi,ECAM*,EWS,Defense-CW,88647,NSUT_Round3_2025.pdf
NSUT,2025,R3,Round3,Outside-Delhi,ECAM*,OBC,PwD,625093,NSUT_Round3_2025.pdf
NSUT,2025,R3,Round3,Outside-Delhi,MEEV**,General,Gender-Neutral,13778,NSUT_Round3_2025.pdf
NSUT,2025,R3,Round3,Outside-Delhi,MEEV**,EWS,Gender-Neutral,20968,NSUT_Round3_2025.pdf
NSUT,2025,R3,Round3,Outside-Delhi,MEEV**,OBC,Gender-Neutral,29032,NSUT_Round3_2025.pdf
NSUT,2025,R3,Round3,Outside-Delhi,MEEV**,SC,Gender-Neutral,121635,NSUT_Round3_2025.pdf
NSUT,2025,R3,Round3,Outside-Delhi,MEEV**,ST,Gender-Neutral,169731,NSUT_Round3_2025.pdf
NSUT,2025,R3,Round3,Outside-Delhi,MEEV**,General,Girl,26170,NSUT_Round3_2025.pdf
NSUT,2025,R3,Round3,Outside-Delhi,MEEV**,OBC,Girl,54512,NSUT_Round3_2025.pdf
NSUT,2025,R3,Round3,Outside-Delhi,CE**,General,Gender-Neutral,16329,NSUT_Round3_2025.pdf
NSUT,2025,R3,Round3,Outside-Delhi,CE**,EWS,Gender-Neutral,23242,NSUT_Round3_2025.pdf
NSUT,2025,R3,Round3,Outside-Delhi,CE**,OBC,Gender-Neutral,30096,NSUT_Round3_2025.pdf
NSUT,2025,R3,Round3,Outside-Delhi,CE**,SC,Gender-Neutral,129418,NSUT_Round3_2025.pdf
NSUT,2025,R3,Round3,Outside-Delhi,CE**,General,Girl,27960,NSUT_Round3_2025.pdf
NSUT,2025,R3,Round3,Outside-Delhi,CE**,EWS,Girl,38439,NSUT_Round3_2025.pdf
NSUT,2025,R3,Round3,Outside-Delhi,CE**,OBC,Defense-CW,49652,NSUT_Round3_2025.pdf
NSUT,2025,R3,Round3,Outside-Delhi,GI**,General,Gender-Neutral,17476,NSUT_Round3_2025.pdf
NSUT,2025,R3,Round3,Outside-Delhi,GI**,OBC,Gender-Neutral,30878,NSUT_Round3_2025.pdf
NSUT,2025,R3,Round3,Outside-Delhi,GI**,SC,Gender-Neutral,130068,NSUT_Round3_2025.pdf
NSUT,2025,R3,Round3,Outside-Delhi,GI**,ST,Gender-Neutral,239753,NSUT_Round3_2025.pdf
NSUT,2025,R3,Round3,Outside-Delhi,GI**,General,Girl,28668,NSUT_Round3_2025.pdf
NSUT,2025,R3,Round3,Outside-Delhi,B.Arch.**,General,Gender-Neutral,643,NSUT_Round3_2025.pdf
NSUT,2025,R3,Round3,Outside-Delhi,B.Arch.**,EWS,Gender-Neutral,3732,NSUT_Round3_2025.pdf
NSUT,2025,R3,Round3,Outside-Delhi,B.Arch.**,OBC,Gender-Neutral,1490,NSUT_Round3_2025.pdf
NSUT,2025,R3,Round3,Outside-Delhi,B.Arch.**,SC,Gender-Neutral,2203,NSUT_Round3_2025.pdf
NSUT,2025,R4,Round4,Delhi,Branch CSAI,General,Gender-Neutral,5398,NSUT_Round4_2025.pdf
NSUT,2025,R4,Round4,Delhi,Branch CSAI,General,Girl,10557,NSUT_Round4_2025.pdf
NSUT,2025,R4,Round4,Delhi,Branch CSAI,EWS,Gender-Neutral,17520,NSUT_Round4_2025.pdf
NSUT,2025,R4,Round4,Delhi,Branch CSAI,EWS,Girl,45894,NSUT_Round4_2025.pdf
NSUT,2025,R4,Round4,Delhi,Branch CSAI,OBC,Gender-Neutral,31699,NSUT_Round4_2025.pdf
NSUT,2025,R4,Round4,Delhi,Branch CSAI,OBC,Girl,79382,NSUT_Round4_2025.pdf
NSUT,2025,R4,Round4,Delhi,Branch CSAI,SC,Gender-Neutral,87219,NSUT_Round4_2025.pdf
NSUT,2025,R4,Round4,Delhi,Branch CSAI,SC,Girl,145136,NSUT_Round4_2025.pdf
NSUT,2025,R4,Round4,Delhi,Branch CSAI,ST,Gender-Neutral,160822,NSUT_Round4_2025.pdf
NSUT,2025,R4,Round4,Delhi,Branch CSAI,ST,Girl,335926,NSUT_Round4_2025.pdf
NSUT,2025,R4,Round4,Delhi,Branch CSAI,General,Defense-CW,398179,NSUT_Round4_2025.pdf
NSUT,2025,R4,Round4,Delhi,Branch CSAI,OBC,Defense-CW,83144,NSUT_Round4_2025.pdf
NSUT,2025,R4,Round4,Delhi,Branch CSAI,SC,Defense-CW,229299,NSUT_Round4_2025.pdf
NSUT,2025,R4,Round4,Delhi,Branch CSAI,ST,Defense-CW,457248,NSUT_Round4_2025.pdf
NSUT,2025,R4,Round4,Delhi,Branch CSAI,General,PwD,146747,NSUT_Round4_2025.pdf
NSUT,2025,R4,Round4,Delhi,Branch CSAI,EWS,PwD,298614,NSUT_Round4_2025.pdf
NSUT,2025,R4,Round4,Delhi,Branch CSAI,OBC,PwD,449212,NSUT_Round4_2025.pdf
NSUT,2025,R4,Round4,Delhi,Branch CSAI,SC,PwD,1410918,NSUT_Round4_2025.pdf
NSUT,2025,R4,Round4,Delhi,CSE,General,Gender-Neutral,8019,NSUT_Round4_2025.pdf
NSUT,2025,R4,Round4,Delhi,CSE,General,Girl,14127,NSUT_Round4_2025.pdf
NSUT,2025,R4,Round4,Delhi,CSE,EWS,Gender-Neutral,27670,NSUT_Round4_2025.pdf
NSUT,2025,R4,Round4,Delhi,CSE,EWS,Girl,46550,NSUT_Round4_2025.pdf
NSUT,2025,R4,Round4,Delhi,CSE,OBC,Gender-Neutral,45586,NSUT_Round4_2025.pdf
NSUT,2025,R4,Round4,Delhi,CSE,OBC,Girl,75046,NSUT_Round4_2025.pdf
NSUT,2025,R4,Round4,Delhi,CSE,SC,Gender-Neutral,107246,NSUT_Round4_2025.pdf
NSUT,2025,R4,Round4,Delhi,CSE,SC,Girl,138729,NSUT_Round4_2025.pdf
NSUT,2025,R4,Round4,Delhi,CSE,ST,Gender-Neutral,336846,NSUT_Round4_2025.pdf
NSUT,2025,R4,Round4,Delhi,CSE,ST,Girl,569974,NSUT_Round4_2025.pdf
NSUT,2025,R4,Round4,Delhi,CSE,General,Defense-CW,640484,NSUT_Round4_2025.pdf
NSUT,2025,R4,Round4,Delhi,CSE,EWS,Defense-CW,61577,NSUT_Round4_2025.pdf
NSUT,2025,R4,Round4,Delhi,CSE,OBC,Defense-CW,87660,NSUT_Round4_2025.pdf
NSUT,2025,R4,Round4,Delhi,CSE,SC,Defense-CW,210630,NSUT_Round4_2025.pdf
NSUT,2025,R4,Round4,Delhi,CSE,General,PwD,155404,NSUT_Round4_2025.pdf
NSUT,2025,R4,Round4,Delhi,CSE,EWS,PwD,195752,NSUT_Round4_2025.pdf
NSUT,2025,R4,Round4,Delhi,CSE,OBC,PwD,322633,NSUT_Round4_2025.pdf
NSUT,2025,R4,Round4,Delhi,CSE,ST,PwD,410087,NSUT_Round4_2025.pdf
NSUT,2025,R4,Round4,Delhi,CSE,ST,PwD,476338,NSUT_Round4_2025.pdf
NSUT,2025,R4,Round4,Delhi,CSDS,General,Gender-Neutral,10137,NSUT_Round4_2025.pdf
NSUT,2025,R4,Round4,Delhi,CSDS,General,Girl,15103,NSUT_Round4_2025.pdf
NSUT,2025,R4,Round4,Delhi,CSDS,EWS,Gender-Neutral,29498,NSUT_Round4_2025.pdf
NSUT,2025,R4,Round4,Delhi,CSDS,EWS,Girl,58486,NSUT_Round4_2025.pdf
NSUT,2025,R4,Round4,Delhi,CSDS,OBC,Gender-Neutral,55225,NSUT_Round4_2025.pdf
NSUT,2025,R4,Round4,Delhi,CSDS,OBC,Girl,84166,NSUT_Round4_2025.pdf
NSUT,2025,R4,Round4,Delhi,CSDS,SC,Gender-Neutral,117210,NSUT_Round4_2025.pdf
NSUT,2025,R4,Round4,Delhi,CSDS,SC,Girl,145305,NSUT_Round4_2025.pdf
NSUT,2025,R4,Round4,Delhi,CSDS,ST,Gender-Neutral,377928,NSUT_Round4_2025.pdf
NSUT,2025,R4,Round4,Delhi,CSDS,General,Defense-CW,90762,NSUT_Round4_2025.pdf
NSUT,2025,R4,Round4,Delhi,CSDS,OBC,Defense-CW,89301,NSUT_Round4_2025.pdf
NSUT,2025,R4,Round4,Delhi,CSDS,General,PwD,166041,NSUT_Round4_2025.pdf
NSUT,2025,R4,Round4,Delhi,CSDS,OBC,PwD,454326,NSUT_Round4_2025.pdf
NSUT,2025,R4,Round4,Delhi,IT,General,Gender-Neutral,13103,NSUT_Round4_2025.pdf
NSUT,2025,R4,Round4,Delhi,IT,General,Girl,17248,NSUT_Round4_2025.pdf
NSUT,2025,R4,Round4,Delhi,IT,EWS,Gender-Neutral,38273,NSUT_Round4_2025.pdf
NSUT,2025,R4,Round4,Delhi,IT,EWS,Girl,59499,NSUT_Round4_2025.pdf
NSUT,2025,R4,Round4,Delhi,IT,OBC,Gender-Neutral,70201,NSUT_Round4_2025.pdf
NSUT,2025,R4,Round4,Delhi,IT,OBC,Girl,93797,NSUT_Round4_2025.pdf
NSUT,2025,R4,Round4,Delhi,IT,SC,Gender-Neutral,156936,NSUT_Round4_2025.pdf
NSUT,2025,R4,Round4,Delhi,IT,SC,Girl,175636,NSUT_Round4_2025.pdf
NSUT,2025,R4,Round4,Delhi,IT,ST,Gender-Neutral,606589,NSUT_Round4_2025.pdf
NSUT,2025,R4,Round4,Delhi,IT,ST,Girl,680357,NSUT_Round4_2025.pdf
NSUT,2025,R4,Round4,Delhi,IT,General,Defense-CW,445902,NSUT_Round4_2025.pdf
NSUT,2025,R4,Round4,Delhi,IT,EWS,Defense-CW,127854,NSUT_Round4_2025.pdf
NSUT,2025,R4,Round4,Delhi,IT,OBC,Defense-CW,139393,NSUT_Round4_2025.pdf
NSUT,2025,R4,Round4,Delhi,IT,General,PwD,209008,NSUT_Round4_2025.pdf
NSUT,2025,R4,Round4,Delhi,ITNS,General,Gender-Neutral,15988,NSUT_Round4_2025.pdf
NSUT,2025,R4,Round4,Delhi,ITNS,General,Girl,21475,NSUT_Round4_2025.pdf
NSUT,2025,R4,Round4,Delhi,ITNS,EWS,Gender-Neutral,44046,NSUT_Round4_2025.pdf
NSUT,2025,R4,Round4,Delhi,ITNS,EWS,Girl,59291,NSUT_Round4_2025.pdf
NSUT,2025,R4,Round4,Delhi,ITNS,OBC,Gender-Neutral,84958,NSUT_Round4_2025.pdf
NSUT,2025,R4,Round4,Delhi,ITNS,OBC,Girl,114250,NSUT_Round4_2025.pdf
NSUT,2025,R4,Round4,Delhi,ITNS,SC,Gender-Neutral,175926,NSUT_Round4_2025.pdf
NSUT,2025,R4,Round4,Delhi,ITNS,SC,Girl,197551,NSUT_Round4_2025.pdf
NSUT,2025,R4,Round4,Delhi,ITNS,ST,Gender-Neutral,646562,NSUT_Round4_2025.pdf
NSUT,2025,R4,Round4,Delhi,ITNS,General,Defense-CW,92363,NSUT_Round4_2025.pdf
NSUT,2025,R4,Round4,Delhi,ITNS,SC,Defense-CW,712098,NSUT_Round4_2025.pdf
NSUT,2025,R4,Round4,Delhi,ITNS,General,PwD,191803,NSUT_Round4_2025.pdf
NSUT,2025,R4,Round4,Delhi,MAC,General,Gender-Neutral,17176,NSUT_Round4_2025.pdf
NSUT,2025,R4,Round4,Delhi,MAC,General,Girl,21653,NSUT_Round4_2025.pdf
NSUT,2025,R4,Round4,Delhi,MAC,EWS,Gender-Neutral,47238,NSUT_Round4_2025.pdf
NSUT,2025,R4,Round4,Delhi,MAC,EWS,Girl,80751,NSUT_Round4_2025.pdf
NSUT,2025,R4,Round4,Delhi,MAC,OBC,Gender-Neutral,96700,NSUT_Round4_2025.pdf
NSUT,2025,R4,Round4,Delhi,MAC,OBC,Girl,135201,NSUT_Round4_2025.pdf
NSUT,2025,R4,Round4,Delhi,MAC,SC,Gender-Neutral,200188,NSUT_Round4_2025.pdf
NSUT,2025,R4,Round4,Delhi,MAC,SC,Girl,221221,NSUT_Round4_2025.pdf
NSUT,2025,R4,Round4,Delhi,MAC,ST,Gender-Neutral,947189,NSUT_Round4_2025.pdf
NSUT,2025,R4,Round4,Delhi,MAC,General,Defense-CW,25004,NSUT_Round4_2025.pdf
NSUT,2025,R4,Round4,Delhi,MAC,General,PwD,353540,NSUT_Round4_2025.pdf
NSUT,2025,R4,Round4,Delhi,ECE,General,Gender-Neutral,21182,NSUT_Round4_2025.pdf
NSUT,2025,R4,Round4,Delhi,ECE,General,Girl,27878,NSUT_Round4_2025.pdf
NSUT,2025,R4,Round4,Delhi,ECE,EWS,Gender-Neutral,57047,NSUT_Round4_2025.pdf
NSUT,2025,R4,Round4,Delhi,ECE,EWS,Girl,103745,NSUT_Round4_2025.pdf
NSUT,2025,R4,Round4,Delhi,ECE,OBC,Gender-Neutral,113914,NSUT_Round4_2025.pdf
NSUT,2025,R4,Round4,Delhi,ECE,OBC,Girl,166443,NSUT_Round4_2025.pdf
NSUT,2025,R4,Round4,Delhi,ECE,SC,Gender-Neutral,222447,NSUT_Round4_2025.pdf
NSUT,2025,R4,Round4,Delhi,ECE,SC,Girl,297085,NSUT_Round4_2025.pdf
NSUT,2025,R4,Round4,Delhi,ECE,ST,Gender-Neutral,994613,NSUT_Round4_2025.pdf
NSUT,2025,R4,Round4,Delhi,ECE,General,Defense-CW,31778,NSUT_Round4_2025.pdf
NSUT,2025,R4,Round4,Delhi,ECE,EWS,Defense-CW,159072,NSUT_Round4_2025.pdf
NSUT,2025,R4,Round4,Delhi,ECE,OBC,Defense-CW,237741,NSUT_Round4_2025.pdf
NSUT,2025,R4,Round4,Delhi,ECE,General,PwD,495463,NSUT_Round4_2025.pdf
NSUT,2025,R4,Round4,Delhi,EVDT,General,Gender-Neutral,22049,NSUT_Round4_2025.pdf
NSUT,2025,R4,Round4,Delhi,EVDT,General,Girl,31173,NSUT_Round4_2025.pdf
NSUT,2025,R4,Round4,Delhi,EVDT,EWS,Gender-Neutral,64457,NSUT_Round4_2025.pdf
NSUT,2025,R4,Round4,Delhi,EVDT,EWS,Girl,94776,NSUT_Round4_2025.pdf
NSUT,2025,R4,Round4,Delhi,EVDT,OBC,Gender-Neutral,125450,NSUT_Round4_2025.pdf
NSUT,2025,R4,Round4,Delhi,EVDT,OBC,Girl,176581,NSUT_Round4_2025.pdf
NSUT,2025,R4,Round4,Delhi,EVDT,SC,Gender-Neutral,234442,NSUT_Round4_2025.pdf
NSUT,2025,R4,Round4,Delhi,EVDT,SC,Girl,298494,NSUT_Round4_2025.pdf
NSUT,2025,R4,Round4,Delhi,EVDT,ST,Gender-Neutral,1258832,NSUT_Round4_2025.pdf
NSUT,2025,R4,Round4,Delhi,EVDT,General,Defense-CW,686998,NSUT_Round4_2025.pdf
NSUT,2025,R4,Round4,Delhi,EVDT,OBC,Defense-CW,246224,NSUT_Round4_2025.pdf
NSUT,2025,R4,Round4,Delhi,EVDT,General,PwD,537380,NSUT_Round4_2025.pdf
NSUT,2025,R4,Round4,Delhi,EE,General,Gender-Neutral,28346,NSUT_Round4_2025.pdf
NSUT,2025,R4,Round4,Delhi,EE,General,Girl,48317,NSUT_Round4_2025.pdf
NSUT,2025,R4,Round4,Delhi,EE,EWS,Gender-Neutral,79231,NSUT_Round4_2025.pdf
NSUT,2025,R4,Round4,Delhi,EE,EWS,Girl,149315,NSUT_Round4_2025.pdf
NSUT,2025,R4,Round4,Delhi,EE,OBC,Gender-Neutral,157393,NSUT_Round4_2025.pdf
NSUT,2025,R4,Round4,Delhi,EE,OBC,Girl,301282,NSUT_Round4_2025.pdf
NSUT,2025,R4,Round4,Delhi,EE,SC,Gender-Neutral,310313,NSUT_Round4_2025.pdf
NSUT,2025,R4,Round4,Delhi,EE,SC,Girl,568334,NSUT_Round4_2025.pdf
NSUT,2025,R4,Round4,Delhi,EE,ST,Gender-Neutral,1150595,NSUT_Round4_2025.pdf
NSUT,2025,R4,Round4,Delhi,EE,General,Defense-CW,82207,NSUT_Round4_2025.pdf
NSUT,2025,R4,Round4,Delhi,EE,EWS,Defense-CW,202816,NSUT_Round4_2025.pdf
NSUT,2025,R4,Round4,Delhi,EE,OBC,Defense-CW,423231,NSUT_Round4_2025.pdf
NSUT,2025,R4,Round4,Delhi,EE,General,PwD,742149,NSUT_Round4_2025.pdf
NSUT,2025,R4,Round4,Delhi,ICE,General,Gender-Neutral,32800,NSUT_Round4_2025.pdf
NSUT,2025,R4,Round4,Delhi,ICE,General,Girl,68175,NSUT_Round4_2025.pdf
NSUT,2025,R4,Round4,Delhi,ICE,EWS,Gender-Neutral,101440,NSUT_Round4_2025.pdf
NSUT,2025,R4,Round4,Delhi,ICE,EWS,Girl,202641,NSUT_Round4_2025.pdf
NSUT,2025,R4,Round4,Delhi,ICE,OBC,Gender-Neutral,171966,NSUT_Round4_2025.pdf
NSUT,2025,R4,Round4,Delhi,ICE,OBC,Girl,335787,NSUT_Round4_2025.pdf
NSUT,2025,R4,Round4,Delhi,ICE,SC,Gender-Neutral,410401,NSUT_Round4_2025.pdf
NSUT,2025,R4,Round4,Delhi,ICE,SC,Girl,639232,NSUT_Round4_2025.pdf
NSUT,2025,R4,Round4,Delhi,ICE,General,Defense-CW,98553,NSUT_Round4_2025.pdf
NSUT,2025,R4,Round4,Delhi,ICE,EWS,Defense-CW,254388,NSUT_Round4_2025.pdf
NSUT,2025,R4,Round4,Delhi,ICE,OBC,Defense-CW,451813,NSUT_Round4_2025.pdf
NSUT,2025,R4,Round4,Delhi,ICE,General,PwD,1053928,NSUT_Round4_2025.pdf
NSUT,2025,R4,Round4,Delhi,ME,General,Gender-Neutral,40875,NSUT_Round4_2025.pdf
NSUT,2025,R4,Round4,Delhi,ME,General,Girl,77297,NSUT_Round4_2025.pdf
NSUT,2025,R4,Round4,Delhi,ME,EWS,Gender-Neutral,115185,NSUT_Round4_2025.pdf
NSUT,2025,R4,Round4,Delhi,ME,EWS,Girl,205964,NSUT_Round4_2025.pdf
NSUT,2025,R4,Round4,Delhi,ME,OBC,Gender-Neutral,199028,NSUT_Round4_2025.pdf
NSUT,2025,R4,Round4,Delhi,ME,OBC,Girl,394687,NSUT_Round4_2025.pdf
NSUT,2025,R4,Round4,Delhi,ME,SC,Gender-Neutral,420385,NSUT_Round4_2025.pdf
NSUT,2025,R4,Round4,Delhi,ME,SC,Girl,695557,NSUT_Round4_2025.pdf
NSUT,2025,R4,Round4,Delhi,ME,ST,Gender-Neutral,904236,NSUT_Round4_2025.pdf
NSUT,2025,R4,Round4,Delhi,ME,General,Defense-CW,107682,NSUT_Round4_2025.pdf
NSUT,2025,R4,Round4,Delhi,ME,EWS,Defense-CW,332856,NSUT_Round4_2025.pdf
NSUT,2025,R4,Round4,Delhi,ME,OBC,Defense-CW,626103,NSUT_Round4_2025.pdf
NSUT,2025,R4,Round4,Delhi,ME,General,PwD,1242095,NSUT_Round4_2025.pdf
NSUT,2025,R4,Round4,Delhi,BT,General,Gender-Neutral,50912,NSUT_Round4_2025.pdf
NSUT,2025,R4,Round4,Delhi,BT,General,Girl,79513,NSUT_Round4_2025.pdf
NSUT,2025,R4,Round4,Delhi,BT,EWS,Gender-Neutral,136340,NSUT_Round4_2025.pdf
NSUT,2025,R4,Round4,Delhi,BT,EWS,Girl,201548,NSUT_Round4_2025.pdf
NSUT,2025,R4,Round4,Delhi,BT,OBC,Gender-Neutral,243953,NSUT_Round4_2025.pdf
NSUT,2025,R4,Round4,Delhi,BT,OBC,Girl,377127,NSUT_Round4_2025.pdf
NSUT,2025,R4,Round4,Delhi,BT,SC,Gender-Neutral,471832,NSUT_Round4_2025.pdf
NSUT,2025,R4,Round4,Delhi,BT,SC,Girl,578573,NSUT_Round4_2025.pdf
NSUT,2025,R4,Round4,Delhi,BT,General,Defense-CW,125218,NSUT_Round4_2025.pdf
NSUT,2025,R4,Round4,Delhi,BT,OBC,Defense-CW,952139,NSUT_Round4_2025.pdf
NSUT,2025,R4,Round4,Delhi,BT,General,PwD,1448255,NSUT_Round4_2025.pdf
NSUT,2025,R4,Round4,Delhi,CSDA*,General,Gender-Neutral,22567,NSUT_Round4_2025.pdf
NSUT,2025,R4,Round4,Delhi,CSDA*,General,Girl,34972,NSUT_Round4_2025.pdf
NSUT,2025,R4,Round4,Delhi,CSDA*,EWS,Gender-Neutral,59210,NSUT_Round4_2025.pdf
NSUT,2025,R4,Round4,Delhi,CSDA*,EWS,Girl,115204,NSUT_Round4_2025.pdf
NSUT,2025,R4,Round4,Delhi,CSDA*,OBC,Gender-Neutral,117480,NSUT_Round4_2025.pdf
NSUT,2025,R4,Round4,Delhi,CSDA*,OBC,Girl,147461,NSUT_Round4_2025.pdf
NSUT,2025,R4,Round4,Delhi,CSDA*,SC,Gender-Neutral,232581,NSUT_Round4_2025.pdf
NSUT,2025,R4,Round4,Delhi,CSDA*,SC,Girl,393845,NSUT_Round4_2025.pdf
NSUT,2025,R4,Round4,Delhi,CSDA*,ST,Gender-Neutral,984860,NSUT_Round4_2025.pdf
NSUT,2025,R4,Round4,Delhi,CSDA*,General,Defense-CW,36311,NSUT_Round4_2025.pdf
NSUT,2025,R4,Round4,Delhi,CSDA*,OBC,Defense-CW,211511,NSUT_Round4_2025.pdf
NSUT,2025,R4,Round4,Delhi,CSDA*,General,PwD,255186,NSUT_Round4_2025.pdf
NSUT,2025,R4,Round4,Delhi,CSDA*,EWS,PwD,641169,NSUT_Round4_2025.pdf
NSUT,2025,R4,Round4,Delhi,CIOT*,General,Gender-Neutral,25520,NSUT_Round4_2025.pdf
NSUT,2025,R4,Round4,Delhi,CIOT*,General,Girl,43715,NSUT_Round4_2025.pdf
NSUT,2025,R4,Round4,Delhi,CIOT*,EWS,Gender-Neutral,69454,NSUT_Round4_2025.pdf
NSUT,2025,R4,Round4,Delhi,CIOT*,EWS,Girl,118353,NSUT_Round4_2025.pdf
NSUT,2025,R4,Round4,Delhi,CIOT*,OBC,Gender-Neutral,132993,NSUT_Round4_2025.pdf
NSUT,2025,R4,Round4,Delhi,CIOT*,OBC,Girl,201821,NSUT_Round4_2025.pdf
NSUT,2025,R4,Round4,Delhi,CIOT*,SC,Gender-Neutral,239028,NSUT_Round4_2025.pdf
NSUT,2025,R4,Round4,Delhi,CIOT*,SC,Girl,392970,NSUT_Round4_2025.pdf
NSUT,2025,R4,Round4,Delhi,CIOT*,ST,Gender-Neutral,1100168,NSUT_Round4_2025.pdf
NSUT,2025,R4,Round4,Delhi,CIOT*,ST,Girl,1239050,NSUT_Round4_2025.pdf
NSUT,2025,R4,Round4,Delhi,CIOT*,General,Defense-CW,48060,NSUT_Round4_2025.pdf
NSUT,2025,R4,Round4,Delhi,CIOT*,EWS,Defense-CW,185420,NSUT_Round4_2025.pdf
NSUT,2025,R4,Round4,Delhi,CIOT*,General,PwD,270448,NSUT_Round4_2025.pdf
NSUT,2025,R4,Round4,Delhi,ECAM*,General,Gender-Neutral,29985,NSUT_Round4_2025.pdf
NSUT,2025,R4,Round4,Delhi,ECAM*,General,Girl,63876,NSUT_Round4_2025.pdf
NSUT,2025,R4,Round4,Delhi,ECAM*,EWS,Gender-Neutral,80518,NSUT_Round4_2025.pdf
NSUT,2025,R4,Round4,Delhi,ECAM*,EWS,Girl,170028,NSUT_Round4_2025.pdf
NSUT,2025,R4,Round4,Delhi,ECAM*,OBC,Gender-Neutral,155383,NSUT_Round4_2025.pdf
NSUT,2025,R4,Round4,Delhi,ECAM*,OBC,Girl,318196,NSUT_Round4_2025.pdf
NSUT,2025,R4,Round4,Delhi,ECAM*,SC,Gender-Neutral,309259,NSUT_Round4_2025.pdf
NSUT,2025,R4,Round4,Delhi,ECAM*,SC,Girl,624607,NSUT_Round4_2025.pdf
NSUT,2025,R4,Round4,Delhi,ECAM*,ST,Gender-Neutral,1248079,NSUT_Round4_2025.pdf
NSUT,2025,R4,Round4,Delhi,ECAM*,General,Defense-CW,72795,NSUT_Round4_2025.pdf
NSUT,2025,R4,Round4,Delhi,ECAM*,EWS,Defense-CW,262562,NSUT_Round4_2025.pdf
NSUT,2025,R4,Round4,Delhi,ECAM*,OBC,Defense-CW,344946,NSUT_Round4_2025.pdf
NSUT,2025,R4,Round4,Delhi,ECAM*,General,PwD,499976,NSUT_Round4_2025.pdf
NSUT,2025,R4,Round4,Delhi,MEEV**,General,Gender-Neutral,46689,NSUT_Round4_2025.pdf
NSUT,2025,R4,Round4,Delhi,MEEV**,General,Girl,85847,NSUT_Round4_2025.pdf
NSUT,2025,R4,Round4,Delhi,MEEV**,EWS,Gender-Neutral,138598,NSUT_Round4_2025.pdf
NSUT,2025,R4,Round4,Delhi,MEEV**,EWS,Girl,187881,NSUT_Round4_2025.pdf
NSUT,2025,R4,Round4,Delhi,MEEV**,OBC,Gender-Neutral,224222,NSUT_Round4_2025.pdf
NSUT,2025,R4,Round4,Delhi,MEEV**,OBC,Girl,419938,NSUT_Round4_2025.pdf
NSUT,2025,R4,Round4,Delhi,MEEV**,SC,Gender-Neutral,453868,NSUT_Round4_2025.pdf
NSUT,2025,R4,Round4,Delhi,MEEV**,SC,Girl,752497,NSUT_Round4_2025.pdf
NSUT,2025,R4,Round4,Delhi,MEEV**,General,Defense-CW,110653,NSUT_Round4_2025.pdf
NSUT,2025,R4,Round4,Delhi,MEEV**,OBC,Defense-CW,743731,NSUT_Round4_2025.pdf
NSUT,2025,R4,Round4,Delhi,MEEV**,General,PwD,1301768,NSUT_Round4_2025.pdf
NSUT,2025,R4,Round4,Delhi,CE**,General,Gender-Neutral,52192,NSUT_Round4_2025.pdf
NSUT,2025,R4,Round4,Delhi,CE**,General,Girl,86192,NSUT_Round4_2025.pdf
NSUT,2025,R4,Round4,Delhi,CE**,EWS,Gender-Neutral,140244,NSUT_Round4_2025.pdf
NSUT,2025,R4,Round4,Delhi,CE**,EWS,Girl,234728,NSUT_Round4_2025.pdf
NSUT,2025,R4,Round4,Delhi,CE**,OBC,Gender-Neutral,245862,NSUT_Round4_2025.pdf
NSUT,2025,R4,Round4,Delhi,CE**,OBC,Girl,440696,NSUT_Round4_2025.pdf
NSUT,2025,R4,Round4,Delhi,CE**,SC,Gender-Neutral,464634,NSUT_Round4_2025.pdf
NSUT,2025,R4,Round4,Delhi,CE**,SC,Girl,668389,NSUT_Round4_2025.pdf
NSUT,2025,R4,Round4,Delhi,CE**,ST,Gender-Neutral,609755,NSUT_Round4_2025.pdf
NSUT,2025,R4,Round4,Delhi,CE**,General,Defense-CW,151670,NSUT_Round4_2025.pdf
NSUT,2025,R4,Round4,Delhi,GI**,General,Gender-Neutral,53257,NSUT_Round4_2025.pdf
NSUT,2025,R4,Round4,Delhi,GI**,General,Girl,87863,NSUT_Round4_2025.pdf
NSUT,2025,R4,Round4,Delhi,GI**,EWS,Gender-Neutral,145890,NSUT_Round4_2025.pdf
NSUT,2025,R4,Round4,Delhi,GI**,EWS,Girl,235810,NSUT_Round4_2025.pdf
NSUT,2025,R4,Round4,Delhi,GI**,OBC,Gender-Neutral,246616,NSUT_Round4_2025.pdf
NSUT,2025,R4,Round4,Delhi,GI**,OBC,Girl,431031,NSUT_Round4_2025.pdf
NSUT,2025,R4,Round4,Delhi,GI**,SC,Gender-Neutral,481926,NSUT_Round4_2025.pdf
NSUT,2025,R4,Round4,Delhi,GI**,SC,Girl,721801,NSUT_Round4_2025.pdf
NSUT,2025,R4,Round4,Delhi,GI**,General,Defense-CW,139896,NSUT_Round4_2025.pdf
NSUT,2025,R4,Round4,Delhi,GI**,OBC,Defense-CW,699925,NSUT_Round4_2025.pdf
NSUT,2025,R4,Round4,Delhi,B.Arch.**,General,Gender-Neutral,2345,NSUT_Round4_2025.pdf
NSUT,2025,R4,Round4,Delhi,B.Arch.**,EWS,Gender-Neutral,22788,NSUT_Round4_2025.pdf
NSUT,2025,R4,Round4,Delhi,B.Arch.**,OBC,Gender-Neutral,11435,NSUT_Round4_2025.pdf
NSUT,2025,R4,Round4,Delhi,B.Arch.**,SC,Gender-Neutral,12426,NSUT_Round4_2025.pdf
NSUT,2025,R4,Round4,Delhi,B.Arch.**,ST,Gender-Neutral,14047,NSUT_Round4_2025.pdf
NSUT,2025,R4,Round4,Delhi,B.Arch.**,General,Defense-CW,7200,NSUT_Round4_2025.pdf
NSUT,2025,R4,Round4,Outside-Delhi,Branch CSAI,General,Gender-Neutral,4411,NSUT_Round4_2025.pdf
NSUT,2025,R4,Round4,Outside-Delhi,Branch CSAI,General,Girl,5059,NSUT_Round4_2025.pdf
NSUT,2025,R4,Round4,Outside-Delhi,Branch CSAI,EWS,Gender-Neutral,7709,NSUT_Round4_2025.pdf
NSUT,2025,R4,Round4,Outside-Delhi,Branch CSAI,EWS,Girl,9612,NSUT_Round4_2025.pdf
NSUT,2025,R4,Round4,Outside-Delhi,Branch CSAI,OBC,Gender-Neutral,12098,NSUT_Round4_2025.pdf
NSUT,2025,R4,Round4,Outside-Delhi,Branch CSAI,OBC,Girl,20185,NSUT_Round4_2025.pdf
NSUT,2025,R4,Round4,Outside-Delhi,Branch CSAI,SC,Gender-Neutral,52893,NSUT_Round4_2025.pdf
NSUT,2025,R4,Round4,Outside-Delhi,Branch CSAI,ST,Gender-Neutral,80545,NSUT_Round4_2025.pdf
NSUT,2025,R4,Round4,Outside-Delhi,Branch CSAI,General,Defense-CW,39666,NSUT_Round4_2025.pdf
NSUT,2025,R4,Round4,Outside-Delhi,CSE,General,Gender-Neutral,4519,NSUT_Round4_2025.pdf
NSUT,2025,R4,Round4,Outside-Delhi,CSE,General,Girl,6451,NSUT_Round4_2025.pdf
NSUT,2025,R4,Round4,Outside-Delhi,CSE,EWS,Gender-Neutral,5940,NSUT_Round4_2025.pdf
NSUT,2025,R4,Round4,Outside-Delhi,CSE,OBC,Gender-Neutral,13695,NSUT_Round4_2025.pdf
NSUT,2025,R4,Round4,Outside-Delhi,CSE,OBC,Girl,22041,NSUT_Round4_2025.pdf
NSUT,2025,R4,Round4,Outside-Delhi,CSE,SC,Gender-Neutral,55475,NSUT_Round4_2025.pdf
NSUT,2025,R4,Round4,Outside-Delhi,CSE,SC,Girl,56400,NSUT_Round4_2025.pdf
NSUT,2025,R4,Round4,Outside-Delhi,CSE,ST,Gender-Neutral,122889,NSUT_Round4_2025.pdf
NSUT,2025,R4,Round4,Outside-Delhi,CSE,General,Defense-CW,782499,NSUT_Round4_2025.pdf
NSUT,2025,R4,Round4,Outside-Delhi,CSE,EWS,Defense-CW,56383,NSUT_Round4_2025.pdf
NSUT,2025,R4,Round4,Outside-Delhi,CSE,General,PwD,83599,NSUT_Round4_2025.pdf
NSUT,2025,R4,Round4,Outside-Delhi,CSE,OBC,PwD,175269,NSUT_Round4_2025.pdf
NSUT,2025,R4,Round4,Outside-Delhi,CSDS,General,Gender-Neutral,5459,NSUT_Round4_2025.pdf
NSUT,2025,R4,Round4,Outside-Delhi,CSDS,EWS,Gender-Neutral,8197,NSUT_Round4_2025.pdf
NSUT,2025,R4,Round4,Outside-Delhi,CSDS,EWS,Girl,14559,NSUT_Round4_2025.pdf
NSUT,2025,R4,Round4,Outside-Delhi,CSDS,OBC,Gender-Neutral,13994,NSUT_Round4_2025.pdf
NSUT,2025,R4,Round4,Outside-Delhi,CSDS,SC,Gender-Neutral,55963,NSUT_Round4_2025.pdf
NSUT,2025,R4,Round4,Outside-Delhi,CSDS,SC,Girl,83515,NSUT_Round4_2025.pdf
NSUT,2025,R4,Round4,Outside-Delhi,CSDS,ST,Gender-Neutral,133524,NSUT_Round4_2025.pdf
NSUT,2025,R4,Round4,Outside-Delhi,IT,General,Gender-Neutral,6495,NSUT_Round4_2025.pdf
NSUT,2025,R4,Round4,Outside-Delhi,IT,General,Girl,8486,NSUT_Round4_2025.pdf
NSUT,2025,R4,Round4,Outside-Delhi,IT,EWS,Gender-Neutral,9255,NSUT_Round4_2025.pdf
NSUT,2025,R4,Round4,Outside-Delhi,IT,OBC,Gender-Neutral,16330,NSUT_Round4_2025.pdf
NSUT,2025,R4,Round4,Outside-Delhi,IT,OBC,Girl,24543,NSUT_Round4_2025.pdf
NSUT,2025,R4,Round4,Outside-Delhi,IT,SC,Gender-Neutral,75651,NSUT_Round4_2025.pdf
NSUT,2025,R4,Round4,Outside-Delhi,IT,SC,Girl,97521,NSUT_Round4_2025.pdf
NSUT,2025,R4,Round4,Outside-Delhi,IT,ST,Gender-Neutral,124480,NSUT_Round4_2025.pdf
NSUT,2025,R4,Round4,Outside-Delhi,IT,OBC,Defense-CW,34677,NSUT_Round4_2025.pdf
NSUT,2025,R4,Round4,Outside-Delhi,IT,General,PwD,134260,NSUT_Round4_2025.pdf
NSUT,2025,R4,Round4,Outside-Delhi,ITNS,General,Gender-Neutral,7315,NSUT_Round4_2025.pdf
NSUT,2025,R4,Round4,Outside-Delhi,ITNS,General,Girl,9673,NSUT_Round4_2025.pdf
NSUT,2025,R4,Round4,Outside-Delhi,ITNS,EWS,Gender-Neutral,11153,NSUT_Round4_2025.pdf
NSUT,2025,R4,Round4,Outside-Delhi,ITNS,OBC,Gender-Neutral,16464,NSUT_Round4_2025.pdf
NSUT,2025,R4,Round4,Outside-Delhi,ITNS,SC,Gender-Neutral,76028,NSUT_Round4_2025.pdf
NSUT,2025,R4,Round4,Outside-Delhi,ITNS,ST,Gender-Neutral,150085,NSUT_Round4_2025.pdf
NSUT,2025,R4,Round4,Outside-Delhi,ITNS,ST,Girl,216309,NSUT_Round4_2025.pdf
NSUT,2025,R4,Round4,Outside-Delhi,MAC,General,Gender-Neutral,7476,NSUT_Round4_2025.pdf
NSUT,2025,R4,Round4,Outside-Delhi,MAC,General,Girl,12201,NSUT_Round4_2025.pdf
NSUT,2025,R4,Round4,Outside-Delhi,MAC,EWS,Gender-Neutral,11366,NSUT_Round4_2025.pdf
NSUT,2025,R4,Round4,Outside-Delhi,MAC,OBC,Gender-Neutral,18263,NSUT_Round4_2025.pdf
NSUT,2025,R4,Round4,Outside-Delhi,MAC,OBC,Girl,27833,NSUT_Round4_2025.pdf
NSUT,2025,R4,Round4,Outside-Delhi,MAC,SC,Gender-Neutral,80343,NSUT_Round4_2025.pdf
NSUT,2025,R4,Round4,Outside-Delhi,MAC,ST,Gender-Neutral,140115,NSUT_Round4_2025.pdf
NSUT,2025,R4,Round4,Outside-Delhi,ECE,General,Gender-Neutral,8376,NSUT_Round4_2025.pdf
NSUT,2025,R4,Round4,Outside-Delhi,ECE,General,Girl,15183,NSUT_Round4_2025.pdf
NSUT,2025,R4,Round4,Outside-Delhi,ECE,EWS,Gender-Neutral,12086,NSUT_Round4_2025.pdf
NSUT,2025,R4,Round4,Outside-Delhi,ECE,EWS,Girl,16199,NSUT_Round4_2025.pdf
NSUT,2025,R4,Round4,Outside-Delhi,ECE,OBC,Gender-Neutral,20126,NSUT_Round4_2025.pdf
NSUT,2025,R4,Round4,Outside-Delhi,ECE,OBC,Girl,29811,NSUT_Round4_2025.pdf
NSUT,2025,R4,Round4,Outside-Delhi,ECE,SC,Gender-Neutral,85191,NSUT_Round4_2025.pdf
NSUT,2025,R4,Round4,Outside-Delhi,ECE,SC,Girl,118125,NSUT_Round4_2025.pdf
NSUT,2025,R4,Round4,Outside-Delhi,ECE,ST,Gender-Neutral,166647,NSUT_Round4_2025.pdf
NSUT,2025,R4,Round4,Outside-Delhi,ECE,ST,Girl,237746,NSUT_Round4_2025.pdf
NSUT,2025,R4,Round4,Outside-Delhi,ECE,General,PwD,183097,NSUT_Round4_2025.pdf
NSUT,2025,R4,Round4,Outside-Delhi,ECE,EWS,PwD,507505,NSUT_Round4_2025.pdf
NSUT,2025,R4,Round4,Outside-Delhi,ECE,OBC,PwD,399184,NSUT_Round4_2025.pdf
NSUT,2025,R4,Round4,Outside-Delhi,EVDT,General,Gender-Neutral,9135,NSUT_Round4_2025.pdf
NSUT,2025,R4,Round4,Outside-Delhi,EVDT,General,Girl,14764,NSUT_Round4_2025.pdf
NSUT,2025,R4,Round4,Outside-Delhi,EVDT,EWS,Gender-Neutral,14401,NSUT_Round4_2025.pdf
NSUT,2025,R4,Round4,Outside-Delhi,EVDT,OBC,Gender-Neutral,20346,NSUT_Round4_2025.pdf
NSUT,2025,R4,Round4,Outside-Delhi,EVDT,OBC,Girl,41404,NSUT_Round4_2025.pdf
NSUT,2025,R4,Round4,Outside-Delhi,EVDT,SC,Gender-Neutral,86128,NSUT_Round4_2025.pdf
NSUT,2025,R4,Round4,Outside-Delhi,EVDT,ST,Gender-Neutral,169445,NSUT_Round4_2025.pdf
NSUT,2025,R4,Round4,Outside-Delhi,EE,General,Gender-Neutral,10811,NSUT_Round4_2025.pdf
NSUT,2025,R4,Round4,Outside-Delhi,EE,General,Girl,18535,NSUT_Round4_2025.pdf
NSUT,2025,R4,Round4,Outside-Delhi,EE,EWS,Gender-Neutral,14691,NSUT_Round4_2025.pdf
NSUT,2025,R4,Round4,Outside-Delhi,EE,OBC,Gender-Neutral,23620,NSUT_Round4_2025.pdf
NSUT,2025,R4,Round4,Outside-Delhi,EE,OBC,Girl,33912,NSUT_Round4_2025.pdf
NSUT,2025,R4,Round4,Outside-Delhi,EE,SC,Gender-Neutral,99690,NSUT_Round4_2025.pdf
NSUT,2025,R4,Round4,Outside-Delhi,EE,ST,Gender-Neutral,182782,NSUT_Round4_2025.pdf
NSUT,2025,R4,Round4,Outside-Delhi,EE,ST,Girl,247867,NSUT_Round4_2025.pdf
NSUT,2025,R4,Round4,Outside-Delhi,EE,General,Defense-CW,38726,NSUT_Round4_2025.pdf
NSUT,2025,R4,Round4,Outside-Delhi,EE,OBC,Defense-CW,144979,NSUT_Round4_2025.pdf
NSUT,2025,R4,Round4,Outside-Delhi,ICE,General,Gender-Neutral,12860,NSUT_Round4_2025.pdf
NSUT,2025,R4,Round4,Outside-Delhi,ICE,General,Girl,21017,NSUT_Round4_2025.pdf
NSUT,2025,R4,Round4,Outside-Delhi,ICE,EWS,Gender-Neutral,19098,NSUT_Round4_2025.pdf
NSUT,2025,R4,Round4,Outside-Delhi,ICE,OBC,Gender-Neutral,25227,NSUT_Round4_2025.pdf
NSUT,2025,R4,Round4,Outside-Delhi,ICE,OBC,Girl,53108,NSUT_Round4_2025.pdf
NSUT,2025,R4,Round4,Outside-Delhi,ICE,SC,Gender-Neutral,108494,NSUT_Round4_2025.pdf
NSUT,2025,R4,Round4,Outside-Delhi,ICE,SC,Girl,173934,NSUT_Round4_2025.pdf
NSUT,2025,R4,Round4,Outside-Delhi,ICE,ST,Gender-Neutral,224228,NSUT_Round4_2025.pdf
NSUT,2025,R4,Round4,Outside-Delhi,ICE,General,Defense-CW,45285,NSUT_Round4_2025.pdf
NSUT,2025,R4,Round4,Outside-Delhi,ICE,ST,Defense-CW,444900,NSUT_Round4_2025.pdf
NSUT,2025,R4,Round4,Outside-Delhi,ICE,General,PwD,219332,NSUT_Round4_2025.pdf
NSUT,2025,R4,Round4,Outside-Delhi,ICE,OBC,PwD,713444,NSUT_Round4_2025.pdf
NSUT,2025,R4,Round4,Outside-Delhi,ME,General,Gender-Neutral,14899,NSUT_Round4_2025.pdf
NSUT,2025,R4,Round4,Outside-Delhi,ME,General,Girl,24312,NSUT_Round4_2025.pdf
NSUT,2025,R4,Round4,Outside-Delhi,ME,EWS,Gender-Neutral,19662,NSUT_Round4_2025.pdf
NSUT,2025,R4,Round4,Outside-Delhi,ME,EWS,Girl,39228,NSUT_Round4_2025.pdf
NSUT,2025,R4,Round4,Outside-Delhi,ME,OBC,Gender-Neutral,29634,NSUT_Round4_2025.pdf
NSUT,2025,R4,Round4,Outside-Delhi,ME,OBC,Girl,53447,NSUT_Round4_2025.pdf
NSUT,2025,R4,Round4,Outside-Delhi,ME,SC,Gender-Neutral,129765,NSUT_Round4_2025.pdf
NSUT,2025,R4,Round4,Outside-Delhi,ME,SC,Girl,184119,NSUT_Round4_2025.pdf
NSUT,2025,R4,Round4,Outside-Delhi,ME,ST,Gender-Neutral,206370,NSUT_Round4_2025.pdf
NSUT,2025,R4,Round4,Outside-Delhi,ME,SC,Defense-CW,216632,NSUT_Round4_2025.pdf
NSUT,2025,R4,Round4,Outside-Delhi,ME,General,PwD,396240,NSUT_Round4_2025.pdf
NSUT,2025,R4,Round4,Outside-Delhi,ME,OBC,PwD,876697,NSUT_Round4_2025.pdf
NSUT,2025,R4,Round4,Outside-Delhi,BT,General,Gender-Neutral,16059,NSUT_Round4_2025.pdf
NSUT,2025,R4,Round4,Outside-Delhi,BT,General,Girl,29361,NSUT_Round4_2025.pdf
NSUT,2025,R4,Round4,Outside-Delhi,BT,EWS,Gender-Neutral,26079,NSUT_Round4_2025.pdf
NSUT,2025,R4,Round4,Outside-Delhi,BT,OBC,Gender-Neutral,32681,NSUT_Round4_2025.pdf
NSUT,2025,R4,Round4,Outside-Delhi,BT,OBC,Girl,55028,NSUT_Round4_2025.pdf
NSUT,2025,R4,Round4,Outside-Delhi,BT,SC,Gender-Neutral,139195,NSUT_Round4_2025.pdf
NSUT,2025,R4,Round4,Outside-Delhi,BT,ST,Gender-Neutral,239753,NSUT_Round4_2025.pdf
NSUT,2025,R4,Round4,Outside-Delhi,BT,SC,Defense-CW,303956,NSUT_Round4_2025.pdf
NSUT,2025,R4,Round4,Outside-Delhi,CSDA*,General,Gender-Neutral,8031,NSUT_Round4_2025.pdf
NSUT,2025,R4,Round4,Outside-Delhi,CSDA*,EWS,Gender-Neutral,11877,NSUT_Round4_2025.pdf
NSUT,2025,R4,Round4,Outside-Delhi,CSDA*,OBC,Gender-Neutral,18639,NSUT_Round4_2025.pdf
NSUT,2025,R4,Round4,Outside-Delhi,CSDA*,OBC,Girl,35162,NSUT_Round4_2025.pdf
NSUT,2025,R4,Round4,Outside-Delhi,CSDA*,SC,Gender-Neutral,85687,NSUT_Round4_2025.pdf
NSUT,2025,R4,Round4,Outside-Delhi,CSDA*,SC,Girl,104350,NSUT_Round4_2025.pdf
NSUT,2025,R4,Round4,Outside-Delhi,CSDA*,ST,Gender-Neutral,206631,NSUT_Round4_2025.pdf
NSUT,2025,R4,Round4,Outside-Delhi,CSDA*,General,PwD,92922,NSUT_Round4_2025.pdf
NSUT,2025,R4,Round4,Outside-Delhi,CIOT*,General,Gender-Neutral,8595,NSUT_Round4_2025.pdf
NSUT,2025,R4,Round4,Outside-Delhi,CIOT*,General,Girl,14219,NSUT_Round4_2025.pdf
NSUT,2025,R4,Round4,Outside-Delhi,CIOT*,EWS,Gender-Neutral,14833,NSUT_Round4_2025.pdf
NSUT,2025,R4,Round4,Outside-Delhi,CIOT*,OBC,Gender-Neutral,19163,NSUT_Round4_2025.pdf
NSUT,2025,R4,Round4,Outside-Delhi,CIOT*,OBC,Girl,36346,NSUT_Round4_2025.pdf
NSUT,2025,R4,Round4,Outside-Delhi,CIOT*,SC,Gender-Neutral,78579,NSUT_Round4_2025.pdf
NSUT,2025,R4,Round4,Outside-Delhi,CIOT*,ST,Gender-Neutral,204647,NSUT_Round4_2025.pdf
NSUT,2025,R4,Round4,Outside-Delhi,ECAM*,General,Gender-Neutral,9233,NSUT_Round4_2025.pdf
NSUT,2025,R4,Round4,Outside-Delhi,ECAM*,General,Girl,15247,NSUT_Round4_2025.pdf
NSUT,2025,R4,Round4,Outside-Delhi,ECAM*,EWS,Gender-Neutral,14421,NSUT_Round4_2025.pdf
NSUT,2025,R4,Round4,Outside-Delhi,ECAM*,EWS,Girl,27550,NSUT_Round4_2025.pdf
NSUT,2025,R4,Round4,Outside-Delhi,ECAM*,OBC,Gender-Neutral,22313,NSUT_Round4_2025.pdf
NSUT,2025,R4,Round4,Outside-Delhi,ECAM*,OBC,Girl,25568,NSUT_Round4_2025.pdf
NSUT,2025,R4,Round4,Outside-Delhi,ECAM*,SC,Gender-Neutral,95807,NSUT_Round4_2025.pdf
NSUT,2025,R4,Round4,Outside-Delhi,ECAM*,ST,Gender-Neutral,207757,NSUT_Round4_2025.pdf
NSUT,2025,R4,Round4,Outside-Delhi,ECAM*,ST,Girl,337465,NSUT_Round4_2025.pdf
NSUT,2025,R4,Round4,Outside-Delhi,ECAM*,General,Defense-CW,203290,NSUT_Round4_2025.pdf
NSUT,2025,R4,Round4,Outside-Delhi,ECAM*,EWS,Defense-CW,88647,NSUT_Round4_2025.pdf
NSUT,2025,R4,Round4,Outside-Delhi,ECAM*,OBC,PwD,625093,NSUT_Round4_2025.pdf
NSUT,2025,R4,Round4,Outside-Delhi,MEEV**,General,Gender-Neutral,15466,NSUT_Round4_2025.pdf
NSUT,2025,R4,Round4,Outside-Delhi,MEEV**,General,Girl,26170,NSUT_Round4_2025.pdf
NSUT,2025,R4,Round4,Outside-Delhi,MEEV**,EWS,Gender-Neutral,20968,NSUT_Round4_2025.pdf
NSUT,2025,R4,Round4,Outside-Delhi,MEEV**,OBC,Gender-Neutral,30966,NSUT_Round4_2025.pdf
NSUT,2025,R4,Round4,Outside-Delhi,MEEV**,OBC,Girl,56929,NSUT_Round4_2025.pdf
NSUT,2025,R4,Round4,Outside-Delhi,MEEV**,SC,Gender-Neutral,128043,NSUT_Round4_2025.pdf
NSUT,2025,R4,Round4,Outside-Delhi,MEEV**,ST,Gender-Neutral,225039,NSUT_Round4_2025.pdf
NSUT,2025,R4,Round4,Outside-Delhi,CE**,General,Gender-Neutral,18202,NSUT_Round4_2025.pdf
NSUT,2025,R4,Round4,Outside-Delhi,CE**,General,Girl,25276,NSUT_Round4_2025.pdf
NSUT,2025,R4,Round4,Outside-Delhi,CE**,EWS,Gender-Neutral,24081,NSUT_Round4_2025.pdf
NSUT,2025,R4,Round4,Outside-Delhi,CE**,EWS,Girl,39015,NSUT_Round4_2025.pdf
NSUT,2025,R4,Round4,Outside-Delhi,CE**,OBC,Gender-Neutral,32921,NSUT_Round4_2025.pdf
NSUT,2025,R4,Round4,Outside-Delhi,CE**,SC,Gender-Neutral,133067,NSUT_Round4_2025.pdf
NSUT,2025,R4,Round4,Outside-Delhi,CE**,OBC,Defense-CW,49652,NSUT_Round4_2025.pdf
NSUT,2025,R4,Round4,Outside-Delhi,GI**,General,Gender-Neutral,18449,NSUT_Round4_2025.pdf
NSUT,2025,R4,Round4,Outside-Delhi,GI**,General,Girl,28759,NSUT_Round4_2025.pdf
NSUT,2025,R4,Round4,Outside-Delhi,GI**,OBC,Gender-Neutral,33120,NSUT_Round4_2025.pdf
NSUT,2025,R4,Round4,Outside-Delhi,GI**,SC,Gender-Neutral,139339,NSUT_Round4_2025.pdf
NSUT,2025,R4,Round4,Outside-Delhi,GI**,ST,Gender-Neutral,241017,NSUT_Round4_2025.pdf
NSUT,2025,R4,Round4,Outside-Delhi,B.Arch.**,General,Gender-Neutral,772,NSUT_Round4_2025.pdf
NSUT,2025,R4,Round4,Outside-Delhi,B.Arch.**,EWS,Gender-Neutral,3732,NSUT_Round4_2025.pdf
NSUT,2025,R4,Round4,Outside-Delhi,B.Arch.**,OBC,Gender-Neutral,1880,NSUT_Round4_2025.pdf
NSUT,2025,R4,Round4,Outside-Delhi,B.Arch.**,SC,Gender-Neutral,2203,NSUT_Round4_2025.pdf
NSUT,2024,R5,Round5,Delhi,Branch CSAI,General,Gender-Neutral,9717,NSUT_Round5_2024.pdf
NSUT,2024,R5,Round5,Delhi,Branch CSAI,EWS,Gender-Neutral,18327,NSUT_Round5_2024.pdf
NSUT,2024,R5,Round5,Delhi,Branch CSAI,OBC,Gender-Neutral,30361,NSUT_Round5_2024.pdf
NSUT,2024,R5,Round5,Delhi,Branch CSAI,SC,Gender-Neutral,82671,NSUT_Round5_2024.pdf
NSUT,2024,R5,Round5,Delhi,Branch CSAI,ST,Gender-Neutral,254803,NSUT_Round5_2024.pdf
NSUT,2024,R5,Round5,Delhi,Branch CSAI,General,Girl,16573,NSUT_Round5_2024.pdf
NSUT,2024,R5,Round5,Delhi,Branch CSAI,EWS,Girl,31894,NSUT_Round5_2024.pdf
NSUT,2024,R5,Round5,Delhi,Branch CSAI,OBC,Girl,66077,NSUT_Round5_2024.pdf
NSUT,2024,R5,Round5,Delhi,Branch CSAI,SC,Girl,142608,NSUT_Round5_2024.pdf
NSUT,2024,R5,Round5,Delhi,Branch CSAI,ST,Girl,433104,NSUT_Round5_2024.pdf
NSUT,2024,R5,Round5,Delhi,Branch CSAI,General,Defense-CW,720686,NSUT_Round5_2024.pdf
NSUT,2024,R5,Round5,Delhi,Branch CSAI,OBC,Defense-CW,98319,NSUT_Round5_2024.pdf
NSUT,2024,R5,Round5,Delhi,Branch CSAI,SC,Defense-CW,555672,NSUT_Round5_2024.pdf
NSUT,2024,R5,Round5,Delhi,Branch CSAI,General,PwD,105902,NSUT_Round5_2024.pdf
NSUT,2024,R5,Round5,Delhi,Branch CSAI,OBC,PwD,314106,NSUT_Round5_2024.pdf
NSUT,2024,R5,Round5,Delhi,Branch CSAI,SC,PwD,473332,NSUT_Round5_2024.pdf
NSUT,2024,R5,Round5,Delhi,Branch CSAI,ST,PwD,43084,NSUT_Round5_2024.pdf
NSUT,2024,R5,Round5,Delhi,CSE,General,Gender-Neutral,12803,NSUT_Round5_2024.pdf
NSUT,2024,R5,Round5,Delhi,CSE,EWS,Gender-Neutral,25468,NSUT_Round5_2024.pdf
NSUT,2024,R5,Round5,Delhi,CSE,OBC,Gender-Neutral,49996,NSUT_Round5_2024.pdf
NSUT,2024,R5,Round5,Delhi,CSE,SC,Gender-Neutral,113605,NSUT_Round5_2024.pdf
NSUT,2024,R5,Round5,Delhi,CSE,ST,Gender-Neutral,314867,NSUT_Round5_2024.pdf
NSUT,2024,R5,Round5,Delhi,CSE,General,Girl,18509,NSUT_Round5_2024.pdf
NSUT,2024,R5,Round5,Delhi,CSE,EWS,Girl,30260,NSUT_Round5_2024.pdf
NSUT,2024,R5,Round5,Delhi,CSE,OBC,Girl,74635,NSUT_Round5_2024.pdf
NSUT,2024,R5,Round5,Delhi,CSE,SC,Girl,180198,NSUT_Round5_2024.pdf
NSUT,2024,R5,Round5,Delhi,CSE,ST,Girl,422005,NSUT_Round5_2024.pdf
NSUT,2024,R5,Round5,Delhi,CSE,General,Defense-CW,575902,NSUT_Round5_2024.pdf
NSUT,2024,R5,Round5,Delhi,CSE,EWS,Defense-CW,66884,NSUT_Round5_2024.pdf
NSUT,2024,R5,Round5,Delhi,CSE,OBC,Defense-CW,99626,NSUT_Round5_2024.pdf
NSUT,2024,R5,Round5,Delhi,CSE,SC,Defense-CW,304195,NSUT_Round5_2024.pdf
NSUT,2024,R5,Round5,Delhi,CSE,General,PwD,199938,NSUT_Round5_2024.pdf
NSUT,2024,R5,Round5,Delhi,CSE,EWS,PwD,1290052,NSUT_Round5_2024.pdf
NSUT,2024,R5,Round5,Delhi,CSE,OBC,PwD,756719,NSUT_Round5_2024.pdf
NSUT,2024,R5,Round5,Delhi,CSDS,General,Gender-Neutral,15264,NSUT_Round5_2024.pdf
NSUT,2024,R5,Round5,Delhi,CSDS,EWS,Gender-Neutral,26286,NSUT_Round5_2024.pdf
NSUT,2024,R5,Round5,Delhi,CSDS,OBC,Gender-Neutral,57736,NSUT_Round5_2024.pdf
NSUT,2024,R5,Round5,Delhi,CSDS,SC,Gender-Neutral,130553,NSUT_Round5_2024.pdf
NSUT,2024,R5,Round5,Delhi,CSDS,ST,Gender-Neutral,384101,NSUT_Round5_2024.pdf
NSUT,2024,R5,Round5,Delhi,CSDS,General,Girl,20647,NSUT_Round5_2024.pdf
NSUT,2024,R5,Round5,Delhi,CSDS,EWS,Girl,36547,NSUT_Round5_2024.pdf
NSUT,2024,R5,Round5,Delhi,CSDS,OBC,Girl,85371,NSUT_Round5_2024.pdf
NSUT,2024,R5,Round5,Delhi,CSDS,SC,Girl,191918,NSUT_Round5_2024.pdf
NSUT,2024,R5,Round5,Delhi,CSDS,General,Defense-CW,55989,NSUT_Round5_2024.pdf
NSUT,2024,R5,Round5,Delhi,CSDS,OBC,Defense-CW,111264,NSUT_Round5_2024.pdf
NSUT,2024,R5,Round5,Delhi,CSDS,General,PwD,242254,NSUT_Round5_2024.pdf
NSUT,2024,R5,Round5,Delhi,CSDS,OBC,PwD,347355,NSUT_Round5_2024.pdf
NSUT,2024,R5,Round5,Delhi,IT,General,Gender-Neutral,19074,NSUT_Round5_2024.pdf
NSUT,2024,R5,Round5,Delhi,IT,EWS,Gender-Neutral,30826,NSUT_Round5_2024.pdf
NSUT,2024,R5,Round5,Delhi,IT,OBC,Gender-Neutral,76935,NSUT_Round5_2024.pdf
NSUT,2024,R5,Round5,Delhi,IT,SC,Gender-Neutral,161096,NSUT_Round5_2024.pdf
NSUT,2024,R5,Round5,Delhi,IT,ST,Gender-Neutral,542855,NSUT_Round5_2024.pdf
NSUT,2024,R5,Round5,Delhi,IT,General,Girl,23859,NSUT_Round5_2024.pdf
NSUT,2024,R5,Round5,Delhi,IT,EWS,Girl,38128,NSUT_Round5_2024.pdf
NSUT,2024,R5,Round5,Delhi,IT,OBC,Girl,97244,NSUT_Round5_2024.pdf
NSUT,2024,R5,Round5,Delhi,IT,SC,Girl,203606,NSUT_Round5_2024.pdf
NSUT,2024,R5,Round5,Delhi,IT,ST,Girl,763740,NSUT_Round5_2024.pdf
NSUT,2024,R5,Round5,Delhi,IT,General,Defense-CW,124881,NSUT_Round5_2024.pdf
NSUT,2024,R5,Round5,Delhi,IT,EWS,Defense-CW,128362,NSUT_Round5_2024.pdf
NSUT,2024,R5,Round5,Delhi,IT,OBC,Defense-CW,141718,NSUT_Round5_2024.pdf
NSUT,2024,R5,Round5,Delhi,IT,General,PwD,322320,NSUT_Round5_2024.pdf
NSUT,2024,R5,Round5,Delhi,IT,OBC,PwD,1100498,NSUT_Round5_2024.pdf
NSUT,2024,R5,Round5,Delhi,ITNS,General,Gender-Neutral,21874,NSUT_Round5_2024.pdf
NSUT,2024,R5,Round5,Delhi,ITNS,EWS,Gender-Neutral,33072,NSUT_Round5_2024.pdf
NSUT,2024,R5,Round5,Delhi,ITNS,OBC,Gender-Neutral,84388,NSUT_Round5_2024.pdf
NSUT,2024,R5,Round5,Delhi,ITNS,SC,Gender-Neutral,187910,NSUT_Round5_2024.pdf
NSUT,2024,R5,Round5,Delhi,ITNS,ST,Gender-Neutral,568571,NSUT_Round5_2024.pdf
NSUT,2024,R5,Round5,Delhi,ITNS,General,Girl,25681,NSUT_Round5_2024.pdf
NSUT,2024,R5,Round5,Delhi,ITNS,EWS,Girl,41163,NSUT_Round5_2024.pdf
NSUT,2024,R5,Round5,Delhi,ITNS,OBC,Girl,105143,NSUT_Round5_2024.pdf
NSUT,2024,R5,Round5,Delhi,ITNS,SC,Girl,250069,NSUT_Round5_2024.pdf
NSUT,2024,R5,Round5,Delhi,ITNS,General,Defense-CW,897901,NSUT_Round5_2024.pdf
NSUT,2024,R5,Round5,Delhi,ITNS,General,PwD,348976,NSUT_Round5_2024.pdf
NSUT,2024,R5,Round5,Delhi,MAC,General,Gender-Neutral,24436,NSUT_Round5_2024.pdf
NSUT,2024,R5,Round5,Delhi,MAC,EWS,Gender-Neutral,38028,NSUT_Round5_2024.pdf
NSUT,2024,R5,Round5,Delhi,MAC,OBC,Gender-Neutral,90670,NSUT_Round5_2024.pdf
NSUT,2024,R5,Round5,Delhi,MAC,SC,Gender-Neutral,217029,NSUT_Round5_2024.pdf
NSUT,2024,R5,Round5,Delhi,MAC,ST,Gender-Neutral,722781,NSUT_Round5_2024.pdf
NSUT,2024,R5,Round5,Delhi,MAC,General,Girl,30048,NSUT_Round5_2024.pdf
NSUT,2024,R5,Round5,Delhi,MAC,EWS,Girl,47972,NSUT_Round5_2024.pdf
NSUT,2024,R5,Round5,Delhi,MAC,OBC,Girl,129421,NSUT_Round5_2024.pdf
NSUT,2024,R5,Round5,Delhi,MAC,SC,Girl,266532,NSUT_Round5_2024.pdf
NSUT,2024,R5,Round5,Delhi,MAC,ST,Girl,1012026,NSUT_Round5_2024.pdf
NSUT,2024,R5,Round5,Delhi,MAC,General,Defense-CW,35192,NSUT_Round5_2024.pdf
NSUT,2024,R5,Round5,Delhi,MAC,General,PwD,276906,NSUT_Round5_2024.pdf
NSUT,2024,R5,Round5,Delhi,ECE,General,Gender-Neutral,30182,NSUT_Round5_2024.pdf
NSUT,2024,R5,Round5,Delhi,ECE,EWS,Gender-Neutral,48352,NSUT_Round5_2024.pdf
NSUT,2024,R5,Round5,Delhi,ECE,OBC,Gender-Neutral,117158,NSUT_Round5_2024.pdf
NSUT,2024,R5,Round5,Delhi,ECE,SC,Gender-Neutral,243281,NSUT_Round5_2024.pdf
NSUT,2024,R5,Round5,Delhi,ECE,ST,Gender-Neutral,1195863,NSUT_Round5_2024.pdf
NSUT,2024,R5,Round5,Delhi,ECE,General,Girl,37404,NSUT_Round5_2024.pdf
NSUT,2024,R5,Round5,Delhi,ECE,EWS,Girl,80526,NSUT_Round5_2024.pdf
NSUT,2024,R5,Round5,Delhi,ECE,OBC,Girl,224857,NSUT_Round5_2024.pdf
NSUT,2024,R5,Round5,Delhi,ECE,SC,Girl,350407,NSUT_Round5_2024.pdf
NSUT,2024,R5,Round5,Delhi,ECE,General,Defense-CW,41050,NSUT_Round5_2024.pdf
NSUT,2024,R5,Round5,Delhi,ECE,EWS,Defense-CW,332321,NSUT_Round5_2024.pdf
NSUT,2024,R5,Round5,Delhi,ECE,OBC,Defense-CW,189446,NSUT_Round5_2024.pdf
NSUT,2024,R5,Round5,Delhi,ECE,General,PwD,707821,NSUT_Round5_2024.pdf
NSUT,2024,R5,Round5,Delhi,EVDT,General,Gender-Neutral,31542,NSUT_Round5_2024.pdf
NSUT,2024,R5,Round5,Delhi,EVDT,EWS,Gender-Neutral,53078,NSUT_Round5_2024.pdf
NSUT,2024,R5,Round5,Delhi,EVDT,OBC,Gender-Neutral,124554,NSUT_Round5_2024.pdf
NSUT,2024,R5,Round5,Delhi,EVDT,SC,Gender-Neutral,268558,NSUT_Round5_2024.pdf
NSUT,2024,R5,Round5,Delhi,EVDT,General,Girl,39639,NSUT_Round5_2024.pdf
NSUT,2024,R5,Round5,Delhi,EVDT,EWS,Girl,123074,NSUT_Round5_2024.pdf
NSUT,2024,R5,Round5,Delhi,EVDT,OBC,Girl,271991,NSUT_Round5_2024.pdf
NSUT,2024,R5,Round5,Delhi,EVDT,SC,Girl,399514,NSUT_Round5_2024.pdf
NSUT,2024,R5,Round5,Delhi,EVDT,General,Defense-CW,65191,NSUT_Round5_2024.pdf
NSUT,2024,R5,Round5,Delhi,EVDT,OBC,Defense-CW,228918,NSUT_Round5_2024.pdf
NSUT,2024,R5,Round5,Delhi,EVDT,General,PwD,1205019,NSUT_Round5_2024.pdf
NSUT,2024,R5,Round5,Delhi,EE,General,Gender-Neutral,39515,NSUT_Round5_2024.pdf
NSUT,2024,R5,Round5,Delhi,EE,EWS,Gender-Neutral,65267,NSUT_Round5_2024.pdf
NSUT,2024,R5,Round5,Delhi,EE,OBC,Gender-Neutral,162609,NSUT_Round5_2024.pdf
NSUT,2024,R5,Round5,Delhi,EE,SC,Gender-Neutral,382617,NSUT_Round5_2024.pdf
NSUT,2024,R5,Round5,Delhi,EE,ST,Gender-Neutral,1089198,NSUT_Round5_2024.pdf
NSUT,2024,R5,Round5,Delhi,EE,General,Girl,70420,NSUT_Round5_2024.pdf
NSUT,2024,R5,Round5,Delhi,EE,EWS,Girl,153929,NSUT_Round5_2024.pdf
NSUT,2024,R5,Round5,Delhi,EE,OBC,Girl,283338,NSUT_Round5_2024.pdf
NSUT,2024,R5,Round5,Delhi,EE,SC,Girl,611426,NSUT_Round5_2024.pdf
NSUT,2024,R5,Round5,Delhi,EE,General,Defense-CW,92422,NSUT_Round5_2024.pdf
NSUT,2024,R5,Round5,Delhi,EE,EWS,Defense-CW,474793,NSUT_Round5_2024.pdf
NSUT,2024,R5,Round5,Delhi,EE,OBC,Defense-CW,203785,NSUT_Round5_2024.pdf
NSUT,2024,R5,Round5,Delhi,ICE,General,Gender-Neutral,49909,NSUT_Round5_2024.pdf
NSUT,2024,R5,Round5,Delhi,ICE,EWS,Gender-Neutral,74833,NSUT_Round5_2024.pdf
NSUT,2024,R5,Round5,Delhi,ICE,OBC,Gender-Neutral,199619,NSUT_Round5_2024.pdf
NSUT,2024,R5,Round5,Delhi,ICE,SC,Gender-Neutral,592273,NSUT_Round5_2024.pdf
NSUT,2024,R5,Round5,Delhi,ICE,General,Girl,83030,NSUT_Round5_2024.pdf
NSUT,2024,R5,Round5,Delhi,ICE,EWS,Girl,170834,NSUT_Round5_2024.pdf
NSUT,2024,R5,Round5,Delhi,ICE,OBC,Girl,382011,NSUT_Round5_2024.pdf
NSUT,2024,R5,Round5,Delhi,ICE,SC,Girl,940457,NSUT_Round5_2024.pdf
NSUT,2024,R5,Round5,Delhi,ICE,General,Defense-CW,127177,NSUT_Round5_2024.pdf
NSUT,2024,R5,Round5,Delhi,ICE,EWS,Defense-CW,761651,NSUT_Round5_2024.pdf
NSUT,2024,R5,Round5,Delhi,ICE,OBC,Defense-CW,327217,NSUT_Round5_2024.pdf
NSUT,2024,R5,Round5,Delhi,ICE,General,PwD,826961,NSUT_Round5_2024.pdf
NSUT,2024,R5,Round5,Delhi,ME,General,Gender-Neutral,61154,NSUT_Round5_2024.pdf
NSUT,2024,R5,Round5,Delhi,ME,EWS,Gender-Neutral,96473,NSUT_Round5_2024.pdf
NSUT,2024,R5,Round5,Delhi,ME,OBC,Gender-Neutral,245326,NSUT_Round5_2024.pdf
NSUT,2024,R5,Round5,Delhi,ME,SC,Gender-Neutral,680587,NSUT_Round5_2024.pdf
NSUT,2024,R5,Round5,Delhi,ME,ST,Gender-Neutral,1097599,NSUT_Round5_2024.pdf
NSUT,2024,R5,Round5,Delhi,ME,General,Girl,88025,NSUT_Round5_2024.pdf
NSUT,2024,R5,Round5,Delhi,ME,EWS,Girl,165335,NSUT_Round5_2024.pdf
NSUT,2024,R5,Round5,Delhi,ME,OBC,Girl,453070,NSUT_Round5_2024.pdf
NSUT,2024,R5,Round5,Delhi,ME,SC,Girl,1130973,NSUT_Round5_2024.pdf
NSUT,2024,R5,Round5,Delhi,ME,General,Defense-CW,436193,NSUT_Round5_2024.pdf
NSUT,2024,R5,Round5,Delhi,ME,EWS,Defense-CW,830289,NSUT_Round5_2024.pdf
NSUT,2024,R5,Round5,Delhi,ME,OBC,Defense-CW,280128,NSUT_Round5_2024.pdf
NSUT,2024,R5,Round5,Delhi,BT,General,Gender-Neutral,79890,NSUT_Round5_2024.pdf
NSUT,2024,R5,Round5,Delhi,BT,EWS,Gender-Neutral,149099,NSUT_Round5_2024.pdf
NSUT,2024,R5,Round5,Delhi,BT,OBC,Gender-Neutral,425798,NSUT_Round5_2024.pdf
NSUT,2024,R5,Round5,Delhi,BT,SC,Gender-Neutral,921597,NSUT_Round5_2024.pdf
NSUT,2024,R5,Round5,Delhi,BT,General,Girl,83821,NSUT_Round5_2024.pdf
NSUT,2024,R5,Round5,Delhi,BT,EWS,Girl,184979,NSUT_Round5_2024.pdf
NSUT,2024,R5,Round5,Delhi,BT,OBC,Girl,471268,NSUT_Round5_2024.pdf
NSUT,2024,R5,Round5,Delhi,BT,SC,Girl,1204554,NSUT_Round5_2024.pdf
NSUT,2024,R5,Round5,Delhi,BT,General,Defense-CW,179646,NSUT_Round5_2024.pdf
NSUT,2024,R5,Round5,Delhi,CSDA*,General,Gender-Neutral,35335,NSUT_Round5_2024.pdf
NSUT,2024,R5,Round5,Delhi,CSDA*,EWS,Gender-Neutral,54376,NSUT_Round5_2024.pdf
NSUT,2024,R5,Round5,Delhi,CSDA*,OBC,Gender-Neutral,122106,NSUT_Round5_2024.pdf
NSUT,2024,R5,Round5,Delhi,CSDA*,SC,Gender-Neutral,242397,NSUT_Round5_2024.pdf
NSUT,2024,R5,Round5,Delhi,CSDA*,ST,Gender-Neutral,586310,NSUT_Round5_2024.pdf
NSUT,2024,R5,Round5,Delhi,CSDA*,General,Girl,55920,NSUT_Round5_2024.pdf
NSUT,2024,R5,Round5,Delhi,CSDA*,EWS,Girl,85784,NSUT_Round5_2024.pdf
NSUT,2024,R5,Round5,Delhi,CSDA*,OBC,Girl,213821,NSUT_Round5_2024.pdf
NSUT,2024,R5,Round5,Delhi,CSDA*,SC,Girl,411039,NSUT_Round5_2024.pdf
NSUT,2024,R5,Round5,Delhi,CSDA*,General,Defense-CW,52420,NSUT_Round5_2024.pdf
NSUT,2024,R5,Round5,Delhi,CSDA*,OBC,Defense-CW,171584,NSUT_Round5_2024.pdf
NSUT,2024,R5,Round5,Delhi,CSDA*,General,PwD,492106,NSUT_Round5_2024.pdf
NSUT,2024,R5,Round5,Delhi,CIOT*,General,Gender-Neutral,39235,NSUT_Round5_2024.pdf
NSUT,2024,R5,Round5,Delhi,CIOT*,EWS,Gender-Neutral,58980,NSUT_Round5_2024.pdf
NSUT,2024,R5,Round5,Delhi,CIOT*,OBC,Gender-Neutral,148000,NSUT_Round5_2024.pdf
NSUT,2024,R5,Round5,Delhi,CIOT*,SC,Gender-Neutral,320932,NSUT_Round5_2024.pdf
NSUT,2024,R5,Round5,Delhi,CIOT*,ST,Gender-Neutral,824815,NSUT_Round5_2024.pdf
NSUT,2024,R5,Round5,Delhi,CIOT*,General,Girl,70486,NSUT_Round5_2024.pdf
NSUT,2024,R5,Round5,Delhi,CIOT*,EWS,Girl,104695,NSUT_Round5_2024.pdf
NSUT,2024,R5,Round5,Delhi,CIOT*,OBC,Girl,260997,NSUT_Round5_2024.pdf
NSUT,2024,R5,Round5,Delhi,CIOT*,SC,Girl,489798,NSUT_Round5_2024.pdf
NSUT,2024,R5,Round5,Delhi,CIOT*,General,Defense-CW,53904,NSUT_Round5_2024.pdf
NSUT,2024,R5,Round5,Delhi,CIOT*,EWS,Defense-CW,89568,NSUT_Round5_2024.pdf
NSUT,2024,R5,Round5,Delhi,CIOT*,General,PwD,441136,NSUT_Round5_2024.pdf
NSUT,2024,R5,Round5,Delhi,ECAM*,General,Gender-Neutral,47145,NSUT_Round5_2024.pdf
NSUT,2024,R5,Round5,Delhi,ECAM*,EWS,Gender-Neutral,70752,NSUT_Round5_2024.pdf
NSUT,2024,R5,Round5,Delhi,ECAM*,OBC,Gender-Neutral,181233,NSUT_Round5_2024.pdf
NSUT,2024,R5,Round5,Delhi,ECAM*,SC,Gender-Neutral,455021,NSUT_Round5_2024.pdf
NSUT,2024,R5,Round5,Delhi,ECAM*,General,Girl,82978,NSUT_Round5_2024.pdf
NSUT,2024,R5,Round5,Delhi,ECAM*,EWS,Girl,165130,NSUT_Round5_2024.pdf
NSUT,2024,R5,Round5,Delhi,ECAM*,OBC,Girl,321682,NSUT_Round5_2024.pdf
NSUT,2024,R5,Round5,Delhi,ECAM*,SC,Girl,690714,NSUT_Round5_2024.pdf
NSUT,2024,R5,Round5,Delhi,ECAM*,General,Defense-CW,67666,NSUT_Round5_2024.pdf
NSUT,2024,R5,Round5,Delhi,ECAM*,EWS,Defense-CW,495783,NSUT_Round5_2024.pdf
NSUT,2024,R5,Round5,Delhi,ECAM*,OBC,Defense-CW,501552,NSUT_Round5_2024.pdf
NSUT,2024,R5,Round5,Delhi,ECAM*,General,PwD,1004135,NSUT_Round5_2024.pdf
NSUT,2024,R5,Round5,Delhi,MEEV**,General,Gender-Neutral,75156,NSUT_Round5_2024.pdf
NSUT,2024,R5,Round5,Delhi,MEEV**,EWS,Gender-Neutral,148509,NSUT_Round5_2024.pdf
NSUT,2024,R5,Round5,Delhi,MEEV**,OBC,Gender-Neutral,429105,NSUT_Round5_2024.pdf
NSUT,2024,R5,Round5,Delhi,MEEV**,SC,Gender-Neutral,901257,NSUT_Round5_2024.pdf
NSUT,2024,R5,Round5,Delhi,MEEV**,General,Girl,105529,NSUT_Round5_2024.pdf
NSUT,2024,R5,Round5,Delhi,MEEV**,EWS,Girl,190122,NSUT_Round5_2024.pdf
NSUT,2024,R5,Round5,Delhi,MEEV**,OBC,Girl,500605,NSUT_Round5_2024.pdf
NSUT,2024,R5,Round5,Delhi,MEEV**,SC,Girl,973904,NSUT_Round5_2024.pdf
NSUT,2024,R5,Round5,Delhi,MEEV**,General,Defense-CW,184421,NSUT_Round5_2024.pdf
NSUT,2024,R5,Round5,Delhi,MEEV**,OBC,Defense-CW,997627,NSUT_Round5_2024.pdf
NSUT,2024,R5,Round5,Delhi,CE**,General,Gender-Neutral,84121,NSUT_Round5_2024.pdf
NSUT,2024,R5,Round5,Delhi,CE**,EWS,Gender-Neutral,158779,NSUT_Round5_2024.pdf
NSUT,2024,R5,Round5,Delhi,CE**,OBC,Gender-Neutral,474810,NSUT_Round5_2024.pdf
NSUT,2024,R5,Round5,Delhi,CE**,SC,Gender-Neutral,842323,NSUT_Round5_2024.pdf
NSUT,2024,R5,Round5,Delhi,CE**,ST,Gender-Neutral,894734,NSUT_Round5_2024.pdf
NSUT,2024,R5,Round5,Delhi,CE**,General,Girl,107062,NSUT_Round5_2024.pdf
NSUT,2024,R5,Round5,Delhi,CE**,EWS,Girl,218460,NSUT_Round5_2024.pdf
NSUT,2024,R5,Round5,Delhi,CE**,OBC,Girl,572569,NSUT_Round5_2024.pdf
NSUT,2024,R5,Round5,Delhi,CE**,SC,Girl,1106765,NSUT_Round5_2024.pdf
NSUT,2024,R5,Round5,Delhi,CE**,General,Defense-CW,193015,NSUT_Round5_2024.pdf
NSUT,2024,R5,Round5,Delhi,GI**,General,Gender-Neutral,88631,NSUT_Round5_2024.pdf
NSUT,2024,R5,Round5,Delhi,GI**,EWS,Gender-Neutral,173994,NSUT_Round5_2024.pdf
NSUT,2024,R5,Round5,Delhi,GI**,OBC,Gender-Neutral,570334,NSUT_Round5_2024.pdf
NSUT,2024,R5,Round5,Delhi,GI**,SC,Gender-Neutral,1064756,NSUT_Round5_2024.pdf
NSUT,2024,R5,Round5,Delhi,GI**,General,Girl,116027,NSUT_Round5_2024.pdf
NSUT,2024,R5,Round5,Delhi,GI**,EWS,Girl,242518,NSUT_Round5_2024.pdf
NSUT,2024,R5,Round5,Delhi,GI**,OBC,Girl,621009,NSUT_Round5_2024.pdf
NSUT,2024,R5,Round5,Delhi,GI**,General,Defense-CW,195338,NSUT_Round5_2024.pdf
NSUT,2024,R5,Round5,Delhi,B.Arch.**,General,Gender-Neutral,6219,NSUT_Round5_2024.pdf
NSUT,2024,R5,Round5,Delhi,B.Arch.**,EWS,Gender-Neutral,21924,NSUT_Round5_2024.pdf
NSUT,2024,R5,Round5,Delhi,B.Arch.**,OBC,Gender-Neutral,37937,NSUT_Round5_2024.pdf
NSUT,2024,R5,Round5,Delhi,B.Arch.**,SC,Gender-Neutral,61765,NSUT_Round5_2024.pdf
NSUT,2024,R5,Round5,Delhi,B.Arch.**,General,Defense-CW,34909,NSUT_Round5_2024.pdf
NSUT,2024,R5,Round5,Outside-Delhi,Branch CSAI,General,Gender-Neutral,7417,NSUT_Round5_2024.pdf
NSUT,2024,R5,Round5,Outside-Delhi,Branch CSAI,EWS,Gender-Neutral,10522,NSUT_Round5_2024.pdf
NSUT,2024,R5,Round5,Outside-Delhi,Branch CSAI,OBC,Gender-Neutral,16445,NSUT_Round5_2024.pdf
NSUT,2024,R5,Round5,Outside-Delhi,Branch CSAI,SC,Gender-Neutral,59869,NSUT_Round5_2024.pdf
NSUT,2024,R5,Round5,Outside-Delhi,Branch CSAI,ST,Gender-Neutral,92299,NSUT_Round5_2024.pdf
NSUT,2024,R5,Round5,Outside-Delhi,Branch CSAI,General,Girl,12369,NSUT_Round5_2024.pdf
NSUT,2024,R5,Round5,Outside-Delhi,Branch CSAI,EWS,Girl,17491,NSUT_Round5_2024.pdf
NSUT,2024,R5,Round5,Outside-Delhi,Branch CSAI,OBC,Girl,27060,NSUT_Round5_2024.pdf
NSUT,2024,R5,Round5,Outside-Delhi,Branch CSAI,General,Defense-CW,750303,NSUT_Round5_2024.pdf
NSUT,2024,R5,Round5,Outside-Delhi,CSE,General,Gender-Neutral,8168,NSUT_Round5_2024.pdf
NSUT,2024,R5,Round5,Outside-Delhi,CSE,EWS,Gender-Neutral,9983,NSUT_Round5_2024.pdf
NSUT,2024,R5,Round5,Outside-Delhi,CSE,OBC,Gender-Neutral,17193,NSUT_Round5_2024.pdf
NSUT,2024,R5,Round5,Outside-Delhi,CSE,SC,Gender-Neutral,65585,NSUT_Round5_2024.pdf
NSUT,2024,R5,Round5,Outside-Delhi,CSE,ST,Gender-Neutral,54467,NSUT_Round5_2024.pdf
NSUT,2024,R5,Round5,Outside-Delhi,CSE,General,Girl,11265,NSUT_Round5_2024.pdf
NSUT,2024,R5,Round5,Outside-Delhi,CSE,OBC,Girl,28474,NSUT_Round5_2024.pdf
NSUT,2024,R5,Round5,Outside-Delhi,CSE,SC,Girl,97048,NSUT_Round5_2024.pdf
NSUT,2024,R5,Round5,Outside-Delhi,CSE,General,Defense-CW,63023,NSUT_Round5_2024.pdf
NSUT,2024,R5,Round5,Outside-Delhi,CSE,EWS,Defense-CW,80070,NSUT_Round5_2024.pdf
NSUT,2024,R5,Round5,Outside-Delhi,CSE,General,PwD,49910,NSUT_Round5_2024.pdf
NSUT,2024,R5,Round5,Outside-Delhi,CSE,OBC,PwD,290556,NSUT_Round5_2024.pdf
NSUT,2024,R5,Round5,Outside-Delhi,CSE,SC,PwD,259791,NSUT_Round5_2024.pdf
NSUT,2024,R5,Round5,Outside-Delhi,CSDS,General,Gender-Neutral,8757,NSUT_Round5_2024.pdf
NSUT,2024,R5,Round5,Outside-Delhi,CSDS,EWS,Gender-Neutral,12350,NSUT_Round5_2024.pdf
NSUT,2024,R5,Round5,Outside-Delhi,CSDS,OBC,Gender-Neutral,18717,NSUT_Round5_2024.pdf
NSUT,2024,R5,Round5,Outside-Delhi,CSDS,SC,Gender-Neutral,75070,NSUT_Round5_2024.pdf
NSUT,2024,R5,Round5,Outside-Delhi,CSDS,ST,Gender-Neutral,101936,NSUT_Round5_2024.pdf
NSUT,2024,R5,Round5,Outside-Delhi,CSDS,EWS,Girl,22348,NSUT_Round5_2024.pdf
NSUT,2024,R5,Round5,Outside-Delhi,CSDS,SC,Girl,97401,NSUT_Round5_2024.pdf
NSUT,2024,R5,Round5,Outside-Delhi,IT,General,Gender-Neutral,9422,NSUT_Round5_2024.pdf
NSUT,2024,R5,Round5,Outside-Delhi,IT,EWS,Gender-Neutral,12820,NSUT_Round5_2024.pdf
NSUT,2024,R5,Round5,Outside-Delhi,IT,OBC,Gender-Neutral,20551,NSUT_Round5_2024.pdf
NSUT,2024,R5,Round5,Outside-Delhi,IT,SC,Gender-Neutral,90292,NSUT_Round5_2024.pdf
NSUT,2024,R5,Round5,Outside-Delhi,IT,ST,Gender-Neutral,120795,NSUT_Round5_2024.pdf
NSUT,2024,R5,Round5,Outside-Delhi,IT,General,Girl,14623,NSUT_Round5_2024.pdf
NSUT,2024,R5,Round5,Outside-Delhi,IT,OBC,Girl,32335,NSUT_Round5_2024.pdf
NSUT,2024,R5,Round5,Outside-Delhi,IT,SC,Girl,138500,NSUT_Round5_2024.pdf
NSUT,2024,R5,Round5,Outside-Delhi,IT,OBC,Defense-CW,241843,NSUT_Round5_2024.pdf
NSUT,2024,R5,Round5,Outside-Delhi,IT,General,PwD,92882,NSUT_Round5_2024.pdf
NSUT,2024,R5,Round5,Outside-Delhi,ITNS,General,Gender-Neutral,10632,NSUT_Round5_2024.pdf
NSUT,2024,R5,Round5,Outside-Delhi,ITNS,EWS,Gender-Neutral,12846,NSUT_Round5_2024.pdf
NSUT,2024,R5,Round5,Outside-Delhi,ITNS,OBC,Gender-Neutral,23144,NSUT_Round5_2024.pdf
NSUT,2024,R5,Round5,Outside-Delhi,ITNS,SC,Gender-Neutral,98810,NSUT_Round5_2024.pdf
NSUT,2024,R5,Round5,Outside-Delhi,ITNS,ST,Gender-Neutral,132971,NSUT_Round5_2024.pdf
NSUT,2024,R5,Round5,Outside-Delhi,ITNS,General,Girl,15112,NSUT_Round5_2024.pdf
NSUT,2024,R5,Round5,Outside-Delhi,ITNS,ST,Girl,258750,NSUT_Round5_2024.pdf
NSUT,2024,R5,Round5,Outside-Delhi,MAC,General,Gender-Neutral,10680,NSUT_Round5_2024.pdf
NSUT,2024,R5,Round5,Outside-Delhi,MAC,EWS,Gender-Neutral,13947,NSUT_Round5_2024.pdf
NSUT,2024,R5,Round5,Outside-Delhi,MAC,OBC,Gender-Neutral,24652,NSUT_Round5_2024.pdf
NSUT,2024,R5,Round5,Outside-Delhi,MAC,SC,Gender-Neutral,106590,NSUT_Round5_2024.pdf
NSUT,2024,R5,Round5,Outside-Delhi,MAC,ST,Gender-Neutral,136201,NSUT_Round5_2024.pdf
NSUT,2024,R5,Round5,Outside-Delhi,MAC,General,Girl,17031,NSUT_Round5_2024.pdf
NSUT,2024,R5,Round5,Outside-Delhi,MAC,OBC,Girl,33167,NSUT_Round5_2024.pdf
NSUT,2024,R5,Round5,Outside-Delhi,ECE,General,Gender-Neutral,12368,NSUT_Round5_2024.pdf
NSUT,2024,R5,Round5,Outside-Delhi,ECE,EWS,Gender-Neutral,15727,NSUT_Round5_2024.pdf
NSUT,2024,R5,Round5,Outside-Delhi,ECE,OBC,Gender-Neutral,28427,NSUT_Round5_2024.pdf
NSUT,2024,R5,Round5,Outside-Delhi,ECE,SC,Gender-Neutral,115393,NSUT_Round5_2024.pdf
NSUT,2024,R5,Round5,Outside-Delhi,ECE,ST,Gender-Neutral,193912,NSUT_Round5_2024.pdf
NSUT,2024,R5,Round5,Outside-Delhi,ECE,General,Girl,19534,NSUT_Round5_2024.pdf
NSUT,2024,R5,Round5,Outside-Delhi,ECE,EWS,Girl,33527,NSUT_Round5_2024.pdf
NSUT,2024,R5,Round5,Outside-Delhi,ECE,OBC,Girl,35842,NSUT_Round5_2024.pdf
NSUT,2024,R5,Round5,Outside-Delhi,ECE,SC,Girl,135073,NSUT_Round5_2024.pdf
NSUT,2024,R5,Round5,Outside-Delhi,ECE,ST,Girl,285306,NSUT_Round5_2024.pdf
NSUT,2024,R5,Round5,Outside-Delhi,ECE,General,PwD,197118,NSUT_Round5_2024.pdf
NSUT,2024,R5,Round5,Outside-Delhi,ECE,EWS,PwD,433231,NSUT_Round5_2024.pdf
NSUT,2024,R5,Round5,Outside-Delhi,ECE,OBC,PwD,209427,NSUT_Round5_2024.pdf
NSUT,2024,R5,Round5,Outside-Delhi,EVDT,General,Gender-Neutral,12959,NSUT_Round5_2024.pdf
NSUT,2024,R5,Round5,Outside-Delhi,EVDT,EWS,Gender-Neutral,16175,NSUT_Round5_2024.pdf
NSUT,2024,R5,Round5,Outside-Delhi,EVDT,OBC,Gender-Neutral,30206,NSUT_Round5_2024.pdf
NSUT,2024,R5,Round5,Outside-Delhi,EVDT,SC,Gender-Neutral,121494,NSUT_Round5_2024.pdf
NSUT,2024,R5,Round5,Outside-Delhi,EVDT,ST,Gender-Neutral,222532,NSUT_Round5_2024.pdf
NSUT,2024,R5,Round5,Outside-Delhi,EVDT,General,Girl,18827,NSUT_Round5_2024.pdf
NSUT,2024,R5,Round5,Outside-Delhi,EVDT,OBC,Girl,37553,NSUT_Round5_2024.pdf
NSUT,2024,R5,Round5,Outside-Delhi,EE,General,Gender-Neutral,16229,NSUT_Round5_2024.pdf
NSUT,2024,R5,Round5,Outside-Delhi,EE,EWS,Gender-Neutral,19354,NSUT_Round5_2024.pdf
NSUT,2024,R5,Round5,Outside-Delhi,EE,OBC,Gender-Neutral,34836,NSUT_Round5_2024.pdf
NSUT,2024,R5,Round5,Outside-Delhi,EE,SC,Gender-Neutral,130342,NSUT_Round5_2024.pdf
NSUT,2024,R5,Round5,Outside-Delhi,EE,ST,Gender-Neutral,287287,NSUT_Round5_2024.pdf
NSUT,2024,R5,Round5,Outside-Delhi,EE,General,Girl,25855,NSUT_Round5_2024.pdf
NSUT,2024,R5,Round5,Outside-Delhi,EE,OBC,Girl,37437,NSUT_Round5_2024.pdf
NSUT,2024,R5,Round5,Outside-Delhi,EE,ST,Girl,404216,NSUT_Round5_2024.pdf
NSUT,2024,R5,Round5,Outside-Delhi,EE,General,Defense-CW,112859,NSUT_Round5_2024.pdf
NSUT,2024,R5,Round5,Outside-Delhi,EE,OBC,Defense-CW,145019,NSUT_Round5_2024.pdf
NSUT,2024,R5,Round5,Outside-Delhi,ICE,General,Gender-Neutral,18602,NSUT_Round5_2024.pdf
NSUT,2024,R5,Round5,Outside-Delhi,ICE,EWS,Gender-Neutral,19970,NSUT_Round5_2024.pdf
NSUT,2024,R5,Round5,Outside-Delhi,ICE,OBC,Gender-Neutral,47638,NSUT_Round5_2024.pdf
NSUT,2024,R5,Round5,Outside-Delhi,ICE,SC,Gender-Neutral,179684,NSUT_Round5_2024.pdf
NSUT,2024,R5,Round5,Outside-Delhi,ICE,ST,Gender-Neutral,383479,NSUT_Round5_2024.pdf
NSUT,2024,R5,Round5,Outside-Delhi,ICE,General,Girl,35891,NSUT_Round5_2024.pdf
NSUT,2024,R5,Round5,Outside-Delhi,ICE,OBC,Girl,58424,NSUT_Round5_2024.pdf
NSUT,2024,R5,Round5,Outside-Delhi,ICE,SC,Girl,206724,NSUT_Round5_2024.pdf
NSUT,2024,R5,Round5,Outside-Delhi,ICE,General,Defense-CW,230851,NSUT_Round5_2024.pdf
NSUT,2024,R5,Round5,Outside-Delhi,ICE,ST,Defense-CW,559733,NSUT_Round5_2024.pdf
NSUT,2024,R5,Round5,Outside-Delhi,ICE,General,PwD,246070,NSUT_Round5_2024.pdf
NSUT,2024,R5,Round5,Outside-Delhi,ICE,OBC,PwD,521592,NSUT_Round5_2024.pdf
NSUT,2024,R5,Round5,Outside-Delhi,ME,General,Gender-Neutral,22083,NSUT_Round5_2024.pdf
NSUT,2024,R5,Round5,Outside-Delhi,ME,EWS,Gender-Neutral,26025,NSUT_Round5_2024.pdf
NSUT,2024,R5,Round5,Outside-Delhi,ME,OBC,Gender-Neutral,48389,NSUT_Round5_2024.pdf
NSUT,2024,R5,Round5,Outside-Delhi,ME,SC,Gender-Neutral,180632,NSUT_Round5_2024.pdf
NSUT,2024,R5,Round5,Outside-Delhi,ME,ST,Gender-Neutral,372164,NSUT_Round5_2024.pdf
NSUT,2024,R5,Round5,Outside-Delhi,ME,General,Girl,36192,NSUT_Round5_2024.pdf
NSUT,2024,R5,Round5,Outside-Delhi,ME,EWS,Girl,43629,NSUT_Round5_2024.pdf
NSUT,2024,R5,Round5,Outside-Delhi,ME,OBC,Girl,59568,NSUT_Round5_2024.pdf
NSUT,2024,R5,Round5,Outside-Delhi,ME,SC,Girl,208028,NSUT_Round5_2024.pdf
NSUT,2024,R5,Round5,Outside-Delhi,ME,SC,Defense-CW,284488,NSUT_Round5_2024.pdf
NSUT,2024,R5,Round5,Outside-Delhi,ME,General,PwD,412737,NSUT_Round5_2024.pdf
NSUT,2024,R5,Round5,Outside-Delhi,BT,General,Gender-Neutral,29585,NSUT_Round5_2024.pdf
NSUT,2024,R5,Round5,Outside-Delhi,BT,EWS,Gender-Neutral,39335,NSUT_Round5_2024.pdf
NSUT,2024,R5,Round5,Outside-Delhi,BT,OBC,Gender-Neutral,55940,NSUT_Round5_2024.pdf
NSUT,2024,R5,Round5,Outside-Delhi,BT,SC,Gender-Neutral,194807,NSUT_Round5_2024.pdf
NSUT,2024,R5,Round5,Outside-Delhi,BT,ST,Gender-Neutral,384046,NSUT_Round5_2024.pdf
NSUT,2024,R5,Round5,Outside-Delhi,BT,General,Girl,37635,NSUT_Round5_2024.pdf
NSUT,2024,R5,Round5,Outside-Delhi,BT,OBC,Girl,61767,NSUT_Round5_2024.pdf
NSUT,2024,R5,Round5,Outside-Delhi,BT,SC,Defense-CW,240557,NSUT_Round5_2024.pdf
NSUT,2024,R5,Round5,Outside-Delhi,CSDA*,General,Gender-Neutral,11227,NSUT_Round5_2024.pdf
NSUT,2024,R5,Round5,Outside-Delhi,CSDA*,EWS,Gender-Neutral,15002,NSUT_Round5_2024.pdf
NSUT,2024,R5,Round5,Outside-Delhi,CSDA*,OBC,Gender-Neutral,24079,NSUT_Round5_2024.pdf
NSUT,2024,R5,Round5,Outside-Delhi,CSDA*,SC,Gender-Neutral,114392,NSUT_Round5_2024.pdf
NSUT,2024,R5,Round5,Outside-Delhi,CSDA*,ST,Gender-Neutral,322282,NSUT_Round5_2024.pdf
NSUT,2024,R5,Round5,Outside-Delhi,CSDA*,OBC,Girl,38248,NSUT_Round5_2024.pdf
NSUT,2024,R5,Round5,Outside-Delhi,CSDA*,SC,Girl,160055,NSUT_Round5_2024.pdf
NSUT,2024,R5,Round5,Outside-Delhi,CSDA*,General,PwD,115477,NSUT_Round5_2024.pdf
NSUT,2024,R5,Round5,Outside-Delhi,CIOT*,General,Gender-Neutral,12659,NSUT_Round5_2024.pdf
NSUT,2024,R5,Round5,Outside-Delhi,CIOT*,EWS,Gender-Neutral,16993,NSUT_Round5_2024.pdf
NSUT,2024,R5,Round5,Outside-Delhi,CIOT*,OBC,Gender-Neutral,30278,NSUT_Round5_2024.pdf
NSUT,2024,R5,Round5,Outside-Delhi,CIOT*,SC,Gender-Neutral,112680,NSUT_Round5_2024.pdf
NSUT,2024,R5,Round5,Outside-Delhi,CIOT*,ST,Gender-Neutral,339085,NSUT_Round5_2024.pdf
NSUT,2024,R5,Round5,Outside-Delhi,CIOT*,General,Girl,20758,NSUT_Round5_2024.pdf
NSUT,2024,R5,Round5,Outside-Delhi,CIOT*,OBC,Girl,45361,NSUT_Round5_2024.pdf
NSUT,2024,R5,Round5,Outside-Delhi,ECAM*,General,Gender-Neutral,13497,NSUT_Round5_2024.pdf
NSUT,2024,R5,Round5,Outside-Delhi,ECAM*,EWS,Gender-Neutral,17679,NSUT_Round5_2024.pdf
NSUT,2024,R5,Round5,Outside-Delhi,ECAM*,OBC,Gender-Neutral,31758,NSUT_Round5_2024.pdf
NSUT,2024,R5,Round5,Outside-Delhi,ECAM*,SC,Gender-Neutral,123462,NSUT_Round5_2024.pdf
NSUT,2024,R5,Round5,Outside-Delhi,ECAM*,ST,Gender-Neutral,358129,NSUT_Round5_2024.pdf
NSUT,2024,R5,Round5,Outside-Delhi,ECAM*,General,Girl,23575,NSUT_Round5_2024.pdf
NSUT,2024,R5,Round5,Outside-Delhi,ECAM*,EWS,Girl,43342,NSUT_Round5_2024.pdf
NSUT,2024,R5,Round5,Outside-Delhi,ECAM*,OBC,Girl,53660,NSUT_Round5_2024.pdf
NSUT,2024,R5,Round5,Outside-Delhi,ECAM*,ST,Girl,403138,NSUT_Round5_2024.pdf
NSUT,2024,R5,Round5,Outside-Delhi,ECAM*,General,Defense-CW,56013,NSUT_Round5_2024.pdf
NSUT,2024,R5,Round5,Outside-Delhi,ECAM*,EWS,Defense-CW,37143,NSUT_Round5_2024.pdf
NSUT,2024,R5,Round5,Outside-Delhi,ECAM*,OBC,PwD,630962,NSUT_Round5_2024.pdf
NSUT,2024,R5,Round5,Outside-Delhi,ECAM*,SC,PwD,861393,NSUT_Round5_2024.pdf
NSUT,2024,R5,Round5,Outside-Delhi,MEEV**,General,Gender-Neutral,25061,NSUT_Round5_2024.pdf
NSUT,2024,R5,Round5,Outside-Delhi,MEEV**,EWS,Gender-Neutral,34499,NSUT_Round5_2024.pdf
NSUT,2024,R5,Round5,Outside-Delhi,MEEV**,OBC,Gender-Neutral,50318,NSUT_Round5_2024.pdf
NSUT,2024,R5,Round5,Outside-Delhi,MEEV**,SC,Gender-Neutral,185194,NSUT_Round5_2024.pdf
NSUT,2024,R5,Round5,Outside-Delhi,MEEV**,ST,Gender-Neutral,372147,NSUT_Round5_2024.pdf
NSUT,2024,R5,Round5,Outside-Delhi,MEEV**,General,Girl,39574,NSUT_Round5_2024.pdf
NSUT,2024,R5,Round5,Outside-Delhi,MEEV**,OBC,Girl,60641,NSUT_Round5_2024.pdf
NSUT,2024,R5,Round5,Outside-Delhi,CE**,General,Gender-Neutral,30115,NSUT_Round5_2024.pdf
NSUT,2024,R5,Round5,Outside-Delhi,CE**,EWS,Gender-Neutral,40251,NSUT_Round5_2024.pdf
NSUT,2024,R5,Round5,Outside-Delhi,CE**,OBC,Gender-Neutral,56502,NSUT_Round5_2024.pdf
NSUT,2024,R5,Round5,Outside-Delhi,CE**,SC,Gender-Neutral,201942,NSUT_Round5_2024.pdf
NSUT,2024,R5,Round5,Outside-Delhi,CE**,General,Girl,42085,NSUT_Round5_2024.pdf
NSUT,2024,R5,Round5,Outside-Delhi,CE**,EWS,Girl,53241,NSUT_Round5_2024.pdf
NSUT,2024,R5,Round5,Outside-Delhi,CE**,OBC,Defense-CW,409568,NSUT_Round5_2024.pdf
NSUT,2024,R5,Round5,Outside-Delhi,GI**,General,Gender-Neutral,31389,NSUT_Round5_2024.pdf
NSUT,2024,R5,Round5,Outside-Delhi,GI**,OBC,Gender-Neutral,57665,NSUT_Round5_2024.pdf
NSUT,2024,R5,Round5,Outside-Delhi,GI**,SC,Gender-Neutral,193937,NSUT_Round5_2024.pdf
NSUT,2024,R5,Round5,Outside-Delhi,GI**,ST,Gender-Neutral,409628,NSUT_Round5_2024.pdf
NSUT,2024,R5,Round5,Outside-Delhi,GI**,General,Girl,40724,NSUT_Round5_2024.pdf
NSUT,2024,R5,Round5,Outside-Delhi,B.Arch.**,General,Gender-Neutral,1449,NSUT_Round5_2024.pdf
NSUT,2024,R5,Round5,Outside-Delhi,B.Arch.**,EWS,Gender-Neutral,5628,NSUT_Round5_2024.pdf
NSUT,2024,R5,Round5,Outside-Delhi,B.Arch.**,OBC,Gender-Neutral,3059,NSUT_Round5_2024.pdf
NSUT,2024,R5,Round5,Outside-Delhi,B.Arch.**,SC,Gender-Neutral,4739,NSUT_Round5_2024.pdf
NSUT,2025,R5,Round5,Delhi,Branch CSAI,General,Gender-Neutral,7946,NSUT_Round5_2025.pdf
NSUT,2025,R5,Round5,Delhi,Branch CSAI,General,Girl,14127,NSUT_Round5_2025.pdf
NSUT,2025,R5,Round5,Delhi,Branch CSAI,EWS,Gender-Neutral,18161,NSUT_Round5_2025.pdf
NSUT,2025,R5,Round5,Delhi,Branch CSAI,EWS,Girl,51563,NSUT_Round5_2025.pdf
NSUT,2025,R5,Round5,Delhi,Branch CSAI,OBC,Gender-Neutral,35812,NSUT_Round5_2025.pdf
NSUT,2025,R5,Round5,Delhi,Branch CSAI,OBC,Girl,79382,NSUT_Round5_2025.pdf
NSUT,2025,R5,Round5,Delhi,Branch CSAI,SC,Gender-Neutral,107246,NSUT_Round5_2025.pdf
NSUT,2025,R5,Round5,Delhi,Branch CSAI,SC,Girl,145136,NSUT_Round5_2025.pdf
NSUT,2025,R5,Round5,Delhi,Branch CSAI,ST,Gender-Neutral,180658,NSUT_Round5_2025.pdf
NSUT,2025,R5,Round5,Delhi,Branch CSAI,ST,Girl,335926,NSUT_Round5_2025.pdf
NSUT,2025,R5,Round5,Delhi,Branch CSAI,General,Defense-CW,398179,NSUT_Round5_2025.pdf
NSUT,2025,R5,Round5,Delhi,Branch CSAI,OBC,Defense-CW,83144,NSUT_Round5_2025.pdf
NSUT,2025,R5,Round5,Delhi,Branch CSAI,SC,Defense-CW,229299,NSUT_Round5_2025.pdf
NSUT,2025,R5,Round5,Delhi,Branch CSAI,ST,Defense-CW,457248,NSUT_Round5_2025.pdf
NSUT,2025,R5,Round5,Delhi,Branch CSAI,General,PwD,146747,NSUT_Round5_2025.pdf
NSUT,2025,R5,Round5,Delhi,Branch CSAI,EWS,PwD,298614,NSUT_Round5_2025.pdf
NSUT,2025,R5,Round5,Delhi,Branch CSAI,OBC,PwD,449212,NSUT_Round5_2025.pdf
NSUT,2025,R5,Round5,Delhi,Branch CSAI,SC,PwD,1410918,NSUT_Round5_2025.pdf
NSUT,2025,R5,Round5,Delhi,CSE,General,Gender-Neutral,10907,NSUT_Round5_2025.pdf
NSUT,2025,R5,Round5,Delhi,CSE,General,Girl,18652,NSUT_Round5_2025.pdf
NSUT,2025,R5,Round5,Delhi,CSE,EWS,Gender-Neutral,29658,NSUT_Round5_2025.pdf
NSUT,2025,R5,Round5,Delhi,CSE,EWS,Girl,46550,NSUT_Round5_2025.pdf
NSUT,2025,R5,Round5,Delhi,CSE,OBC,Gender-Neutral,48539,NSUT_Round5_2025.pdf
NSUT,2025,R5,Round5,Delhi,CSE,OBC,Girl,84454,NSUT_Round5_2025.pdf
NSUT,2025,R5,Round5,Delhi,CSE,SC,Gender-Neutral,117715,NSUT_Round5_2025.pdf
NSUT,2025,R5,Round5,Delhi,CSE,SC,Girl,145305,NSUT_Round5_2025.pdf
NSUT,2025,R5,Round5,Delhi,CSE,ST,Gender-Neutral,343647,NSUT_Round5_2025.pdf
NSUT,2025,R5,Round5,Delhi,CSE,ST,Girl,569974,NSUT_Round5_2025.pdf
NSUT,2025,R5,Round5,Delhi,CSE,General,Defense-CW,640484,NSUT_Round5_2025.pdf
NSUT,2025,R5,Round5,Delhi,CSE,EWS,Defense-CW,61577,NSUT_Round5_2025.pdf
NSUT,2025,R5,Round5,Delhi,CSE,OBC,Defense-CW,87660,NSUT_Round5_2025.pdf
NSUT,2025,R5,Round5,Delhi,CSE,SC,Defense-CW,210630,NSUT_Round5_2025.pdf
NSUT,2025,R5,Round5,Delhi,CSE,General,PwD,155404,NSUT_Round5_2025.pdf
NSUT,2025,R5,Round5,Delhi,CSE,EWS,PwD,195752,NSUT_Round5_2025.pdf
NSUT,2025,R5,Round5,Delhi,CSE,OBC,PwD,322633,NSUT_Round5_2025.pdf
NSUT,2025,R5,Round5,Delhi,CSE,ST,PwD,410087,NSUT_Round5_2025.pdf
NSUT,2025,R5,Round5,Delhi,CSE,ST,PwD,476338,NSUT_Round5_2025.pdf
NSUT,2025,R5,Round5,Delhi,CSDS,General,Gender-Neutral,12614,NSUT_Round5_2025.pdf
NSUT,2025,R5,Round5,Delhi,CSDS,General,Girl,20125,NSUT_Round5_2025.pdf
NSUT,2025,R5,Round5,Delhi,CSDS,EWS,Gender-Neutral,31843,NSUT_Round5_2025.pdf
NSUT,2025,R5,Round5,Delhi,CSDS,EWS,Girl,58486,NSUT_Round5_2025.pdf
NSUT,2025,R5,Round5,Delhi,CSDS,OBC,Gender-Neutral,55225,NSUT_Round5_2025.pdf
NSUT,2025,R5,Round5,Delhi,CSDS,OBC,Girl,84549,NSUT_Round5_2025.pdf
NSUT,2025,R5,Round5,Delhi,CSDS,SC,Gender-Neutral,128099,NSUT_Round5_2025.pdf
NSUT,2025,R5,Round5,Delhi,CSDS,SC,Girl,148245,NSUT_Round5_2025.pdf
NSUT,2025,R5,Round5,Delhi,CSDS,ST,Gender-Neutral,385222,NSUT_Round5_2025.pdf
NSUT,2025,R5,Round5,Delhi,CSDS,General,Defense-CW,90762,NSUT_Round5_2025.pdf
NSUT,2025,R5,Round5,Delhi,CSDS,OBC,Defense-CW,89301,NSUT_Round5_2025.pdf
NSUT,2025,R5,Round5,Delhi,CSDS,General,PwD,166041,NSUT_Round5_2025.pdf
NSUT,2025,R5,Round5,Delhi,CSDS,OBC,PwD,454326,NSUT_Round5_2025.pdf
NSUT,2025,R5,Round5,Delhi,IT,General,Gender-Neutral,16301,NSUT_Round5_2025.pdf
NSUT,2025,R5,Round5,Delhi,IT,General,Girl,22065,NSUT_Round5_2025.pdf
NSUT,2025,R5,Round5,Delhi,IT,EWS,Gender-Neutral,44570,NSUT_Round5_2025.pdf
NSUT,2025,R5,Round5,Delhi,IT,EWS,Girl,59499,NSUT_Round5_2025.pdf
NSUT,2025,R5,Round5,Delhi,IT,OBC,Gender-Neutral,72460,NSUT_Round5_2025.pdf
NSUT,2025,R5,Round5,Delhi,IT,OBC,Girl,97154,NSUT_Round5_2025.pdf
NSUT,2025,R5,Round5,Delhi,IT,SC,Gender-Neutral,172341,NSUT_Round5_2025.pdf
NSUT,2025,R5,Round5,Delhi,IT,SC,Girl,206831,NSUT_Round5_2025.pdf
NSUT,2025,R5,Round5,Delhi,IT,ST,Gender-Neutral,616283,NSUT_Round5_2025.pdf
NSUT,2025,R5,Round5,Delhi,IT,ST,Girl,680357,NSUT_Round5_2025.pdf
NSUT,2025,R5,Round5,Delhi,IT,General,Defense-CW,445902,NSUT_Round5_2025.pdf
NSUT,2025,R5,Round5,Delhi,IT,EWS,Defense-CW,127854,NSUT_Round5_2025.pdf
NSUT,2025,R5,Round5,Delhi,IT,OBC,Defense-CW,139393,NSUT_Round5_2025.pdf
NSUT,2025,R5,Round5,Delhi,IT,General,PwD,209008,NSUT_Round5_2025.pdf
NSUT,2025,R5,Round5,Delhi,ITNS,General,Gender-Neutral,19226,NSUT_Round5_2025.pdf
NSUT,2025,R5,Round5,Delhi,ITNS,General,Girl,24421,NSUT_Round5_2025.pdf
NSUT,2025,R5,Round5,Delhi,ITNS,EWS,Gender-Neutral,48377,NSUT_Round5_2025.pdf
NSUT,2025,R5,Round5,Delhi,ITNS,EWS,Girl,77017,NSUT_Round5_2025.pdf
NSUT,2025,R5,Round5,Delhi,ITNS,OBC,Gender-Neutral,86115,NSUT_Round5_2025.pdf
NSUT,2025,R5,Round5,Delhi,ITNS,OBC,Girl,115607,NSUT_Round5_2025.pdf
NSUT,2025,R5,Round5,Delhi,ITNS,SC,Gender-Neutral,187812,NSUT_Round5_2025.pdf
NSUT,2025,R5,Round5,Delhi,ITNS,SC,Girl,274065,NSUT_Round5_2025.pdf
NSUT,2025,R5,Round5,Delhi,ITNS,ST,Gender-Neutral,713674,NSUT_Round5_2025.pdf
NSUT,2025,R5,Round5,Delhi,ITNS,General,Defense-CW,92363,NSUT_Round5_2025.pdf
NSUT,2025,R5,Round5,Delhi,ITNS,SC,Defense-CW,712098,NSUT_Round5_2025.pdf
NSUT,2025,R5,Round5,Delhi,ITNS,General,PwD,191803,NSUT_Round5_2025.pdf
NSUT,2025,R5,Round5,Delhi,MAC,General,Gender-Neutral,20967,NSUT_Round5_2025.pdf
NSUT,2025,R5,Round5,Delhi,MAC,General,Girl,25534,NSUT_Round5_2025.pdf
NSUT,2025,R5,Round5,Delhi,MAC,EWS,Gender-Neutral,50842,NSUT_Round5_2025.pdf
NSUT,2025,R5,Round5,Delhi,MAC,EWS,Girl,92043,NSUT_Round5_2025.pdf
NSUT,2025,R5,Round5,Delhi,MAC,OBC,Gender-Neutral,98154,NSUT_Round5_2025.pdf
NSUT,2025,R5,Round5,Delhi,MAC,OBC,Girl,135201,NSUT_Round5_2025.pdf
NSUT,2025,R5,Round5,Delhi,MAC,SC,Gender-Neutral,205362,NSUT_Round5_2025.pdf
NSUT,2025,R5,Round5,Delhi,MAC,SC,Girl,226125,NSUT_Round5_2025.pdf
NSUT,2025,R5,Round5,Delhi,MAC,ST,Gender-Neutral,947189,NSUT_Round5_2025.pdf
NSUT,2025,R5,Round5,Delhi,MAC,General,Defense-CW,31778,NSUT_Round5_2025.pdf
NSUT,2025,R5,Round5,Delhi,MAC,General,PwD,353540,NSUT_Round5_2025.pdf
NSUT,2025,R5,Round5,Delhi,ECE,General,Gender-Neutral,25052,NSUT_Round5_2025.pdf
NSUT,2025,R5,Round5,Delhi,ECE,General,Girl,32842,NSUT_Round5_2025.pdf
NSUT,2025,R5,Round5,Delhi,ECE,EWS,Gender-Neutral,61377,NSUT_Round5_2025.pdf
NSUT,2025,R5,Round5,Delhi,ECE,EWS,Girl,103745,NSUT_Round5_2025.pdf
NSUT,2025,R5,Round5,Delhi,ECE,OBC,Gender-Neutral,115535,NSUT_Round5_2025.pdf
NSUT,2025,R5,Round5,Delhi,ECE,OBC,Girl,174856,NSUT_Round5_2025.pdf
NSUT,2025,R5,Round5,Delhi,ECE,SC,Gender-Neutral,235553,NSUT_Round5_2025.pdf
NSUT,2025,R5,Round5,Delhi,ECE,SC,Girl,386469,NSUT_Round5_2025.pdf
NSUT,2025,R5,Round5,Delhi,ECE,ST,Gender-Neutral,1100168,NSUT_Round5_2025.pdf
NSUT,2025,R5,Round5,Delhi,ECE,General,Defense-CW,47716,NSUT_Round5_2025.pdf
NSUT,2025,R5,Round5,Delhi,ECE,EWS,Defense-CW,159072,NSUT_Round5_2025.pdf
NSUT,2025,R5,Round5,Delhi,ECE,OBC,Defense-CW,237741,NSUT_Round5_2025.pdf
NSUT,2025,R5,Round5,Delhi,ECE,General,PwD,495463,NSUT_Round5_2025.pdf
NSUT,2025,R5,Round5,Delhi,EVDT,General,Gender-Neutral,26229,NSUT_Round5_2025.pdf
NSUT,2025,R5,Round5,Delhi,EVDT,General,Girl,38500,NSUT_Round5_2025.pdf
NSUT,2025,R5,Round5,Delhi,EVDT,EWS,Gender-Neutral,67665,NSUT_Round5_2025.pdf
NSUT,2025,R5,Round5,Delhi,EVDT,EWS,Girl,94776,NSUT_Round5_2025.pdf
NSUT,2025,R5,Round5,Delhi,EVDT,OBC,Gender-Neutral,128434,NSUT_Round5_2025.pdf
NSUT,2025,R5,Round5,Delhi,EVDT,OBC,Girl,190216,NSUT_Round5_2025.pdf
NSUT,2025,R5,Round5,Delhi,EVDT,SC,Gender-Neutral,263501,NSUT_Round5_2025.pdf
NSUT,2025,R5,Round5,Delhi,EVDT,SC,Girl,473670,NSUT_Round5_2025.pdf
NSUT,2025,R5,Round5,Delhi,EVDT,ST,Gender-Neutral,1258832,NSUT_Round5_2025.pdf
NSUT,2025,R5,Round5,Delhi,EVDT,General,Defense-CW,686998,NSUT_Round5_2025.pdf
NSUT,2025,R5,Round5,Delhi,EVDT,OBC,Defense-CW,246224,NSUT_Round5_2025.pdf
NSUT,2025,R5,Round5,Delhi,EVDT,General,PwD,511854,NSUT_Round5_2025.pdf
NSUT,2025,R5,Round5,Delhi,EE,General,Gender-Neutral,34252,NSUT_Round5_2025.pdf
NSUT,2025,R5,Round5,Delhi,EE,General,Girl,57483,NSUT_Round5_2025.pdf
NSUT,2025,R5,Round5,Delhi,EE,EWS,Gender-Neutral,84176,NSUT_Round5_2025.pdf
NSUT,2025,R5,Round5,Delhi,EE,EWS,Girl,162850,NSUT_Round5_2025.pdf
NSUT,2025,R5,Round5,Delhi,EE,OBC,Gender-Neutral,160670,NSUT_Round5_2025.pdf
NSUT,2025,R5,Round5,Delhi,EE,OBC,Girl,301282,NSUT_Round5_2025.pdf
NSUT,2025,R5,Round5,Delhi,EE,SC,Gender-Neutral,341340,NSUT_Round5_2025.pdf
NSUT,2025,R5,Round5,Delhi,EE,SC,Girl,695557,NSUT_Round5_2025.pdf
NSUT,2025,R5,Round5,Delhi,EE,ST,Gender-Neutral,1150595,NSUT_Round5_2025.pdf
NSUT,2025,R5,Round5,Delhi,EE,General,Defense-CW,98553,NSUT_Round5_2025.pdf
NSUT,2025,R5,Round5,Delhi,EE,EWS,Defense-CW,202816,NSUT_Round5_2025.pdf
NSUT,2025,R5,Round5,Delhi,EE,OBC,Defense-CW,423231,NSUT_Round5_2025.pdf
NSUT,2025,R5,Round5,Delhi,EE,General,PwD,742149,NSUT_Round5_2025.pdf
NSUT,2025,R5,Round5,Delhi,ICE,General,Gender-Neutral,39133,NSUT_Round5_2025.pdf
NSUT,2025,R5,Round5,Delhi,ICE,General,Girl,72920,NSUT_Round5_2025.pdf
NSUT,2025,R5,Round5,Delhi,ICE,EWS,Gender-Neutral,103539,NSUT_Round5_2025.pdf
NSUT,2025,R5,Round5,Delhi,ICE,EWS,Girl,202641,NSUT_Round5_2025.pdf
NSUT,2025,R5,Round5,Delhi,ICE,OBC,Gender-Neutral,180826,NSUT_Round5_2025.pdf
NSUT,2025,R5,Round5,Delhi,ICE,OBC,Girl,355443,NSUT_Round5_2025.pdf
NSUT,2025,R5,Round5,Delhi,ICE,SC,Gender-Neutral,463839,NSUT_Round5_2025.pdf
NSUT,2025,R5,Round5,Delhi,ICE,SC,Girl,701184,NSUT_Round5_2025.pdf
NSUT,2025,R5,Round5,Delhi,ICE,General,Defense-CW,110653,NSUT_Round5_2025.pdf
NSUT,2025,R5,Round5,Delhi,ICE,EWS,Defense-CW,254388,NSUT_Round5_2025.pdf
NSUT,2025,R5,Round5,Delhi,ICE,OBC,Defense-CW,451813,NSUT_Round5_2025.pdf
NSUT,2025,R5,Round5,Delhi,ICE,General,PwD,1053928,NSUT_Round5_2025.pdf
NSUT,2025,R5,Round5,Delhi,ME,General,Gender-Neutral,48319,NSUT_Round5_2025.pdf
NSUT,2025,R5,Round5,Delhi,ME,General,Girl,86822,NSUT_Round5_2025.pdf
NSUT,2025,R5,Round5,Delhi,ME,EWS,Gender-Neutral,123175,NSUT_Round5_2025.pdf
NSUT,2025,R5,Round5,Delhi,ME,EWS,Girl,210150,NSUT_Round5_2025.pdf
NSUT,2025,R5,Round5,Delhi,ME,OBC,Gender-Neutral,207591,NSUT_Round5_2025.pdf
NSUT,2025,R5,Round5,Delhi,ME,OBC,Girl,432106,NSUT_Round5_2025.pdf
NSUT,2025,R5,Round5,Delhi,ME,SC,Gender-Neutral,474963,NSUT_Round5_2025.pdf
NSUT,2025,R5,Round5,Delhi,ME,SC,Girl,761432,NSUT_Round5_2025.pdf
NSUT,2025,R5,Round5,Delhi,ME,ST,Gender-Neutral,904236,NSUT_Round5_2025.pdf
NSUT,2025,R5,Round5,Delhi,ME,General,Defense-CW,151116,NSUT_Round5_2025.pdf
NSUT,2025,R5,Round5,Delhi,ME,EWS,Defense-CW,273836,NSUT_Round5_2025.pdf
NSUT,2025,R5,Round5,Delhi,ME,OBC,Defense-CW,626103,NSUT_Round5_2025.pdf
NSUT,2025,R5,Round5,Delhi,ME,General,PwD,1242095,NSUT_Round5_2025.pdf
NSUT,2025,R5,Round5,Delhi,BT,General,Gender-Neutral,60434,NSUT_Round5_2025.pdf
NSUT,2025,R5,Round5,Delhi,BT,General,Girl,88803,NSUT_Round5_2025.pdf
NSUT,2025,R5,Round5,Delhi,BT,EWS,Gender-Neutral,151099,NSUT_Round5_2025.pdf
NSUT,2025,R5,Round5,Delhi,BT,EWS,Girl,201548,NSUT_Round5_2025.pdf
NSUT,2025,R5,Round5,Delhi,BT,OBC,Gender-Neutral,259953,NSUT_Round5_2025.pdf
NSUT,2025,R5,Round5,Delhi,BT,OBC,Girl,377127,NSUT_Round5_2025.pdf
NSUT,2025,R5,Round5,Delhi,BT,SC,Gender-Neutral,529169,NSUT_Round5_2025.pdf
NSUT,2025,R5,Round5,Delhi,BT,SC,Girl,677932,NSUT_Round5_2025.pdf
NSUT,2025,R5,Round5,Delhi,BT,General,Defense-CW,175286,NSUT_Round5_2025.pdf
NSUT,2025,R5,Round5,Delhi,BT,OBC,Defense-CW,1063589,NSUT_Round5_2025.pdf
NSUT,2025,R5,Round5,Delhi,BT,General,PwD,1448255,NSUT_Round5_2025.pdf
NSUT,2025,R5,Round5,Delhi,CSDA*,General,Gender-Neutral,28092,NSUT_Round5_2025.pdf
NSUT,2025,R5,Round5,Delhi,CSDA*,General,Girl,46242,NSUT_Round5_2025.pdf
NSUT,2025,R5,Round5,Delhi,CSDA*,EWS,Gender-Neutral,59210,NSUT_Round5_2025.pdf
NSUT,2025,R5,Round5,Delhi,CSDA*,EWS,Girl,115204,NSUT_Round5_2025.pdf
NSUT,2025,R5,Round5,Delhi,CSDA*,OBC,Gender-Neutral,120050,NSUT_Round5_2025.pdf
NSUT,2025,R5,Round5,Delhi,CSDA*,OBC,Girl,147461,NSUT_Round5_2025.pdf
NSUT,2025,R5,Round5,Delhi,CSDA*,SC,Gender-Neutral,233900,NSUT_Round5_2025.pdf
NSUT,2025,R5,Round5,Delhi,CSDA*,SC,Girl,441677,NSUT_Round5_2025.pdf
NSUT,2025,R5,Round5,Delhi,CSDA*,ST,Gender-Neutral,1171733,NSUT_Round5_2025.pdf
NSUT,2025,R5,Round5,Delhi,CSDA*,General,Defense-CW,57247,NSUT_Round5_2025.pdf
NSUT,2025,R5,Round5,Delhi,CSDA*,OBC,Defense-CW,211511,NSUT_Round5_2025.pdf
NSUT,2025,R5,Round5,Delhi,CSDA*,General,PwD,255186,NSUT_Round5_2025.pdf
NSUT,2025,R5,Round5,Delhi,CSDA*,EWS,PwD,641169,NSUT_Round5_2025.pdf
NSUT,2025,R5,Round5,Delhi,CIOT*,General,Gender-Neutral,31856,NSUT_Round5_2025.pdf
NSUT,2025,R5,Round5,Delhi,CIOT*,General,Girl,52490,NSUT_Round5_2025.pdf
NSUT,2025,R5,Round5,Delhi,CIOT*,EWS,Gender-Neutral,73974,NSUT_Round5_2025.pdf
NSUT,2025,R5,Round5,Delhi,CIOT*,EWS,Girl,118353,NSUT_Round5_2025.pdf
NSUT,2025,R5,Round5,Delhi,CIOT*,OBC,Gender-Neutral,137360,NSUT_Round5_2025.pdf
NSUT,2025,R5,Round5,Delhi,CIOT*,OBC,Girl,281905,NSUT_Round5_2025.pdf
NSUT,2025,R5,Round5,Delhi,CIOT*,SC,Gender-Neutral,247976,NSUT_Round5_2025.pdf
NSUT,2025,R5,Round5,Delhi,CIOT*,SC,Girl,477611,NSUT_Round5_2025.pdf
NSUT,2025,R5,Round5,Delhi,CIOT*,ST,Gender-Neutral,1220645,NSUT_Round5_2025.pdf
NSUT,2025,R5,Round5,Delhi,CIOT*,ST,Girl,1239050,NSUT_Round5_2025.pdf
NSUT,2025,R5,Round5,Delhi,CIOT*,General,Defense-CW,71270,NSUT_Round5_2025.pdf
NSUT,2025,R5,Round5,Delhi,CIOT*,EWS,Defense-CW,185420,NSUT_Round5_2025.pdf
NSUT,2025,R5,Round5,Delhi,CIOT*,General,PwD,354232,NSUT_Round5_2025.pdf
NSUT,2025,R5,Round5,Delhi,ECAM*,General,Gender-Neutral,36172,NSUT_Round5_2025.pdf
NSUT,2025,R5,Round5,Delhi,ECAM*,General,Girl,69943,NSUT_Round5_2025.pdf
NSUT,2025,R5,Round5,Delhi,ECAM*,EWS,Gender-Neutral,88776,NSUT_Round5_2025.pdf
NSUT,2025,R5,Round5,Delhi,ECAM*,EWS,Girl,193549,NSUT_Round5_2025.pdf
NSUT,2025,R5,Round5,Delhi,ECAM*,OBC,Gender-Neutral,160492,NSUT_Round5_2025.pdf
NSUT,2025,R5,Round5,Delhi,ECAM*,OBC,Girl,329782,NSUT_Round5_2025.pdf
NSUT,2025,R5,Round5,Delhi,ECAM*,SC,Gender-Neutral,348748,NSUT_Round5_2025.pdf
NSUT,2025,R5,Round5,Delhi,ECAM*,SC,Girl,638238,NSUT_Round5_2025.pdf
NSUT,2025,R5,Round5,Delhi,ECAM*,ST,Gender-Neutral,1248079,NSUT_Round5_2025.pdf
NSUT,2025,R5,Round5,Delhi,ECAM*,General,Defense-CW,86806,NSUT_Round5_2025.pdf
NSUT,2025,R5,Round5,Delhi,ECAM*,EWS,Defense-CW,262562,NSUT_Round5_2025.pdf
NSUT,2025,R5,Round5,Delhi,ECAM*,OBC,Defense-CW,344946,NSUT_Round5_2025.pdf
NSUT,2025,R5,Round5,Delhi,ECAM*,General,PwD,537380,NSUT_Round5_2025.pdf
NSUT,2025,R5,Round5,Delhi,MEEV**,General,Gender-Neutral,55009,NSUT_Round5_2025.pdf
NSUT,2025,R5,Round5,Delhi,MEEV**,General,Girl,90397,NSUT_Round5_2025.pdf
NSUT,2025,R5,Round5,Delhi,MEEV**,EWS,Gender-Neutral,150283,NSUT_Round5_2025.pdf
NSUT,2025,R5,Round5,Delhi,MEEV**,EWS,Girl,235810,NSUT_Round5_2025.pdf
NSUT,2025,R5,Round5,Delhi,MEEV**,OBC,Gender-Neutral,253256,NSUT_Round5_2025.pdf
NSUT,2025,R5,Round5,Delhi,MEEV**,OBC,Girl,450893,NSUT_Round5_2025.pdf
NSUT,2025,R5,Round5,Delhi,MEEV**,SC,Gender-Neutral,495675,NSUT_Round5_2025.pdf
NSUT,2025,R5,Round5,Delhi,MEEV**,SC,Girl,809371,NSUT_Round5_2025.pdf
NSUT,2025,R5,Round5,Delhi,MEEV**,General,Defense-CW,152353,NSUT_Round5_2025.pdf
NSUT,2025,R5,Round5,Delhi,MEEV**,OBC,Defense-CW,1434042,NSUT_Round5_2025.pdf
NSUT,2025,R5,Round5,Delhi,MEEV**,General,PwD,1301768,NSUT_Round5_2025.pdf
NSUT,2025,R5,Round5,Delhi,CE**,General,Gender-Neutral,61299,NSUT_Round5_2025.pdf
NSUT,2025,R5,Round5,Delhi,CE**,General,Girl,95702,NSUT_Round5_2025.pdf
NSUT,2025,R5,Round5,Delhi,CE**,EWS,Gender-Neutral,158357,NSUT_Round5_2025.pdf
NSUT,2025,R5,Round5,Delhi,CE**,EWS,Girl,249387,NSUT_Round5_2025.pdf
NSUT,2025,R5,Round5,Delhi,CE**,OBC,Gender-Neutral,262325,NSUT_Round5_2025.pdf
NSUT,2025,R5,Round5,Delhi,CE**,OBC,Girl,454862,NSUT_Round5_2025.pdf
NSUT,2025,R5,Round5,Delhi,CE**,SC,Gender-Neutral,533192,NSUT_Round5_2025.pdf
NSUT,2025,R5,Round5,Delhi,CE**,SC,Girl,770451,NSUT_Round5_2025.pdf
NSUT,2025,R5,Round5,Delhi,CE**,ST,Gender-Neutral,609755,NSUT_Round5_2025.pdf
NSUT,2025,R5,Round5,Delhi,CE**,General,Defense-CW,174482,NSUT_Round5_2025.pdf
NSUT,2025,R5,Round5,Delhi,GI**,General,Gender-Neutral,62530,NSUT_Round5_2025.pdf
NSUT,2025,R5,Round5,Delhi,GI**,General,Girl,95857,NSUT_Round5_2025.pdf
NSUT,2025,R5,Round5,Delhi,GI**,EWS,Gender-Neutral,159500,NSUT_Round5_2025.pdf
NSUT,2025,R5,Round5,Delhi,GI**,EWS,Girl,247319,NSUT_Round5_2025.pdf
NSUT,2025,R5,Round5,Delhi,GI**,OBC,Gender-Neutral,266294,NSUT_Round5_2025.pdf
NSUT,2025,R5,Round5,Delhi,GI**,OBC,Girl,444865,NSUT_Round5_2025.pdf
NSUT,2025,R5,Round5,Delhi,GI**,SC,Gender-Neutral,546256,NSUT_Round5_2025.pdf
NSUT,2025,R5,Round5,Delhi,GI**,SC,Girl,827708,NSUT_Round5_2025.pdf
NSUT,2025,R5,Round5,Delhi,GI**,General,Defense-CW,164724,NSUT_Round5_2025.pdf
NSUT,2025,R5,Round5,Delhi,GI**,OBC,Defense-CW,281850,NSUT_Round5_2025.pdf
NSUT,2025,R5,Round5,Delhi,B.Arch.**,General,Gender-Neutral,2998,NSUT_Round5_2025.pdf
NSUT,2025,R5,Round5,Delhi,B.Arch.**,EWS,Gender-Neutral,22788,NSUT_Round5_2025.pdf
NSUT,2025,R5,Round5,Delhi,B.Arch.**,OBC,Gender-Neutral,15543,NSUT_Round5_2025.pdf
NSUT,2025,R5,Round5,Delhi,B.Arch.**,SC,Gender-Neutral,22729,NSUT_Round5_2025.pdf
NSUT,2025,R5,Round5,Delhi,B.Arch.**,ST,Gender-Neutral,14047,NSUT_Round5_2025.pdf
NSUT,2025,R5,Round5,Delhi,B.Arch.**,General,Defense-CW,5785,NSUT_Round5_2025.pdf
NSUT,2025,R5,Round5,Outside-Delhi,Branch CSAI,General,Gender-Neutral,6050,NSUT_Round5_2025.pdf
NSUT,2025,R5,Round5,Outside-Delhi,Branch CSAI,General,Girl,7408,NSUT_Round5_2025.pdf
NSUT,2025,R5,Round5,Outside-Delhi,Branch CSAI,EWS,Gender-Neutral,9647,NSUT_Round5_2025.pdf
NSUT,2025,R5,Round5,Outside-Delhi,Branch CSAI,EWS,Girl,16975,NSUT_Round5_2025.pdf
NSUT,2025,R5,Round5,Outside-Delhi,Branch CSAI,OBC,Gender-Neutral,14512,NSUT_Round5_2025.pdf
NSUT,2025,R5,Round5,Outside-Delhi,Branch CSAI,OBC,Girl,20185,NSUT_Round5_2025.pdf
NSUT,2025,R5,Round5,Outside-Delhi,Branch CSAI,SC,Gender-Neutral,55963,NSUT_Round5_2025.pdf
NSUT,2025,R5,Round5,Outside-Delhi,Branch CSAI,ST,Gender-Neutral,133524,NSUT_Round5_2025.pdf
NSUT,2025,R5,Round5,Outside-Delhi,Branch CSAI,General,Defense-CW,39666,NSUT_Round5_2025.pdf
NSUT,2025,R5,Round5,Outside-Delhi,CSE,General,Gender-Neutral,6249,NSUT_Round5_2025.pdf
NSUT,2025,R5,Round5,Outside-Delhi,CSE,General,Girl,7495,NSUT_Round5_2025.pdf
NSUT,2025,R5,Round5,Outside-Delhi,CSE,EWS,Gender-Neutral,9255,NSUT_Round5_2025.pdf
NSUT,2025,R5,Round5,Outside-Delhi,CSE,OBC,Gender-Neutral,15149,NSUT_Round5_2025.pdf
NSUT,2025,R5,Round5,Outside-Delhi,CSE,OBC,Girl,22041,NSUT_Round5_2025.pdf
NSUT,2025,R5,Round5,Outside-Delhi,CSE,SC,Gender-Neutral,55475,NSUT_Round5_2025.pdf
NSUT,2025,R5,Round5,Outside-Delhi,CSE,SC,Girl,56400,NSUT_Round5_2025.pdf
NSUT,2025,R5,Round5,Outside-Delhi,CSE,ST,Gender-Neutral,125637,NSUT_Round5_2025.pdf
NSUT,2025,R5,Round5,Outside-Delhi,CSE,General,Defense-CW,782499,NSUT_Round5_2025.pdf
NSUT,2025,R5,Round5,Outside-Delhi,CSE,EWS,Defense-CW,56383,NSUT_Round5_2025.pdf
NSUT,2025,R5,Round5,Outside-Delhi,CSE,General,PwD,83599,NSUT_Round5_2025.pdf
NSUT,2025,R5,Round5,Outside-Delhi,CSE,OBC,PwD,175269,NSUT_Round5_2025.pdf
NSUT,2025,R5,Round5,Outside-Delhi,CSDS,General,Gender-Neutral,7037,NSUT_Round5_2025.pdf
NSUT,2025,R5,Round5,Outside-Delhi,CSDS,EWS,Gender-Neutral,10560,NSUT_Round5_2025.pdf
NSUT,2025,R5,Round5,Outside-Delhi,CSDS,EWS,Girl,19699,NSUT_Round5_2025.pdf
NSUT,2025,R5,Round5,Outside-Delhi,CSDS,OBC,Gender-Neutral,16330,NSUT_Round5_2025.pdf
NSUT,2025,R5,Round5,Outside-Delhi,CSDS,SC,Gender-Neutral,60975,NSUT_Round5_2025.pdf
NSUT,2025,R5,Round5,Outside-Delhi,CSDS,SC,Girl,97521,NSUT_Round5_2025.pdf
NSUT,2025,R5,Round5,Outside-Delhi,CSDS,ST,Gender-Neutral,156622,NSUT_Round5_2025.pdf
NSUT,2025,R5,Round5,Outside-Delhi,IT,General,Gender-Neutral,7651,NSUT_Round5_2025.pdf
NSUT,2025,R5,Round5,Outside-Delhi,IT,General,Girl,11578,NSUT_Round5_2025.pdf
NSUT,2025,R5,Round5,Outside-Delhi,IT,EWS,Gender-Neutral,11736,NSUT_Round5_2025.pdf
NSUT,2025,R5,Round5,Outside-Delhi,IT,OBC,Gender-Neutral,16836,NSUT_Round5_2025.pdf
NSUT,2025,R5,Round5,Outside-Delhi,IT,OBC,Girl,25912,NSUT_Round5_2025.pdf
NSUT,2025,R5,Round5,Outside-Delhi,IT,SC,Gender-Neutral,76142,NSUT_Round5_2025.pdf
NSUT,2025,R5,Round5,Outside-Delhi,IT,SC,Girl,104350,NSUT_Round5_2025.pdf
NSUT,2025,R5,Round5,Outside-Delhi,IT,ST,Gender-Neutral,140115,NSUT_Round5_2025.pdf
NSUT,2025,R5,Round5,Outside-Delhi,IT,OBC,Defense-CW,34677,NSUT_Round5_2025.pdf
NSUT,2025,R5,Round5,Outside-Delhi,IT,General,PwD,134260,NSUT_Round5_2025.pdf
NSUT,2025,R5,Round5,Outside-Delhi,ITNS,General,Gender-Neutral,8583,NSUT_Round5_2025.pdf
NSUT,2025,R5,Round5,Outside-Delhi,ITNS,General,Girl,13117,NSUT_Round5_2025.pdf
NSUT,2025,R5,Round5,Outside-Delhi,ITNS,EWS,Gender-Neutral,12655,NSUT_Round5_2025.pdf
NSUT,2025,R5,Round5,Outside-Delhi,ITNS,OBC,Gender-Neutral,17594,NSUT_Round5_2025.pdf
NSUT,2025,R5,Round5,Outside-Delhi,ITNS,SC,Gender-Neutral,85191,NSUT_Round5_2025.pdf
NSUT,2025,R5,Round5,Outside-Delhi,ITNS,ST,Gender-Neutral,183056,NSUT_Round5_2025.pdf
NSUT,2025,R5,Round5,Outside-Delhi,ITNS,ST,Girl,213349,NSUT_Round5_2025.pdf
NSUT,2025,R5,Round5,Outside-Delhi,MAC,General,Gender-Neutral,7841,NSUT_Round5_2025.pdf
NSUT,2025,R5,Round5,Outside-Delhi,MAC,General,Girl,12382,NSUT_Round5_2025.pdf
NSUT,2025,R5,Round5,Outside-Delhi,MAC,EWS,Gender-Neutral,12102,NSUT_Round5_2025.pdf
NSUT,2025,R5,Round5,Outside-Delhi,MAC,OBC,Gender-Neutral,18719,NSUT_Round5_2025.pdf
NSUT,2025,R5,Round5,Outside-Delhi,MAC,OBC,Girl,37144,NSUT_Round5_2025.pdf
NSUT,2025,R5,Round5,Outside-Delhi,MAC,SC,Gender-Neutral,83360,NSUT_Round5_2025.pdf
NSUT,2025,R5,Round5,Outside-Delhi,MAC,ST,Gender-Neutral,162475,NSUT_Round5_2025.pdf
NSUT,2025,R5,Round5,Outside-Delhi,ECE,General,Gender-Neutral,9819,NSUT_Round5_2025.pdf
NSUT,2025,R5,Round5,Outside-Delhi,ECE,General,Girl,15817,NSUT_Round5_2025.pdf
NSUT,2025,R5,Round5,Outside-Delhi,ECE,EWS,Gender-Neutral,14401,NSUT_Round5_2025.pdf
NSUT,2025,R5,Round5,Outside-Delhi,ECE,EWS,Girl,20804,NSUT_Round5_2025.pdf
NSUT,2025,R5,Round5,Outside-Delhi,ECE,OBC,Gender-Neutral,20462,NSUT_Round5_2025.pdf
NSUT,2025,R5,Round5,Outside-Delhi,ECE,OBC,Girl,41404,NSUT_Round5_2025.pdf
NSUT,2025,R5,Round5,Outside-Delhi,ECE,SC,Gender-Neutral,93958,NSUT_Round5_2025.pdf
NSUT,2025,R5,Round5,Outside-Delhi,ECE,SC,Girl,145778,NSUT_Round5_2025.pdf
NSUT,2025,R5,Round5,Outside-Delhi,ECE,ST,Gender-Neutral,209471,NSUT_Round5_2025.pdf
NSUT,2025,R5,Round5,Outside-Delhi,ECE,ST,Girl,283057,NSUT_Round5_2025.pdf
NSUT,2025,R5,Round5,Outside-Delhi,ECE,General,PwD,183097,NSUT_Round5_2025.pdf
NSUT,2025,R5,Round5,Outside-Delhi,ECE,EWS,PwD,177579,NSUT_Round5_2025.pdf
NSUT,2025,R5,Round5,Outside-Delhi,ECE,OBC,PwD,399184,NSUT_Round5_2025.pdf
NSUT,2025,R5,Round5,Outside-Delhi,EVDT,General,Gender-Neutral,10438,NSUT_Round5_2025.pdf
NSUT,2025,R5,Round5,Outside-Delhi,EVDT,General,Girl,14764,NSUT_Round5_2025.pdf
NSUT,2025,R5,Round5,Outside-Delhi,EVDT,EWS,Gender-Neutral,14473,NSUT_Round5_2025.pdf
NSUT,2025,R5,Round5,Outside-Delhi,EVDT,OBC,Gender-Neutral,21325,NSUT_Round5_2025.pdf
NSUT,2025,R5,Round5,Outside-Delhi,EVDT,OBC,Girl,42156,NSUT_Round5_2025.pdf
NSUT,2025,R5,Round5,Outside-Delhi,EVDT,SC,Gender-Neutral,105707,NSUT_Round5_2025.pdf
NSUT,2025,R5,Round5,Outside-Delhi,EVDT,ST,Gender-Neutral,212888,NSUT_Round5_2025.pdf
NSUT,2025,R5,Round5,Outside-Delhi,EE,General,Gender-Neutral,11618,NSUT_Round5_2025.pdf
NSUT,2025,R5,Round5,Outside-Delhi,EE,General,Girl,19079,NSUT_Round5_2025.pdf
NSUT,2025,R5,Round5,Outside-Delhi,EE,EWS,Gender-Neutral,17516,NSUT_Round5_2025.pdf
NSUT,2025,R5,Round5,Outside-Delhi,EE,OBC,Gender-Neutral,25227,NSUT_Round5_2025.pdf
NSUT,2025,R5,Round5,Outside-Delhi,EE,OBC,Girl,33912,NSUT_Round5_2025.pdf
NSUT,2025,R5,Round5,Outside-Delhi,EE,SC,Gender-Neutral,110025,NSUT_Round5_2025.pdf
NSUT,2025,R5,Round5,Outside-Delhi,EE,ST,Gender-Neutral,218317,NSUT_Round5_2025.pdf
NSUT,2025,R5,Round5,Outside-Delhi,EE,ST,Girl,247867,NSUT_Round5_2025.pdf
NSUT,2025,R5,Round5,Outside-Delhi,EE,General,Defense-CW,78306,NSUT_Round5_2025.pdf
NSUT,2025,R5,Round5,Outside-Delhi,EE,OBC,Defense-CW,144979,NSUT_Round5_2025.pdf
NSUT,2025,R5,Round5,Outside-Delhi,ICE,General,Gender-Neutral,13847,NSUT_Round5_2025.pdf
NSUT,2025,R5,Round5,Outside-Delhi,ICE,General,Girl,23043,NSUT_Round5_2025.pdf
NSUT,2025,R5,Round5,Outside-Delhi,ICE,EWS,Gender-Neutral,19321,NSUT_Round5_2025.pdf
NSUT,2025,R5,Round5,Outside-Delhi,ICE,OBC,Gender-Neutral,27177,NSUT_Round5_2025.pdf
NSUT,2025,R5,Round5,Outside-Delhi,ICE,OBC,Girl,56664,NSUT_Round5_2025.pdf
NSUT,2025,R5,Round5,Outside-Delhi,ICE,SC,Gender-Neutral,112825,NSUT_Round5_2025.pdf
NSUT,2025,R5,Round5,Outside-Delhi,ICE,SC,Girl,173934,NSUT_Round5_2025.pdf
NSUT,2025,R5,Round5,Outside-Delhi,ICE,ST,Gender-Neutral,244269,NSUT_Round5_2025.pdf
NSUT,2025,R5,Round5,Outside-Delhi,ICE,General,Defense-CW,289085,NSUT_Round5_2025.pdf
NSUT,2025,R5,Round5,Outside-Delhi,ICE,ST,Defense-CW,482416,NSUT_Round5_2025.pdf
NSUT,2025,R5,Round5,Outside-Delhi,ICE,General,PwD,219332,NSUT_Round5_2025.pdf
NSUT,2025,R5,Round5,Outside-Delhi,ME,General,Gender-Neutral,16519,NSUT_Round5_2025.pdf
NSUT,2025,R5,Round5,Outside-Delhi,ME,General,Girl,27680,NSUT_Round5_2025.pdf
NSUT,2025,R5,Round5,Outside-Delhi,ME,EWS,Gender-Neutral,20721,NSUT_Round5_2025.pdf
NSUT,2025,R5,Round5,Outside-Delhi,ME,EWS,Girl,40866,NSUT_Round5_2025.pdf
NSUT,2025,R5,Round5,Outside-Delhi,ME,OBC,Gender-Neutral,30636,NSUT_Round5_2025.pdf
NSUT,2025,R5,Round5,Outside-Delhi,ME,OBC,Girl,59034,NSUT_Round5_2025.pdf
NSUT,2025,R5,Round5,Outside-Delhi,ME,SC,Gender-Neutral,137329,NSUT_Round5_2025.pdf
NSUT,2025,R5,Round5,Outside-Delhi,ME,SC,Girl,192039,NSUT_Round5_2025.pdf
NSUT,2025,R5,Round5,Outside-Delhi,ME,ST,Gender-Neutral,224750,NSUT_Round5_2025.pdf
NSUT,2025,R5,Round5,Outside-Delhi,ME,SC,Defense-CW,325646,NSUT_Round5_2025.pdf
NSUT,2025,R5,Round5,Outside-Delhi,ME,General,PwD,406907,NSUT_Round5_2025.pdf
NSUT,2025,R5,Round5,Outside-Delhi,ME,OBC,PwD,876697,NSUT_Round5_2025.pdf
NSUT,2025,R5,Round5,Outside-Delhi,BT,General,Gender-Neutral,19843,NSUT_Round5_2025.pdf
NSUT,2025,R5,Round5,Outside-Delhi,BT,General,Girl,29417,NSUT_Round5_2025.pdf
NSUT,2025,R5,Round5,Outside-Delhi,BT,EWS,Gender-Neutral,29025,NSUT_Round5_2025.pdf
NSUT,2025,R5,Round5,Outside-Delhi,BT,OBC,Gender-Neutral,35321,NSUT_Round5_2025.pdf
NSUT,2025,R5,Round5,Outside-Delhi,BT,OBC,Girl,59579,NSUT_Round5_2025.pdf
NSUT,2025,R5,Round5,Outside-Delhi,BT,SC,Gender-Neutral,140153,NSUT_Round5_2025.pdf
NSUT,2025,R5,Round5,Outside-Delhi,BT,ST,Gender-Neutral,239753,NSUT_Round5_2025.pdf
NSUT,2025,R5,Round5,Outside-Delhi,BT,SC,Defense-CW,350483,NSUT_Round5_2025.pdf
NSUT,2025,R5,Round5,Outside-Delhi,CSDA*,General,Gender-Neutral,9434,NSUT_Round5_2025.pdf
NSUT,2025,R5,Round5,Outside-Delhi,CSDA*,EWS,Gender-Neutral,11876,NSUT_Round5_2025.pdf
NSUT,2025,R5,Round5,Outside-Delhi,CSDA*,OBC,Gender-Neutral,21820,NSUT_Round5_2025.pdf
NSUT,2025,R5,Round5,Outside-Delhi,CSDA*,OBC,Girl,44817,NSUT_Round5_2025.pdf
NSUT,2025,R5,Round5,Outside-Delhi,CSDA*,SC,Gender-Neutral,96278,NSUT_Round5_2025.pdf
NSUT,2025,R5,Round5,Outside-Delhi,CSDA*,SC,Girl,147133,NSUT_Round5_2025.pdf
NSUT,2025,R5,Round5,Outside-Delhi,CSDA*,ST,Gender-Neutral,218154,NSUT_Round5_2025.pdf
NSUT,2025,R5,Round5,Outside-Delhi,CSDA*,General,PwD,92922,NSUT_Round5_2025.pdf
NSUT,2025,R5,Round5,Outside-Delhi,CIOT*,General,Gender-Neutral,9720,NSUT_Round5_2025.pdf
NSUT,2025,R5,Round5,Outside-Delhi,CIOT*,General,Girl,15228,NSUT_Round5_2025.pdf
NSUT,2025,R5,Round5,Outside-Delhi,CIOT*,EWS,Gender-Neutral,15113,NSUT_Round5_2025.pdf
NSUT,2025,R5,Round5,Outside-Delhi,CIOT*,OBC,Gender-Neutral,21003,NSUT_Round5_2025.pdf
NSUT,2025,R5,Round5,Outside-Delhi,CIOT*,OBC,Girl,49174,NSUT_Round5_2025.pdf
NSUT,2025,R5,Round5,Outside-Delhi,CIOT*,SC,Gender-Neutral,78579,NSUT_Round5_2025.pdf
NSUT,2025,R5,Round5,Outside-Delhi,CIOT*,ST,Gender-Neutral,216309,NSUT_Round5_2025.pdf
NSUT,2025,R5,Round5,Outside-Delhi,ECAM*,General,Gender-Neutral,10468,NSUT_Round5_2025.pdf
NSUT,2025,R5,Round5,Outside-Delhi,ECAM*,General,Girl,17121,NSUT_Round5_2025.pdf
NSUT,2025,R5,Round5,Outside-Delhi,ECAM*,EWS,Gender-Neutral,15296,NSUT_Round5_2025.pdf
NSUT,2025,R5,Round5,Outside-Delhi,ECAM*,EWS,Girl,37305,NSUT_Round5_2025.pdf
NSUT,2025,R5,Round5,Outside-Delhi,ECAM*,OBC,Gender-Neutral,22771,NSUT_Round5_2025.pdf
NSUT,2025,R5,Round5,Outside-Delhi,ECAM*,OBC,Girl,46105,NSUT_Round5_2025.pdf
NSUT,2025,R5,Round5,Outside-Delhi,ECAM*,SC,Gender-Neutral,100287,NSUT_Round5_2025.pdf
NSUT,2025,R5,Round5,Outside-Delhi,ECAM*,ST,Gender-Neutral,228033,NSUT_Round5_2025.pdf
NSUT,2025,R5,Round5,Outside-Delhi,ECAM*,ST,Girl,337465,NSUT_Round5_2025.pdf
NSUT,2025,R5,Round5,Outside-Delhi,ECAM*,General,Defense-CW,203290,NSUT_Round5_2025.pdf
NSUT,2025,R5,Round5,Outside-Delhi,ECAM*,EWS,Defense-CW,88647,NSUT_Round5_2025.pdf
NSUT,2025,R5,Round5,Outside-Delhi,ECAM*,OBC,PwD,625093,NSUT_Round5_2025.pdf
NSUT,2025,R5,Round5,Outside-Delhi,MEEV**,General,Gender-Neutral,17097,NSUT_Round5_2025.pdf
NSUT,2025,R5,Round5,Outside-Delhi,MEEV**,General,Girl,29213,NSUT_Round5_2025.pdf
NSUT,2025,R5,Round5,Outside-Delhi,MEEV**,EWS,Gender-Neutral,24542,NSUT_Round5_2025.pdf
NSUT,2025,R5,Round5,Outside-Delhi,MEEV**,OBC,Gender-Neutral,32224,NSUT_Round5_2025.pdf
NSUT,2025,R5,Round5,Outside-Delhi,MEEV**,OBC,Girl,60621,NSUT_Round5_2025.pdf
NSUT,2025,R5,Round5,Outside-Delhi,MEEV**,SC,Gender-Neutral,137631,NSUT_Round5_2025.pdf
NSUT,2025,R5,Round5,Outside-Delhi,MEEV**,ST,Gender-Neutral,241881,NSUT_Round5_2025.pdf
NSUT,2025,R5,Round5,Outside-Delhi,CE**,General,Gender-Neutral,19710,NSUT_Round5_2025.pdf
NSUT,2025,R5,Round5,Outside-Delhi,CE**,General,Girl,31837,NSUT_Round5_2025.pdf
NSUT,2025,R5,Round5,Outside-Delhi,CE**,EWS,Gender-Neutral,26493,NSUT_Round5_2025.pdf
NSUT,2025,R5,Round5,Outside-Delhi,CE**,EWS,Girl,45683,NSUT_Round5_2025.pdf
NSUT,2025,R5,Round5,Outside-Delhi,CE**,OBC,Gender-Neutral,34275,NSUT_Round5_2025.pdf
NSUT,2025,R5,Round5,Outside-Delhi,CE**,SC,Gender-Neutral,140563,NSUT_Round5_2025.pdf
NSUT,2025,R5,Round5,Outside-Delhi,CE**,OBC,Defense-CW,49854,NSUT_Round5_2025.pdf
NSUT,2025,R5,Round5,Outside-Delhi,GI**,General,Gender-Neutral,20300,NSUT_Round5_2025.pdf
NSUT,2025,R5,Round5,Outside-Delhi,GI**,General,Girl,30438,NSUT_Round5_2025.pdf
NSUT,2025,R5,Round5,Outside-Delhi,GI**,OBC,Gender-Neutral,35734,NSUT_Round5_2025.pdf
NSUT,2025,R5,Round5,Outside-Delhi,GI**,SC,Gender-Neutral,148808,NSUT_Round5_2025.pdf
NSUT,2025,R5,Round5,Outside-Delhi,GI**,ST,Gender-Neutral,254058,NSUT_Round5_2025.pdf
NSUT,2025,R5,Round5,Outside-Delhi,B.Arch.**,General,Gender-Neutral,1107,NSUT_Round5_2025.pdf
NSUT,2025,R5,Round5,Outside-Delhi,B.Arch.**,EWS,Gender-Neutral,2905,NSUT_Round5_2025.pdf
NSUT,2025,R5,Round5,Outside-Delhi,B.Arch.**,OBC,Gender-Neutral,2387,NSUT_Round5_2025.pdf
NSUT,2025,R5,Round5,Outside-Delhi,B.Arch.**,SC,Gender-Neutral,2797,NSUT_Round5_2025.pdf
